job,key,calc_id,sources,gmm,trunc,site_params,n_realizations
c_cr_cap65,06851c9a,212,"{""cr-cap65-phi050__mobs__tgr"": ""cap_mag-6.5_fault_mmin-6.5"", ""cr-cap65-phi050__mobs__tap"": ""cap_mag-6.5_fault_mmin-6.5"", ""cr-cap65-phi050__mgeo__tgr"": ""cap_mag-6.5_fault_mmin-6.5"", ""cr-cap65-phi050__mgeo__tap"": ""cap_mag-6.5_fault_mmin-6.5"", ""cr-cap65-phi075__mobs__tgr"": ""cap_mag-6.5_fault_mmin-6.5"", ""cr-cap65-phi075__mobs__tap"": ""cap_mag-6.5_fault_mmin-6.5"", ""cr-cap65-phi075__mgeo__tgr"": ""cap_mag-6.5_fault_mmin-6.5"", ""cr-cap65-phi075__mgeo__tap"": ""cap_mag-6.5_fault_mmin-6.5"", ""cr-cap65-phi100__mobs__tgr"": ""cap_mag-6.5_fault_mmin-6.5"", ""cr-cap65-phi100__mobs__tap"": ""cap_mag-6.5_fault_mmin-6.5"", ""cr-cap65-phi100__mgeo__tgr"": ""cap_mag-6.5_fault_mmin-6.5"", ""cr-cap65-phi100__mgeo__tap"": ""cap_mag-6.5_fault_mmin-6.5""}","{""Active Shallow Crust"": [""AbrahamsonEtAl2014"", ""BooreEtAl2014"", ""CampbellBozorgnia2014"", ""ChiouYoungs2014""]}",3.0,{},48
c_cr_cls_fix,9831c801,253,"{""cr-cls_fix-phi050__mobs__tgr"": ""cat_variant-fixdep_if"", ""cr-cls_fix-phi050__mobs__tap"": ""cat_variant-fixdep_if"", ""cr-cls_fix-phi050__mgeo__tgr"": ""cat_variant-fixdep_if"", ""cr-cls_fix-phi050__mgeo__tap"": ""cat_variant-fixdep_if"", ""cr-cls_fix-phi075__mobs__tgr"": ""cat_variant-fixdep_if"", ""cr-cls_fix-phi075__mobs__tap"": ""cat_variant-fixdep_if"", ""cr-cls_fix-phi075__mgeo__tgr"": ""cat_variant-fixdep_if"", ""cr-cls_fix-phi075__mgeo__tap"": ""cat_variant-fixdep_if"", ""cr-cls_fix-phi100__mobs__tgr"": ""cat_variant-fixdep_if"", ""cr-cls_fix-phi100__mobs__tap"": ""cat_variant-fixdep_if"", ""cr-cls_fix-phi100__mgeo__tgr"": ""cat_variant-fixdep_if"", ""cr-cls_fix-phi100__mgeo__tap"": ""cat_variant-fixdep_if""}","{""Active Shallow Crust"": [""AbrahamsonEtAl2014"", ""BooreEtAl2014"", ""CampbellBozorgnia2014"", ""ChiouYoungs2014""]}",3.0,{},48
c_cr_cls_m5,8384b9e4,249,"{""cr-cls_m5-phi050__mobs__tgr"": ""cat_variant-tol_m5"", ""cr-cls_m5-phi050__mobs__tap"": ""cat_variant-tol_m5"", ""cr-cls_m5-phi050__mgeo__tgr"": ""cat_variant-tol_m5"", ""cr-cls_m5-phi050__mgeo__tap"": ""cat_variant-tol_m5"", ""cr-cls_m5-phi075__mobs__tgr"": ""cat_variant-tol_m5"", ""cr-cls_m5-phi075__mobs__tap"": ""cat_variant-tol_m5"", ""cr-cls_m5-phi075__mgeo__tgr"": ""cat_variant-tol_m5"", ""cr-cls_m5-phi075__mgeo__tap"": ""cat_variant-tol_m5"", ""cr-cls_m5-phi100__mobs__tgr"": ""cat_variant-tol_m5"", ""cr-cls_m5-phi100__mobs__tap"": ""cat_variant-tol_m5"", ""cr-cls_m5-phi100__mgeo__tgr"": ""cat_variant-tol_m5"", ""cr-cls_m5-phi100__mgeo__tap"": ""cat_variant-tol_m5""}","{""Active Shallow Crust"": [""AbrahamsonEtAl2014"", ""BooreEtAl2014"", ""CampbellBozorgnia2014"", ""ChiouYoungs2014""]}",3.0,{},48
c_cr_cls_p5,7f6a7780,250,"{""cr-cls_p5-phi050__mobs__tgr"": ""cat_variant-tol_p5"", ""cr-cls_p5-phi050__mobs__tap"": ""cat_variant-tol_p5"", ""cr-cls_p5-phi050__mgeo__tgr"": ""cat_variant-tol_p5"", ""cr-cls_p5-phi050__mgeo__tap"": ""cat_variant-tol_p5"", ""cr-cls_p5-phi075__mobs__tgr"": ""cat_variant-tol_p5"", ""cr-cls_p5-phi075__mobs__tap"": ""cat_variant-tol_p5"", ""cr-cls_p5-phi075__mgeo__tgr"": ""cat_variant-tol_p5"", ""cr-cls_p5-phi075__mgeo__tap"": ""cat_variant-tol_p5"", ""cr-cls_p5-phi100__mobs__tgr"": ""cat_variant-tol_p5"", ""cr-cls_p5-phi100__mobs__tap"": ""cat_variant-tol_p5"", ""cr-cls_p5-phi100__mgeo__tgr"": ""cat_variant-tol_p5"", ""cr-cls_p5-phi100__mgeo__tap"": ""cat_variant-tol_p5""}","{""Active Shallow Crust"": [""AbrahamsonEtAl2014"", ""BooreEtAl2014"", ""CampbellBozorgnia2014"", ""ChiouYoungs2014""]}",3.0,{},48
c_cr_dc_gruenthal,0d2f17d1,213,"{""cr-dc_gruenthal-phi050__mobs__tgr"": ""dc_method-gruenthal"", ""cr-dc_gruenthal-phi050__mobs__tap"": ""dc_method-gruenthal"", ""cr-dc_gruenthal-phi050__mgeo__tgr"": ""dc_method-gruenthal"", ""cr-dc_gruenthal-phi050__mgeo__tap"": ""dc_method-gruenthal"", ""cr-dc_gruenthal-phi075__mobs__tgr"": ""dc_method-gruenthal"", ""cr-dc_gruenthal-phi075__mobs__tap"": ""dc_method-gruenthal"", ""cr-dc_gruenthal-phi075__mgeo__tgr"": ""dc_method-gruenthal"", ""cr-dc_gruenthal-phi075__mgeo__tap"": ""dc_method-gruenthal"", ""cr-dc_gruenthal-phi100__mobs__tgr"": ""dc_method-gruenthal"", ""cr-dc_gruenthal-phi100__mobs__tap"": ""dc_method-gruenthal"", ""cr-dc_gruenthal-phi100__mgeo__tgr"": ""dc_method-gruenthal"", ""cr-dc_gruenthal-phi100__mgeo__tap"": ""dc_method-gruenthal""}","{""Active Shallow Crust"": [""AbrahamsonEtAl2014"", ""BooreEtAl2014"", ""CampbellBozorgnia2014"", ""ChiouYoungs2014""]}",3.0,{},48
c_cr_gmm_ask,6d1469f1,215,"{""cr-ref-phi050__mobs__tgr"": ""ref"", ""cr-ref-phi050__mobs__tap"": ""ref"", ""cr-ref-phi050__mgeo__tgr"": ""ref"", ""cr-ref-phi050__mgeo__tap"": ""ref"", ""cr-ref-phi075__mobs__tgr"": ""ref"", ""cr-ref-phi075__mobs__tap"": ""ref"", ""cr-ref-phi075__mgeo__tgr"": ""ref"", ""cr-ref-phi075__mgeo__tap"": ""ref"", ""cr-ref-phi100__mobs__tgr"": ""ref"", ""cr-ref-phi100__mobs__tap"": ""ref"", ""cr-ref-phi100__mgeo__tgr"": ""ref"", ""cr-ref-phi100__mgeo__tap"": ""ref""}","{""Active Shallow Crust"": [""AbrahamsonEtAl2014""]}",3.0,{},12
c_cr_gmm_bssa,e372d887,216,"{""cr-ref-phi050__mobs__tgr"": ""ref"", ""cr-ref-phi050__mobs__tap"": ""ref"", ""cr-ref-phi050__mgeo__tgr"": ""ref"", ""cr-ref-phi050__mgeo__tap"": ""ref"", ""cr-ref-phi075__mobs__tgr"": ""ref"", ""cr-ref-phi075__mobs__tap"": ""ref"", ""cr-ref-phi075__mgeo__tgr"": ""ref"", ""cr-ref-phi075__mgeo__tap"": ""ref"", ""cr-ref-phi100__mobs__tgr"": ""ref"", ""cr-ref-phi100__mobs__tap"": ""ref"", ""cr-ref-phi100__mgeo__tgr"": ""ref"", ""cr-ref-phi100__mgeo__tap"": ""ref""}","{""Active Shallow Crust"": [""BooreEtAl2014""]}",3.0,{},12
c_cr_gmm_cb,e0c348b8,217,"{""cr-ref-phi050__mobs__tgr"": ""ref"", ""cr-ref-phi050__mobs__tap"": ""ref"", ""cr-ref-phi050__mgeo__tgr"": ""ref"", ""cr-ref-phi050__mgeo__tap"": ""ref"", ""cr-ref-phi075__mobs__tgr"": ""ref"", ""cr-ref-phi075__mobs__tap"": ""ref"", ""cr-ref-phi075__mgeo__tgr"": ""ref"", ""cr-ref-phi075__mgeo__tap"": ""ref"", ""cr-ref-phi100__mobs__tgr"": ""ref"", ""cr-ref-phi100__mobs__tap"": ""ref"", ""cr-ref-phi100__mgeo__tgr"": ""ref"", ""cr-ref-phi100__mgeo__tap"": ""ref""}","{""Active Shallow Crust"": [""CampbellBozorgnia2014""]}",3.0,{},12
c_cr_gmm_cy,a95fcbbf,218,"{""cr-ref-phi050__mobs__tgr"": ""ref"", ""cr-ref-phi050__mobs__tap"": ""ref"", ""cr-ref-phi050__mgeo__tgr"": ""ref"", ""cr-ref-phi050__mgeo__tap"": ""ref"", ""cr-ref-phi075__mobs__tgr"": ""ref"", ""cr-ref-phi075__mobs__tap"": ""ref"", ""cr-ref-phi075__mgeo__tgr"": ""ref"", ""cr-ref-phi075__mgeo__tap"": ""ref"", ""cr-ref-phi100__mobs__tgr"": ""ref"", ""cr-ref-phi100__mobs__tap"": ""ref"", ""cr-ref-phi100__mgeo__tgr"": ""ref"", ""cr-ref-phi100__mgeo__tap"": ""ref""}","{""Active Shallow Crust"": [""ChiouYoungs2014""]}",3.0,{},12
c_cr_margin0,1e16a5be,210,"{""cr-margin0-phi050__mobs__tgr"": ""buffer_margin_km-0.0"", ""cr-margin0-phi050__mobs__tap"": ""buffer_margin_km-0.0"", ""cr-margin0-phi050__mgeo__tgr"": ""buffer_margin_km-0.0"", ""cr-margin0-phi050__mgeo__tap"": ""buffer_margin_km-0.0"", ""cr-margin0-phi075__mobs__tgr"": ""buffer_margin_km-0.0"", ""cr-margin0-phi075__mobs__tap"": ""buffer_margin_km-0.0"", ""cr-margin0-phi075__mgeo__tgr"": ""buffer_margin_km-0.0"", ""cr-margin0-phi075__mgeo__tap"": ""buffer_margin_km-0.0"", ""cr-margin0-phi100__mobs__tgr"": ""buffer_margin_km-0.0"", ""cr-margin0-phi100__mobs__tap"": ""buffer_margin_km-0.0"", ""cr-margin0-phi100__mgeo__tgr"": ""buffer_margin_km-0.0"", ""cr-margin0-phi100__mgeo__tap"": ""buffer_margin_km-0.0""}","{""Active Shallow Crust"": [""AbrahamsonEtAl2014"", ""BooreEtAl2014"", ""CampbellBozorgnia2014"", ""ChiouYoungs2014""]}",3.0,{},48
c_cr_margin20,4155b033,211,"{""cr-margin20-phi050__mobs__tgr"": ""buffer_margin_km-20.0"", ""cr-margin20-phi050__mobs__tap"": ""buffer_margin_km-20.0"", ""cr-margin20-phi050__mgeo__tgr"": ""buffer_margin_km-20.0"", ""cr-margin20-phi050__mgeo__tap"": ""buffer_margin_km-20.0"", ""cr-margin20-phi075__mobs__tgr"": ""buffer_margin_km-20.0"", ""cr-margin20-phi075__mobs__tap"": ""buffer_margin_km-20.0"", ""cr-margin20-phi075__mgeo__tgr"": ""buffer_margin_km-20.0"", ""cr-margin20-phi075__mgeo__tap"": ""buffer_margin_km-20.0"", ""cr-margin20-phi100__mobs__tgr"": ""buffer_margin_km-20.0"", ""cr-margin20-phi100__mobs__tap"": ""buffer_margin_km-20.0"", ""cr-margin20-phi100__mgeo__tgr"": ""buffer_margin_km-20.0"", ""cr-margin20-phi100__mgeo__tap"": ""buffer_margin_km-20.0""}","{""Active Shallow Crust"": [""AbrahamsonEtAl2014"", ""BooreEtAl2014"", ""CampbellBozorgnia2014"", ""ChiouYoungs2014""]}",3.0,{},48
c_cr_mmax75,85003b96,214,"{""cr-mmax75-phi050__mobs__tgr"": ""mmax_override-forearc7.5intraarc7.5unclassified7.5"", ""cr-mmax75-phi050__mobs__tap"": ""mmax_override-forearc7.5intraarc7.5unclassified7.5"", ""cr-mmax75-phi050__mgeo__tgr"": ""mmax_override-forearc7.5intraarc7.5unclassified7.5"", ""cr-mmax75-phi050__mgeo__tap"": ""mmax_override-forearc7.5intraarc7.5unclassified7.5"", ""cr-mmax75-phi075__mobs__tgr"": ""mmax_override-forearc7.5intraarc7.5unclassified7.5"", ""cr-mmax75-phi075__mobs__tap"": ""mmax_override-forearc7.5intraarc7.5unclassified7.5"", ""cr-mmax75-phi075__mgeo__tgr"": ""mmax_override-forearc7.5intraarc7.5unclassified7.5"", ""cr-mmax75-phi075__mgeo__tap"": ""mmax_override-forearc7.5intraarc7.5unclassified7.5"", ""cr-mmax75-phi100__mobs__tgr"": ""mmax_override-forearc7.5intraarc7.5unclassified7.5"", ""cr-mmax75-phi100__mobs__tap"": ""mmax_override-forearc7.5intraarc7.5unclassified7.5"", ""cr-mmax75-phi100__mgeo__tgr"": ""mmax_override-forearc7.5intraarc7.5unclassified7.5"", ""cr-mmax75-phi100__mgeo__tap"": ""mmax_override-forearc7.5intraarc7.5unclassified7.5""}","{""Active Shallow Crust"": [""AbrahamsonEtAl2014"", ""BooreEtAl2014"", ""CampbellBozorgnia2014"", ""ChiouYoungs2014""]}",3.0,{},48
c_cr_nofaults,0ff46c11,209,"{""cr-ref-nofaults"": ""ref""}","{""Active Shallow Crust"": [""AbrahamsonEtAl2014"", ""BooreEtAl2014"", ""CampbellBozorgnia2014"", ""ChiouYoungs2014""]}",3.0,{},4
c_cr_num,24807944,222,"{""cr-ref-phi050__mobs__tgr"": ""ref"", ""cr-ref-phi050__mobs__tap"": ""ref"", ""cr-ref-phi050__mgeo__tgr"": ""ref"", ""cr-ref-phi050__mgeo__tap"": ""ref"", ""cr-ref-phi075__mobs__tgr"": ""ref"", ""cr-ref-phi075__mobs__tap"": ""ref"", ""cr-ref-phi075__mgeo__tgr"": ""ref"", ""cr-ref-phi075__mgeo__tap"": ""ref"", ""cr-ref-phi100__mobs__tgr"": ""ref"", ""cr-ref-phi100__mobs__tap"": ""ref"", ""cr-ref-phi100__mgeo__tgr"": ""ref"", ""cr-ref-phi100__mgeo__tap"": ""ref""}","{""Active Shallow Crust"": [""AbrahamsonEtAl2014"", ""BooreEtAl2014"", ""CampbellBozorgnia2014"", ""ChiouYoungs2014""]}",3.0,{},48
c_cr_raw,091d2dd1,236,"{""cr-raw-phi050__mobs__tgr"": ""dc_method-none_dc_methods-gk74none"", ""cr-raw-phi050__mobs__tap"": ""dc_method-none_dc_methods-gk74none"", ""cr-raw-phi050__mgeo__tgr"": ""dc_method-none_dc_methods-gk74none"", ""cr-raw-phi050__mgeo__tap"": ""dc_method-none_dc_methods-gk74none"", ""cr-raw-phi075__mobs__tgr"": ""dc_method-none_dc_methods-gk74none"", ""cr-raw-phi075__mobs__tap"": ""dc_method-none_dc_methods-gk74none"", ""cr-raw-phi075__mgeo__tgr"": ""dc_method-none_dc_methods-gk74none"", ""cr-raw-phi075__mgeo__tap"": ""dc_method-none_dc_methods-gk74none"", ""cr-raw-phi100__mobs__tgr"": ""dc_method-none_dc_methods-gk74none"", ""cr-raw-phi100__mobs__tap"": ""dc_method-none_dc_methods-gk74none"", ""cr-raw-phi100__mgeo__tgr"": ""dc_method-none_dc_methods-gk74none"", ""cr-raw-phi100__mgeo__tap"": ""dc_method-none_dc_methods-gk74none""}","{""Active Shallow Crust"": [""AbrahamsonEtAl2014"", ""BooreEtAl2014"", ""CampbellBozorgnia2014"", ""ChiouYoungs2014""]}",3.0,{},48
c_cr_ref,25c953b7,163,"{""cr-ref-phi050__mobs__tgr"": ""ref"", ""cr-ref-phi050__mobs__tap"": ""ref"", ""cr-ref-phi050__mgeo__tgr"": ""ref"", ""cr-ref-phi050__mgeo__tap"": ""ref"", ""cr-ref-phi075__mobs__tgr"": ""ref"", ""cr-ref-phi075__mobs__tap"": ""ref"", ""cr-ref-phi075__mgeo__tgr"": ""ref"", ""cr-ref-phi075__mgeo__tap"": ""ref"", ""cr-ref-phi100__mobs__tgr"": ""ref"", ""cr-ref-phi100__mobs__tap"": ""ref"", ""cr-ref-phi100__mgeo__tgr"": ""ref"", ""cr-ref-phi100__mgeo__tap"": ""ref""}","{""Active Shallow Crust"": [""AbrahamsonEtAl2014"", ""BooreEtAl2014"", ""CampbellBozorgnia2014"", ""ChiouYoungs2014""]}",3.0,{},48
c_cr_tr20,68546f83,219,"{""cr-ref-phi050__mobs__tgr"": ""ref"", ""cr-ref-phi050__mobs__tap"": ""ref"", ""cr-ref-phi050__mgeo__tgr"": ""ref"", ""cr-ref-phi050__mgeo__tap"": ""ref"", ""cr-ref-phi075__mobs__tgr"": ""ref"", ""cr-ref-phi075__mobs__tap"": ""ref"", ""cr-ref-phi075__mgeo__tgr"": ""ref"", ""cr-ref-phi075__mgeo__tap"": ""ref"", ""cr-ref-phi100__mobs__tgr"": ""ref"", ""cr-ref-phi100__mobs__tap"": ""ref"", ""cr-ref-phi100__mgeo__tgr"": ""ref"", ""cr-ref-phi100__mgeo__tap"": ""ref""}","{""Active Shallow Crust"": [""AbrahamsonEtAl2014"", ""BooreEtAl2014"", ""CampbellBozorgnia2014"", ""ChiouYoungs2014""]}",2.0,{},48
c_cr_tr25,bd8f3950,220,"{""cr-ref-phi050__mobs__tgr"": ""ref"", ""cr-ref-phi050__mobs__tap"": ""ref"", ""cr-ref-phi050__mgeo__tgr"": ""ref"", ""cr-ref-phi050__mgeo__tap"": ""ref"", ""cr-ref-phi075__mobs__tgr"": ""ref"", ""cr-ref-phi075__mobs__tap"": ""ref"", ""cr-ref-phi075__mgeo__tgr"": ""ref"", ""cr-ref-phi075__mgeo__tap"": ""ref"", ""cr-ref-phi100__mobs__tgr"": ""ref"", ""cr-ref-phi100__mobs__tap"": ""ref"", ""cr-ref-phi100__mgeo__tgr"": ""ref"", ""cr-ref-phi100__mgeo__tap"": ""ref""}","{""Active Shallow Crust"": [""AbrahamsonEtAl2014"", ""BooreEtAl2014"", ""CampbellBozorgnia2014"", ""ChiouYoungs2014""]}",2.5,{},48
c_cr_tr40,06b2547f,221,"{""cr-ref-phi050__mobs__tgr"": ""ref"", ""cr-ref-phi050__mobs__tap"": ""ref"", ""cr-ref-phi050__mgeo__tgr"": ""ref"", ""cr-ref-phi050__mgeo__tap"": ""ref"", ""cr-ref-phi075__mobs__tgr"": ""ref"", ""cr-ref-phi075__mobs__tap"": ""ref"", ""cr-ref-phi075__mgeo__tgr"": ""ref"", ""cr-ref-phi075__mgeo__tap"": ""ref"", ""cr-ref-phi100__mobs__tgr"": ""ref"", ""cr-ref-phi100__mobs__tap"": ""ref"", ""cr-ref-phi100__mgeo__tgr"": ""ref"", ""cr-ref-phi100__mgeo__tap"": ""ref""}","{""Active Shallow Crust"": [""AbrahamsonEtAl2014"", ""BooreEtAl2014"", ""CampbellBozorgnia2014"", ""ChiouYoungs2014""]}",4.0,{},48
c_if_asp15,01bfdd73,237,"{""if-c_asp15-full__seis__tgr"": ""aspect-1.5_mmin_haz-5.5""}","{""Subduction Interface"": [""AbrahamsonGulerce2020SInter"", ""ParkerEtAl2020SInter"", ""KuehnEtAl2020SInter""]}",3.0,{},3
c_if_asp20,b68f574f,238,"{""if-c_asp20-full__seis__tgr"": ""aspect-2.0_mmin_haz-5.5""}","{""Subduction Interface"": [""AbrahamsonGulerce2020SInter"", ""ParkerEtAl2020SInter"", ""KuehnEtAl2020SInter""]}",3.0,{},3
c_if_asp30,ed72f6cd,239,"{""if-c_asp30-full__seis__tgr"": ""aspect-3.0_mmin_haz-5.5""}","{""Subduction Interface"": [""AbrahamsonGulerce2020SInter"", ""ParkerEtAl2020SInter"", ""KuehnEtAl2020SInter""]}",3.0,{},3
c_if_cls_fix,c74aa37b,251,"{""if-c_cls_fix-full__seis__tgr"": ""cat_variant-fixdep_if_mmin_haz-5.5""}","{""Subduction Interface"": [""AbrahamsonGulerce2020SInter"", ""ParkerEtAl2020SInter"", ""KuehnEtAl2020SInter""]}",3.0,{},3
c_if_cls_m5,b8adca22,241,"{""if-c_cls_m5-full__seis__tgr"": ""cat_variant-tol_m5_mmin_haz-5.5""}","{""Subduction Interface"": [""AbrahamsonGulerce2020SInter"", ""ParkerEtAl2020SInter"", ""KuehnEtAl2020SInter""]}",3.0,{},3
c_if_cls_p5,75bbb59b,242,"{""if-c_cls_p5-full__seis__tgr"": ""cat_variant-tol_p5_mmin_haz-5.5""}","{""Subduction Interface"": [""AbrahamsonGulerce2020SInter"", ""ParkerEtAl2020SInter"", ""KuehnEtAl2020SInter""]}",3.0,{},3
c_if_dc_gk74sym,4059ce0d,167,"{""if-c_dc_gk74sym-full__seis__tgr"": ""dc_method-gk74_sym_mmin_haz-5.5""}","{""Subduction Interface"": [""AbrahamsonGulerce2020SInter"", ""ParkerEtAl2020SInter"", ""KuehnEtAl2020SInter""]}",3.0,{},3
c_if_dc_gruenthal,f34210e4,168,"{""if-c_dc_gruenthal-full__seis__tgr"": ""dc_method-gruenthal_mmin_haz-5.5""}","{""Subduction Interface"": [""AbrahamsonGulerce2020SInter"", ""ParkerEtAl2020SInter"", ""KuehnEtAl2020SInter""]}",3.0,{},3
c_if_fit54,249e38b9,170,"{""if-c_fit54-full__seis__tgr"": ""mmin_fit-5.4_mmin_haz-5.5""}","{""Subduction Interface"": [""AbrahamsonGulerce2020SInter"", ""ParkerEtAl2020SInter"", ""KuehnEtAl2020SInter""]}",3.0,{},3
c_if_fit60,7c68a323,171,"{""if-c_fit60-full__seis__tgr"": ""mmin_fit-6.0_mmin_haz-5.5""}","{""Subduction Interface"": [""AbrahamsonGulerce2020SInter"", ""ParkerEtAl2020SInter"", ""KuehnEtAl2020SInter""]}",3.0,{},3
c_if_geo,29af1ae1,174,"{""if-mmin55-full__geo_mid__tgr"": ""mmin_haz-5.5""}","{""Subduction Interface"": [""AbrahamsonGulerce2020SInter"", ""ParkerEtAl2020SInter"", ""KuehnEtAl2020SInter""]}",3.0,{},3
c_if_gmm_ag,64ab0f9d,178,"{""if-mmin55-full__seis__tgr"": ""mmin_haz-5.5""}","{""Subduction Interface"": [""AbrahamsonGulerce2020SInter""]}",3.0,{},1
c_if_gmm_ku,6b05aa6e,180,"{""if-mmin55-full__seis__tgr"": ""mmin_haz-5.5""}","{""Subduction Interface"": [""KuehnEtAl2020SInter""]}",3.0,{},1
c_if_gmm_pk,716a10f3,179,"{""if-mmin55-full__seis__tgr"": ""mmin_haz-5.5""}","{""Subduction Interface"": [""ParkerEtAl2020SInter""]}",3.0,{},1
c_if_keep6298,98ada227,169,"{""if-c_keep_1962_1998-full__seis__tgr"": ""dc_keep_ids-100928776_mmin_haz-5.5""}","{""Subduction Interface"": [""AbrahamsonGulerce2020SInter"", ""ParkerEtAl2020SInter"", ""KuehnEtAl2020SInter""]}",3.0,{},3
c_if_mc_hi,6519d395,244,"{""if-c_mc_hi-full__seis__tgr"": ""vb4c2b52a26""}","{""Subduction Interface"": [""AbrahamsonGulerce2020SInter"", ""ParkerEtAl2020SInter"", ""KuehnEtAl2020SInter""]}",3.0,{},3
c_if_mc_lo,773ac676,243,"{""if-c_mc_lo-full__seis__tgr"": ""ved794b628d""}","{""Subduction Interface"": [""AbrahamsonGulerce2020SInter"", ""ParkerEtAl2020SInter"", ""KuehnEtAl2020SInter""]}",3.0,{},3
c_if_mmin65,af7dd38d,172,"{""if-ref-full__seis__tgr"": ""ref""}","{""Subduction Interface"": [""AbrahamsonGulerce2020SInter"", ""ParkerEtAl2020SInter"", ""KuehnEtAl2020SInter""]}",3.0,{},3
c_if_msr_ah,9ee492dd,177,"{""if-c_msr_ah-full__seis__tgr"": ""mmin_haz-5.5_msr-AllenHayesInterfaceBilinear""}","{""Subduction Interface"": [""AbrahamsonGulerce2020SInter"", ""ParkerEtAl2020SInter"", ""KuehnEtAl2020SInter""]}",3.0,{},3
c_if_num,34116a8a,184,"{""if-mmin55-full__seis__tgr"": ""mmin_haz-5.5""}","{""Subduction Interface"": [""AbrahamsonGulerce2020SInter"", ""ParkerEtAl2020SInter"", ""KuehnEtAl2020SInter""]}",3.0,{},3
c_if_raw,8ac06c33,234,"{""if-c_raw-full__seis__tgr"": ""dc_method-none_dc_methods-gk74none_mmin_haz-5.5""}","{""Subduction Interface"": [""AbrahamsonGulerce2020SInter"", ""ParkerEtAl2020SInter"", ""KuehnEtAl2020SInter""]}",3.0,{},3
c_if_ref,2a3085c1,162,"{""if-mmin55-full__seis__tgr"": ""mmin_haz-5.5""}","{""Subduction Interface"": [""AbrahamsonGulerce2020SInter"", ""ParkerEtAl2020SInter"", ""KuehnEtAl2020SInter""]}",3.0,{},3
c_if_seg,6039c19f,173,"{""if-mmin55-seg__seis__tgr"": ""mmin_haz-5.5""}","{""Subduction Interface"": [""AbrahamsonGulerce2020SInter"", ""ParkerEtAl2020SInter"", ""KuehnEtAl2020SInter""]}",3.0,{},3
c_if_tapered,8d78a8ac,175,"{""if-mmin55-full__seis__tapered"": ""mmin_haz-5.5""}","{""Subduction Interface"": [""AbrahamsonGulerce2020SInter"", ""ParkerEtAl2020SInter"", ""KuehnEtAl2020SInter""]}",3.0,{},3
c_if_tr20,8e0eed6f,181,"{""if-mmin55-full__seis__tgr"": ""mmin_haz-5.5""}","{""Subduction Interface"": [""AbrahamsonGulerce2020SInter"", ""ParkerEtAl2020SInter"", ""KuehnEtAl2020SInter""]}",2.0,{},3
c_if_tr25,50c8d509,182,"{""if-mmin55-full__seis__tgr"": ""mmin_haz-5.5""}","{""Subduction Interface"": [""AbrahamsonGulerce2020SInter"", ""ParkerEtAl2020SInter"", ""KuehnEtAl2020SInter""]}",2.5,{},3
c_if_tr40,9507b72b,183,"{""if-mmin55-full__seis__tgr"": ""mmin_haz-5.5""}","{""Subduction Interface"": [""AbrahamsonGulerce2020SInter"", ""ParkerEtAl2020SInter"", ""KuehnEtAl2020SInter""]}",4.0,{},3
c_if_tree,8be8c01a,176,"{""if-mmin55-seg__seis__tgr"": ""mmin_haz-5.5"", ""if-mmin55-seg__seis__tapered"": ""mmin_haz-5.5"", ""if-mmin55-seg__geo_lo__tgr"": ""mmin_haz-5.5"", ""if-mmin55-seg__geo_lo__tapered"": ""mmin_haz-5.5"", ""if-mmin55-seg__geo_mid__tgr"": ""mmin_haz-5.5"", ""if-mmin55-seg__geo_mid__tapered"": ""mmin_haz-5.5"", ""if-mmin55-seg__geo_hi__tgr"": ""mmin_haz-5.5"", ""if-mmin55-seg__geo_hi__tapered"": ""mmin_haz-5.5"", ""if-mmin55-full__seis__tgr"": ""mmin_haz-5.5"", ""if-mmin55-full__seis__tapered"": ""mmin_haz-5.5"", ""if-mmin55-full__geo_lo__tgr"": ""mmin_haz-5.5"", ""if-mmin55-full__geo_lo__tapered"": ""mmin_haz-5.5"", ""if-mmin55-full__geo_mid__tgr"": ""mmin_haz-5.5"", ""if-mmin55-full__geo_mid__tapered"": ""mmin_haz-5.5"", ""if-mmin55-full__geo_hi__tgr"": ""mmin_haz-5.5"", ""if-mmin55-full__geo_hi__tapered"": ""mmin_haz-5.5""}","{""Subduction Interface"": [""AbrahamsonGulerce2020SInter"", ""ParkerEtAl2020SInter"", ""KuehnEtAl2020SInter""]}",3.0,{},48
c_if_zbot40,7500eda0,164,"{""if-c_zbot40-full__seis__tgr"": ""mmin_haz-5.5_z_bottom-40.0""}","{""Subduction Interface"": [""AbrahamsonGulerce2020SInter"", ""ParkerEtAl2020SInter"", ""KuehnEtAl2020SInter""]}",3.0,{},3
c_if_zbot60,f52afbc3,165,"{""if-c_zbot60-full__seis__tgr"": ""mmin_haz-5.5_z_bottom-60.0""}","{""Subduction Interface"": [""AbrahamsonGulerce2020SInter"", ""ParkerEtAl2020SInter"", ""KuehnEtAl2020SInter""]}",3.0,{},3
c_if_ztop10,60792bbd,166,"{""if-c_ztop10-full__seis__tgr"": ""mmin_haz-5.5_z_top-10.0""}","{""Subduction Interface"": [""AbrahamsonGulerce2020SInter"", ""ParkerEtAl2020SInter"", ""KuehnEtAl2020SInter""]}",3.0,{},3
c_is_asp20,f63a731d,240,"{""is-asp20-is"": ""aspect-2.0""}","{""Subduction IntraSlab"": [""AbrahamsonGulerce2020SSlab"", ""ParkerEtAl2020SSlab"", ""MontalvaEtAl2017SSlab""]}",3.0,{},3
c_is_band_rule,06ab1568,195,"{""is-band_rule-is"": ""band-rule_hypo-offset""}","{""Subduction IntraSlab"": [""AbrahamsonGulerce2020SSlab"", ""ParkerEtAl2020SSlab"", ""MontalvaEtAl2017SSlab""]}",3.0,{},3
c_is_classmask,94579668,185,"{""is-classmask-is"": ""mask_by_class-intra_slabNone50.0slab_deep50.0None""}","{""Subduction IntraSlab"": [""AbrahamsonGulerce2020SSlab"", ""ParkerEtAl2020SSlab"", ""MontalvaEtAl2017SSlab""]}",3.0,{},3
c_is_cls_fix,65555b12,252,"{""is-cls_fix-is"": ""cat_variant-fixdep_if""}","{""Subduction IntraSlab"": [""AbrahamsonGulerce2020SSlab"", ""ParkerEtAl2020SSlab"", ""MontalvaEtAl2017SSlab""]}",3.0,{},3
c_is_cls_m5,46eff219,245,"{""is-cls_m5-is"": ""cat_variant-tol_m5""}","{""Subduction IntraSlab"": [""AbrahamsonGulerce2020SSlab"", ""ParkerEtAl2020SSlab"", ""MontalvaEtAl2017SSlab""]}",3.0,{},3
c_is_cls_p5,e9bfa876,246,"{""is-cls_p5-is"": ""cat_variant-tol_p5""}","{""Subduction IntraSlab"": [""AbrahamsonGulerce2020SSlab"", ""ParkerEtAl2020SSlab"", ""MontalvaEtAl2017SSlab""]}",3.0,{},3
c_is_cm_deep_nest,9043d5a0,228,"{""is-classmask-is_deep_nest"": ""mask_by_class-intra_slabNone50.0slab_deep50.0None""}","{""Subduction IntraSlab"": [""AbrahamsonGulerce2020SSlab"", ""ParkerEtAl2020SSlab"", ""MontalvaEtAl2017SSlab""]}",3.0,{},3
c_is_cm_intra_slab,ead697b3,224,"{""is-classmask-is_intra_slab"": ""mask_by_class-intra_slabNone50.0slab_deep50.0None""}","{""Subduction IntraSlab"": [""AbrahamsonGulerce2020SSlab"", ""ParkerEtAl2020SSlab"", ""MontalvaEtAl2017SSlab""]}",3.0,{},3
c_is_cm_slab_deep,bf729176,226,"{""is-classmask-is_slab_deep"": ""mask_by_class-intra_slabNone50.0slab_deep50.0None""}","{""Subduction IntraSlab"": [""AbrahamsonGulerce2020SSlab"", ""ParkerEtAl2020SSlab"", ""MontalvaEtAl2017SSlab""]}",3.0,{},3
c_is_dc_gk74sym,3ff9f17d,186,"{""is-dc_gk74sym-is"": ""dc_method-gk74_sym""}","{""Subduction IntraSlab"": [""AbrahamsonGulerce2020SSlab"", ""ParkerEtAl2020SSlab"", ""MontalvaEtAl2017SSlab""]}",3.0,{},3
c_is_dc_gruenthal,8a650257,187,"{""is-dc_gruenthal-is"": ""dc_method-gruenthal""}","{""Subduction IntraSlab"": [""AbrahamsonGulerce2020SSlab"", ""ParkerEtAl2020SSlab"", ""MontalvaEtAl2017SSlab""]}",3.0,{},3
c_is_deep_nest,50ffb734,227,"{""is-ref-is_deep_nest"": ""ref""}","{""Subduction IntraSlab"": [""AbrahamsonGulerce2020SSlab"", ""ParkerEtAl2020SSlab"", ""MontalvaEtAl2017SSlab""]}",3.0,{},3
c_is_dip45,b40276e5,199,"{""is-dip45-is"": ""npd-0.50.045.090.00.5180.045.090.0""}","{""Subduction IntraSlab"": [""AbrahamsonGulerce2020SSlab"", ""ParkerEtAl2020SSlab"", ""MontalvaEtAl2017SSlab""]}",3.0,{},3
c_is_dip90,05ccb700,200,"{""is-dip90-is"": ""npd-0.50.090.090.00.5180.090.090.0""}","{""Subduction IntraSlab"": [""AbrahamsonGulerce2020SSlab"", ""ParkerEtAl2020SSlab"", ""MontalvaEtAl2017SSlab""]}",3.0,{},3
c_is_dmax200,a26e0618,233,"{""is-dmax200-is"": ""max_dist_km-200.0""}","{""Subduction IntraSlab"": [""AbrahamsonGulerce2020SSlab"", ""ParkerEtAl2020SSlab"", ""MontalvaEtAl2017SSlab""]}",3.0,{},3
c_is_gauss,b032fd02,232,"{""is-gauss-is"": ""kernel-gauss""}","{""Subduction IntraSlab"": [""AbrahamsonGulerce2020SSlab"", ""ParkerEtAl2020SSlab"", ""MontalvaEtAl2017SSlab""]}",3.0,{},3
c_is_gmm_ag,124f01ff,202,"{""is-ref-is"": ""ref""}","{""Subduction IntraSlab"": [""AbrahamsonGulerce2020SSlab""]}",3.0,{},1
c_is_gmm_mv,1e6a7c7f,204,"{""is-ref-is"": ""ref""}","{""Subduction IntraSlab"": [""MontalvaEtAl2017SSlab""]}",3.0,{},1
c_is_gmm_pk,039d2d7f,203,"{""is-ref-is"": ""ref""}","{""Subduction IntraSlab"": [""ParkerEtAl2020SSlab""]}",3.0,{},1
c_is_intra_slab,4b0e9372,223,"{""is-ref-is_intra_slab"": ""ref""}","{""Subduction IntraSlab"": [""AbrahamsonGulerce2020SSlab"", ""ParkerEtAl2020SSlab"", ""MontalvaEtAl2017SSlab""]}",3.0,{},3
c_is_is_fit55,d933f9d5,190,"{""is-is_fit55-is"": ""mmin_fit_by_class-slab_deep5.8intra_slab5.5""}","{""Subduction IntraSlab"": [""AbrahamsonGulerce2020SSlab"", ""ParkerEtAl2020SSlab"", ""MontalvaEtAl2017SSlab""]}",3.0,{},3
c_is_is_fit58,818ecff4,191,"{""is-is_fit58-is"": ""mmin_fit_by_class-slab_deep5.8intra_slab5.8""}","{""Subduction IntraSlab"": [""AbrahamsonGulerce2020SSlab"", ""ParkerEtAl2020SSlab"", ""MontalvaEtAl2017SSlab""]}",3.0,{},3
c_is_mc_hi,7eff2b68,248,"{""is-mc_hi-is"": ""va7cb71d878""}","{""Subduction IntraSlab"": [""AbrahamsonGulerce2020SSlab"", ""ParkerEtAl2020SSlab"", ""MontalvaEtAl2017SSlab""]}",3.0,{},3
c_is_mc_lo,0a71c217,247,"{""is-mc_lo-is"": ""v5d927104bc""}","{""Subduction IntraSlab"": [""AbrahamsonGulerce2020SSlab"", ""ParkerEtAl2020SSlab"", ""MontalvaEtAl2017SSlab""]}",3.0,{},3
c_is_mmin55,e02518a4,201,"{""is-mmin55-is"": ""mmin-5.5""}","{""Subduction IntraSlab"": [""AbrahamsonGulerce2020SSlab"", ""ParkerEtAl2020SSlab"", ""MontalvaEtAl2017SSlab""]}",3.0,{},3
c_is_msr_ah,4930f47b,198,"{""is-msr_ah-is"": ""msr-AllenHayesIntraslab""}","{""Subduction IntraSlab"": [""AbrahamsonGulerce2020SSlab"", ""ParkerEtAl2020SSlab"", ""MontalvaEtAl2017SSlab""]}",3.0,{},3
c_is_nn10,c022e58f,196,"{""is-nn10-is"": ""n_neighbors-10""}","{""Subduction IntraSlab"": [""AbrahamsonGulerce2020SSlab"", ""ParkerEtAl2020SSlab"", ""MontalvaEtAl2017SSlab""]}",3.0,{},3
c_is_nn50,e422f087,197,"{""is-nn50-is"": ""n_neighbors-50""}","{""Subduction IntraSlab"": [""AbrahamsonGulerce2020SSlab"", ""ParkerEtAl2020SSlab"", ""MontalvaEtAl2017SSlab""]}",3.0,{},3
c_is_num,52c06782,208,"{""is-ref-is"": ""ref""}","{""Subduction IntraSlab"": [""AbrahamsonGulerce2020SSlab"", ""ParkerEtAl2020SSlab"", ""MontalvaEtAl2017SSlab""]}",3.0,{},3
c_is_pad0,089ccf41,192,"{""is-pad0-is"": ""mmax_pad-0.0""}","{""Subduction IntraSlab"": [""AbrahamsonGulerce2020SSlab"", ""ParkerEtAl2020SSlab"", ""MontalvaEtAl2017SSlab""]}",3.0,{},3
c_is_pad04,32c7ebcf,193,"{""is-pad04-is"": ""mmax_pad-0.4_mmax_sanity-8.5""}","{""Subduction IntraSlab"": [""AbrahamsonGulerce2020SSlab"", ""ParkerEtAl2020SSlab"", ""MontalvaEtAl2017SSlab""]}",3.0,{},3
c_is_raw,6d3b3866,235,"{""is-raw-is"": ""dc_method-none_dc_methods-gk74none""}","{""Subduction IntraSlab"": [""AbrahamsonGulerce2020SSlab"", ""ParkerEtAl2020SSlab"", ""MontalvaEtAl2017SSlab""]}",3.0,{},3
c_is_ref,65fdc89e,161,"{""is-ref-is"": ""ref""}","{""Subduction IntraSlab"": [""AbrahamsonGulerce2020SSlab"", ""ParkerEtAl2020SSlab"", ""MontalvaEtAl2017SSlab""]}",3.0,{},3
c_is_regime,88f6b184,194,"{""is-regime-is"": ""catalog_depth-regime""}","{""Subduction IntraSlab"": [""AbrahamsonGulerce2020SSlab"", ""ParkerEtAl2020SSlab"", ""MontalvaEtAl2017SSlab""]}",3.0,{},3
c_is_sd_fit57,0da669db,188,"{""is-sd_fit57-is"": ""mmin_fit_by_class-slab_deep5.7intra_slab5.6""}","{""Subduction IntraSlab"": [""AbrahamsonGulerce2020SSlab"", ""ParkerEtAl2020SSlab"", ""MontalvaEtAl2017SSlab""]}",3.0,{},3
c_is_sd_fit60,b3d150b7,189,"{""is-sd_fit60-is"": ""mmin_fit_by_class-slab_deep6.0intra_slab5.6""}","{""Subduction IntraSlab"": [""AbrahamsonGulerce2020SSlab"", ""ParkerEtAl2020SSlab"", ""MontalvaEtAl2017SSlab""]}",3.0,{},3
c_is_slab_deep,7e5d0186,225,"{""is-ref-is_slab_deep"": ""ref""}","{""Subduction IntraSlab"": [""AbrahamsonGulerce2020SSlab"", ""ParkerEtAl2020SSlab"", ""MontalvaEtAl2017SSlab""]}",3.0,{},3
c_is_smooth_all,fad11b27,230,"{""is-smooth_all-is"": ""smooth_events-complete""}","{""Subduction IntraSlab"": [""AbrahamsonGulerce2020SSlab"", ""ParkerEtAl2020SSlab"", ""MontalvaEtAl2017SSlab""]}",3.0,{},3
c_is_smooth_cv,678fbde5,231,"{""is-smooth_cv-is"": ""kernel_cv-True_smooth_events-complete""}","{""Subduction IntraSlab"": [""AbrahamsonGulerce2020SSlab"", ""ParkerEtAl2020SSlab"", ""MontalvaEtAl2017SSlab""]}",3.0,{},3
c_is_tr20,6af74b22,205,"{""is-ref-is"": ""ref""}","{""Subduction IntraSlab"": [""AbrahamsonGulerce2020SSlab"", ""ParkerEtAl2020SSlab"", ""MontalvaEtAl2017SSlab""]}",2.0,{},3
c_is_tr25,36e61502,206,"{""is-ref-is"": ""ref""}","{""Subduction IntraSlab"": [""AbrahamsonGulerce2020SSlab"", ""ParkerEtAl2020SSlab"", ""MontalvaEtAl2017SSlab""]}",2.5,{},3
c_is_tr40,9d48ff75,207,"{""is-ref-is"": ""ref""}","{""Subduction IntraSlab"": [""AbrahamsonGulerce2020SSlab"", ""ParkerEtAl2020SSlab"", ""MontalvaEtAl2017SSlab""]}",4.0,{},3
disagg,89ddc85a,229,"{""if-mmin55-full__seis__tgr"": ""mmin_haz-5.5"", ""is-ref-is"": ""ref"", ""cr-ref-phi050__mobs__tgr"": ""ref"", ""cr-ref-phi050__mobs__tap"": ""ref"", ""cr-ref-phi050__mgeo__tgr"": ""ref"", ""cr-ref-phi050__mgeo__tap"": ""ref"", ""cr-ref-phi075__mobs__tgr"": ""ref"", ""cr-ref-phi075__mobs__tap"": ""ref"", ""cr-ref-phi075__mgeo__tgr"": ""ref"", ""cr-ref-phi075__mgeo__tap"": ""ref"", ""cr-ref-phi100__mobs__tgr"": ""ref"", ""cr-ref-phi100__mobs__tap"": ""ref"", ""cr-ref-phi100__mgeo__tgr"": ""ref"", ""cr-ref-phi100__mgeo__tap"": ""ref""}","{""Subduction Interface"": [""AbrahamsonGulerce2020SInter"", ""ParkerEtAl2020SInter"", ""KuehnEtAl2020SInter""], ""Subduction IntraSlab"": [""AbrahamsonGulerce2020SSlab"", ""ParkerEtAl2020SSlab"", ""MontalvaEtAl2017SSlab""], ""Active Shallow Crust"": [""AbrahamsonEtAl2014"", ""BooreEtAl2014"", ""CampbellBozorgnia2014"", ""ChiouYoungs2014""]}",3.0,{},432
