site,class,M,model,obs,n_obs,ratio
iquique,intra_slab,5.0,0.7988058790347605,1.1819016156178532,59,0.6758649522762309
iquique,intra_slab,5.5,0.2701590060315559,0.32077543007697495,17,0.84220604416843
iquique,intra_slab,6.0,0.09070428428228192,0.11321485767422645,6,0.801169441410965
iquique,intra_slab,6.5,0.029786498132972218,0.03773828589140882,2,0.7892912311566637
iquique,intra_slab,7.0,0.009107317149830416,0.0,0,
iquique,slab_deep,5.0,2.064887162425376,3.33802900383258,186,0.618594733615125
iquique,slab_deep,5.5,0.6347308100421897,0.917942212959096,59,0.6914714249778964
iquique,slab_deep,6.0,0.19458616168642195,0.21949157300603256,15,0.8865313552656252
iquique,slab_deep,6.5,0.05912732800476835,0.07662666937926953,6,0.7716285789757238
iquique,slab_deep,7.0,0.017438542986155603,0.03552885226127386,3,0.490827647848435
iquique,deep_nest,5.0,0.00295047040071782,0.0,0,
iquique,deep_nest,5.5,0.0009008733658242791,0.0,0,
iquique,deep_nest,6.0,0.00027008977024675537,0.0,0,
iquique,deep_nest,6.5,7.595993024609589e-05,0.0,0,
iquique,deep_nest,7.0,1.6214567426098554e-05,0.0,0,
antofagasta,intra_slab,5.0,1.0009654206071736,0.9218590042325416,47,1.085811838916179
antofagasta,intra_slab,5.5,0.3385300862206265,0.32890573759291836,18,1.0292617231251224
antofagasta,intra_slab,6.0,0.11365946902793496,0.14021430813587427,8,0.810612486978102
antofagasta,intra_slab,6.5,0.03732478116975336,0.045868593407352234,3,0.8137328484934662
antofagasta,intra_slab,7.0,0.011412171318140873,0.026999450461647825,2,0.42268161473699745
antofagasta,slab_deep,5.0,0.863772272490878,1.3038246182962865,75,0.6624911513172478
antofagasta,slab_deep,5.5,0.26551711114623827,0.3153029578069425,20,0.8421015552566186
antofagasta,slab_deep,6.0,0.08139821590916971,0.029573150553416663,2,2.7524363953763986
antofagasta,slab_deep,6.5,0.024733819555062347,0.013699272372665224,1,1.8054841806353785
antofagasta,slab_deep,7.0,0.007294795656722114,0.0,0,
antofagasta,deep_nest,5.0,0.02169607443529617,0.0,0,
antofagasta,deep_nest,5.5,0.006624508280762333,0.0,0,
antofagasta,deep_nest,6.0,0.001986085933300667,0.0,0,
antofagasta,deep_nest,6.5,0.0005585659494561448,0.0,0,
antofagasta,deep_nest,7.0,0.00011923266938288052,0.0,0,
copiapo,intra_slab,5.0,0.8304877068776626,1.3294275642027265,65,0.6246957180970714
copiapo,intra_slab,5.5,0.28087391355030805,0.3962520018597926,21,0.7088264847421283
copiapo,intra_slab,6.0,0.09430175094429055,0.2264297153484529,12,0.4164725058244652
copiapo,intra_slab,6.5,0.03096787489879144,0.15095314356563527,8,0.20514892348251387
copiapo,intra_slab,7.0,0.009468526877530727,0.0,0,
copiapo,slab_deep,5.0,0.646027323689689,1.1854995554697785,63,0.5449410088000306
copiapo,slab_deep,5.5,0.19858394876810606,0.10894254145717386,7,1.8228319819964078
copiapo,slab_deep,6.0,0.06087886037980656,0.013699272372665224,1,4.4439484611811135
copiapo,slab_deep,6.5,0.01849876843777707,0.013699272372665224,1,1.350346787373065
copiapo,slab_deep,7.0,0.005455879362028609,0.0,0,
copiapo,deep_nest,5.0,0.004350604030662343,0.0,0,
copiapo,deep_nest,5.5,0.0013283791274496172,0.0,0,
copiapo,deep_nest,6.0,0.0003982597631856674,0.0,0,
copiapo,deep_nest,6.5,0.0001120064036626481,0.0,0,
copiapo,deep_nest,7.0,2.390912390860395e-05,0.0,0,
valparaiso,intra_slab,5.0,1.242725859976929,1.9904252899830117,97,0.6243519243003267
valparaiso,intra_slab,5.5,0.420294331717661,0.6792891460453587,36,0.6187267000577047
valparaiso,intra_slab,6.0,0.1411113296067552,0.15095314356563527,8,0.9348021927439968
valparaiso,intra_slab,6.5,0.046339733444034435,0.05660742883711323,3,0.8186157611464057
valparaiso,intra_slab,7.0,0.014168521832590231,0.03773828589140882,2,0.37544158400198346
valparaiso,slab_deep,5.0,0.9830933381690545,1.5984342197075982,83,0.6150352176199606
valparaiso,slab_deep,5.5,0.30219551084342056,0.3256078711309721,21,0.9280964547747859
valparaiso,slab_deep,6.0,0.09264252436396736,0.0398780638774463,3,2.3231449914087445
valparaiso,slab_deep,6.5,0.02815053690243865,0.008130307515943418,1,3.462419699037932
valparaiso,slab_deep,7.0,0.00830249504623215,0.008130307515943418,1,1.0211784769458074
valparaiso,deep_nest,5.0,0.0,0.0,0,
valparaiso,deep_nest,5.5,0.0,0.0,0,
valparaiso,deep_nest,6.0,0.0,0.0,0,
valparaiso,deep_nest,6.5,0.0,0.0,0,
valparaiso,deep_nest,7.0,0.0,0.0,0,
santiago_centro,intra_slab,5.0,0.6356379640437858,0.8611261855408784,42,0.7381472944578243
santiago_centro,intra_slab,5.5,0.21497503344552876,0.2641680012398617,14,0.8137815043326679
santiago_centro,intra_slab,6.0,0.07217659271724988,0.07547657178281764,4,0.9562781007719404
santiago_centro,intra_slab,6.5,0.023702165352255777,0.03773828589140882,2,0.6280668237147362
santiago_centro,intra_slab,7.0,0.007247012926362274,0.01886914294570441,1,0.38406688354714424
santiago_centro,slab_deep,5.0,1.2270866289288507,2.301934633359829,122,0.5330675385590053
santiago_centro,slab_deep,5.5,0.37719721646056487,0.4662981689496489,30,0.8089185023184057
santiago_centro,slab_deep,6.0,0.1156354117188539,0.08532509261161439,6,1.355233357263461
santiago_centro,slab_deep,6.5,0.03513720019147457,0.02182957988860864,2,1.609614127746465
santiago_centro,slab_deep,7.0,0.010363085845901331,0.008130307515943418,1,1.274624093317438
santiago_centro,deep_nest,5.0,0.0,0.0,0,
santiago_centro,deep_nest,5.5,0.0,0.0,0,
santiago_centro,deep_nest,6.0,0.0,0.0,0,
santiago_centro,deep_nest,6.5,0.0,0.0,0,
santiago_centro,deep_nest,7.0,0.0,0.0,0,
santiago_penalolen,intra_slab,5.0,0.526377737878463,0.4871705216075524,24,1.0804794513049263
santiago_penalolen,intra_slab,5.5,0.17802283407605066,0.1886914294570441,10,0.9434600956085175
santiago_penalolen,intra_slab,6.0,0.05977011089863717,0.07547657178281764,4,0.7919028313928261
santiago_penalolen,intra_slab,6.5,0.019627984618115428,0.03773828589140882,2,0.5201080058218481
santiago_penalolen,intra_slab,7.0,0.006001319125570302,0.01886914294570441,1,0.3180493752598611
santiago_penalolen,slab_deep,5.0,1.2302696031915603,2.2716284601105756,121,0.5415804674025235
santiago_penalolen,slab_deep,5.5,0.37817563885035876,0.4980459253111518,32,0.7593188090317079
santiago_penalolen,slab_deep,6.0,0.1159353616414445,0.08532509261161439,6,1.3587487349022045
santiago_penalolen,slab_deep,6.5,0.03522834355595801,0.02182957988860864,2,1.6137893507671792
santiago_penalolen,slab_deep,7.0,0.010389966943577841,0.008130307515943418,1,1.2779303763361058
santiago_penalolen,deep_nest,5.0,0.0,0.0,0,
santiago_penalolen,deep_nest,5.5,0.0,0.0,0,
santiago_penalolen,deep_nest,6.0,0.0,0.0,0,
santiago_penalolen,deep_nest,6.5,0.0,0.0,0,
santiago_penalolen,deep_nest,7.0,0.0,0.0,0,
concepcion,intra_slab,5.0,0.9669644691617296,0.46899957353563587,23,2.0617598047522683
concepcion,intra_slab,5.5,0.3270308428028023,0.14021430813587427,8,2.3323642725954477
concepcion,intra_slab,6.0,0.10979866623877987,0.045868593407352234,3,2.393765713800597
concepcion,intra_slab,6.5,0.03605692710992611,0.008130307515943418,1,4.434878636413074
concepcion,intra_slab,7.0,0.011024520880986427,0.008130307515943418,1,1.3559783389948656
concepcion,slab_deep,5.0,0.5997971806951681,0.3371569999749748,19,1.7789848074923182
concepcion,slab_deep,5.5,0.18437314991901216,0.05575194205819774,4,3.307026501902852
concepcion,slab_deep,6.0,0.05652232882533823,0.008130307515943418,1,6.9520530083885195
concepcion,slab_deep,6.5,0.017174984321004894,0.008130307515943418,1,2.1124642933031734
concepcion,slab_deep,7.0,0.005065453022741642,0.008130307515943418,1,0.6230333862290399
concepcion,deep_nest,5.0,0.0,0.0,0,
concepcion,deep_nest,5.5,0.0,0.0,0,
concepcion,deep_nest,6.0,0.0,0.0,0,
concepcion,deep_nest,6.5,0.0,0.0,0,
concepcion,deep_nest,7.0,0.0,0.0,0,
pucon,intra_slab,5.0,0.23428183791117532,0.01886914294570441,1,12.416135623399365
pucon,intra_slab,5.5,0.07923495572892864,0.01886914294570441,1,4.199181486775826
pucon,intra_slab,6.0,0.02660266653738994,0.0,0,
pucon,intra_slab,6.5,0.008736084336237187,0.0,0,
pucon,intra_slab,7.0,0.0026710857497446536,0.0,0,
pucon,slab_deep,5.0,0.23287589043557524,0.5577523438009688,28,0.41752561512977854
pucon,slab_deep,5.5,0.07158430022968217,0.07719478509567097,5,0.9273204160224622
pucon,slab_deep,6.0,0.02194523095196227,0.013699272372665224,1,1.6019267560334502
pucon,slab_deep,6.5,0.006668320385125743,0.013699272372665224,1,0.4867645670314099
pucon,slab_deep,7.0,0.0019667012801947398,0.0,0,
pucon,deep_nest,5.0,0.0,0.0,0,
pucon,deep_nest,5.5,0.0,0.0,0,
pucon,deep_nest,6.0,0.0,0.0,0,
pucon,deep_nest,6.5,0.0,0.0,0,
pucon,deep_nest,7.0,0.0,0.0,0,
puerto_montt,intra_slab,5.0,0.13769932078122052,0.03773828589140882,2,3.6487963755812234
puerto_montt,intra_slab,5.5,0.046570402909932945,0.01886914294570441,1,2.4680719757086145
puerto_montt,intra_slab,6.0,0.01563573662315457,0.01886914294570441,1,0.8286405306349153
puerto_montt,intra_slab,6.5,0.005134639928184901,0.0,0,
puerto_montt,intra_slab,7.0,0.0015699325938687038,0.0,0,
puerto_montt,slab_deep,5.0,0.0712494020432201,0.13998173740226375,7,0.5089906966826079
puerto_montt,slab_deep,5.5,0.021901531229821313,0.06349551272300576,4,0.3449303783932739
puerto_montt,slab_deep,6.0,0.006714239847255638,0.03174775636150288,2,0.21148706607177073
puerto_montt,slab_deep,6.5,0.0020402019255156166,0.0,0,
puerto_montt,slab_deep,7.0,0.00060172089927135,0.0,0,
puerto_montt,deep_nest,5.0,0.0,0.0,0,
puerto_montt,deep_nest,5.5,0.0,0.0,0,
puerto_montt,deep_nest,6.0,0.0,0.0,0,
puerto_montt,deep_nest,6.5,0.0,0.0,0,
puerto_montt,deep_nest,7.0,0.0,0.0,0,
puerto_aysen,intra_slab,5.0,0.005244895001863523,0.0,0,
puerto_aysen,intra_slab,5.5,0.0017738422533336794,0.0,0,
puerto_aysen,intra_slab,6.0,0.0005955570180010791,0.0,0,
puerto_aysen,intra_slab,6.5,0.00019557574534803828,0.0,0,
puerto_aysen,intra_slab,7.0,5.979791017217248e-05,0.0,0,
puerto_aysen,slab_deep,5.0,0.002033903125464958,0.0,0,
puerto_aysen,slab_deep,5.5,0.000625206549716452,0.0,0,
puerto_aysen,slab_deep,6.0,0.0001916663581565326,0.0,0,
puerto_aysen,slab_deep,6.5,5.824011084849099e-05,0.0,0,
puerto_aysen,slab_deep,7.0,1.7176874227564712e-05,0.0,0,
puerto_aysen,deep_nest,5.0,0.0,0.0,0,
puerto_aysen,deep_nest,5.5,0.0,0.0,0,
puerto_aysen,deep_nest,6.0,0.0,0.0,0,
puerto_aysen,deep_nest,6.5,0.0,0.0,0,
puerto_aysen,deep_nest,7.0,0.0,0.0,0,
iquique,total,5.0,2.866643511860854,4.519930619450434,245,0.634222901458917
iquique,total,5.5,0.9057906894395699,1.238717643036071,76,0.7312325730821884
iquique,total,6.0,0.2855605357389506,0.332706430680259,21,0.8582958109799296
iquique,total,6.5,0.08898978606798667,0.11436495527067835,8,0.7781211111163043
iquique,total,7.0,0.026562074703412118,0.03552885226127386,3,0.7476198360723447
antofagasta,total,5.0,1.8864337675333478,2.225683622528828,122,0.8475749870459919
antofagasta,total,5.5,0.6106717056476272,0.6442086953998609,38,0.9479407993221556
antofagasta,total,6.0,0.19704377087040534,0.16978745868929093,10,1.1605319520742292
antofagasta,total,6.5,0.06261716667427185,0.05956786578001746,4,1.051190366724156
antofagasta,total,7.0,0.018826199644245867,0.026999450461647825,2,0.6972808454375063
copiapo,total,5.0,1.480865634598014,2.514927119672505,128,0.5888304368799574
copiapo,total,5.5,0.48078624144586374,0.5051945433169664,28,0.9516853414313532
copiapo,total,6.0,0.15557887108728277,0.24012898772111813,13,0.6478970846617216
copiapo,total,6.5,0.04957864974023116,0.1646524159383005,9,0.30111097646334906
copiapo,total,7.0,0.01494831536346794,0.0,0,
valparaiso,total,5.0,2.2258191981459836,3.58885950969061,180,0.6202023768653647
valparaiso,total,5.5,0.7224898425610815,1.0048970171763307,57,0.7189690388286875
valparaiso,total,6.0,0.23375385397072257,0.19083120744308157,11,1.2249246708793338
valparaiso,total,6.5,0.07449027034647308,0.06473773635305664,4,1.1506468181128482
valparaiso,total,7.0,0.02247101687882238,0.045868593407352234,3,0.4898998467047067
santiago_centro,total,5.0,1.8627245929726364,3.1630608189007074,164,0.5888993919566836
santiago_centro,total,5.5,0.5921722499060936,0.7304661701895105,44,0.8106771731159866
santiago_centro,total,6.0,0.1878120044361038,0.16080166439443203,10,1.1679730128627142
santiago_centro,total,6.5,0.05883936554373035,0.05956786578001746,4,0.9877702478215782
santiago_centro,total,7.0,0.017610098772263605,0.026999450461647825,2,0.6522391556553492
santiago_penalolen,total,5.0,1.7566473410700232,2.758798981718128,145,0.6367435078492077
santiago_penalolen,total,5.5,0.5561984729264094,0.6867373547681959,42,0.8099144004102572
santiago_penalolen,total,6.0,0.17570547254008168,0.16080166439443203,10,1.0926844146904595
santiago_penalolen,total,6.5,0.05485632817407344,0.05956786578001746,4,0.92090471021165
santiago_penalolen,total,7.0,0.016391286069148144,0.026999450461647825,2,0.6070970256387861
concepcion,total,5.0,1.5667616498568977,0.8061565735106107,42,1.9434954713996089
concepcion,total,5.5,0.5114039927218145,0.195966250194072,12,2.6096534082545024
concepcion,total,6.0,0.1663209950641181,0.05399890092329565,4,3.080081116842984
concepcion,total,6.5,0.053231911430931006,0.016260615031886836,2,3.2736714648581238
concepcion,total,7.0,0.01608997390372807,0.016260615031886836,2,0.9895058626119527
pucon,total,5.0,0.46715772834675057,0.5766214867466732,29,0.8101635805881557
pucon,total,5.5,0.1508192559586108,0.09606392804137538,6,1.569988434094137
pucon,total,6.0,0.048547897489352204,0.013699272372665224,1,3.5438303705985157
pucon,total,6.5,0.015404404721362931,0.013699272372665224,1,1.1244688259575037
pucon,total,7.0,0.004637787029939394,0.0,0,
puerto_montt,total,5.0,0.2089487228244406,0.17772002329367256,9,1.1757185203558314
puerto_montt,total,5.5,0.06847193413975426,0.08236465566871017,5,0.8313266604933593
puerto_montt,total,6.0,0.022349976470410208,0.05061689930720729,3,0.4415516710093662
puerto_montt,total,6.5,0.007174841853700518,0.0,0,
puerto_montt,total,7.0,0.002171653493140054,0.0,0,
puerto_aysen,total,5.0,0.007278798127328481,0.0,0,
puerto_aysen,total,5.5,0.0023990488030501316,0.0,0,
puerto_aysen,total,6.0,0.0007872233761576117,0.0,0,
puerto_aysen,total,6.5,0.00025381585619652927,0.0,0,
puerto_aysen,total,7.0,7.697478439973719e-05,0.0,0,
