site,M,ratio,n_obs,variant
iquique,5.5,0.7312325730821884,76,ref
iquique,6.0,0.8582958109799296,21,ref
antofagasta,5.5,0.9479407993221556,38,ref
antofagasta,6.0,1.1605319520742292,10,ref
copiapo,5.5,0.9516853414313532,28,ref
copiapo,6.0,0.6478970846617216,13,ref
valparaiso,5.5,0.7189690388286875,57,ref
valparaiso,6.0,1.2249246708793338,11,ref
santiago_centro,5.5,0.8106771731159866,44,ref
santiago_centro,6.0,1.1679730128627142,10,ref
santiago_penalolen,5.5,0.8099144004102572,42,ref
santiago_penalolen,6.0,1.0926844146904595,10,ref
concepcion,5.5,2.6096534082545024,12,ref
concepcion,6.0,3.080081116842984,4,ref
pucon,5.5,1.569988434094137,6,ref
pucon,6.0,3.5438303705985157,1,ref
puerto_montt,5.5,0.8313266604933593,5,ref
puerto_montt,6.0,0.4415516710093662,3,ref
puerto_aysen,5.5,,0,ref
puerto_aysen,6.0,,0,ref
iquique,5.5,0.743221573636796,79,cls_m5
iquique,6.0,0.9159788342410694,21,cls_m5
antofagasta,5.5,0.8842553906641913,45,cls_m5
antofagasta,6.0,1.0725618651374984,12,cls_m5
copiapo,5.5,0.8281578602424712,36,cls_m5
copiapo,6.0,0.5954207658272815,16,cls_m5
valparaiso,5.5,0.7074683583038133,64,cls_m5
valparaiso,6.0,0.9814590577910446,15,cls_m5
santiago_centro,5.5,0.7831185333079995,48,cls_m5
santiago_centro,6.0,0.9243414293421315,13,cls_m5
santiago_penalolen,5.5,0.8788527469402949,41,cls_m5
santiago_penalolen,6.0,1.0356930490912644,11,cls_m5
concepcion,5.5,1.9796791477628017,17,cls_m5
concepcion,6.0,2.045800404739519,6,cls_m5
pucon,5.5,1.6960830367826658,6,cls_m5
pucon,6.0,3.842332320282542,1,cls_m5
puerto_montt,5.5,1.6508015681733093,5,cls_m5
puerto_montt,6.0,0.8898052153085493,3,cls_m5
puerto_aysen,5.5,,0,cls_m5
puerto_aysen,6.0,,0,cls_m5
iquique,5.5,0.7541652697167578,70,cls_p5
iquique,6.0,0.9543528945192821,18,cls_p5
antofagasta,5.5,0.7177444032611827,37,cls_p5
antofagasta,6.0,0.883081432330521,9,cls_p5
copiapo,5.5,0.964535458335192,26,cls_p5
copiapo,6.0,0.5916891364772132,13,cls_p5
valparaiso,5.5,0.8309307838033668,44,cls_p5
valparaiso,6.0,1.2970230598434733,9,cls_p5
santiago_centro,5.5,0.8576998108641264,39,cls_p5
santiago_centro,6.0,1.1967443463512561,9,cls_p5
santiago_penalolen,5.5,0.8287508564150367,39,cls_p5
santiago_penalolen,6.0,1.1436012213577829,9,cls_p5
concepcion,5.5,2.847193997170553,11,cls_p5
concepcion,6.0,9.809470536444957,2,cls_p5
pucon,5.5,1.717685878152898,6,cls_p5
pucon,6.0,3.797659302904091,1,cls_p5
puerto_montt,5.5,0.8105553407679783,5,cls_p5
puerto_montt,6.0,0.4180003434173836,3,cls_p5
puerto_aysen,5.5,,0,cls_p5
puerto_aysen,6.0,,0,cls_p5
iquique,5.5,0.7372663034447576,75,cls_fix
iquique,6.0,0.857315133903747,21,cls_fix
antofagasta,5.5,0.9408457932147571,38,cls_fix
antofagasta,6.0,1.1651803601509796,10,cls_fix
copiapo,5.5,1.0208702275075556,25,cls_fix
copiapo,6.0,0.6766116893064176,12,cls_fix
valparaiso,5.5,0.7214154003351886,56,cls_fix
valparaiso,6.0,1.2202190019625876,11,cls_fix
santiago_centro,5.5,0.8089630447156045,44,cls_fix
santiago_centro,6.0,1.1746071158949707,10,cls_fix
santiago_penalolen,5.5,0.8117805420930996,42,cls_fix
santiago_penalolen,6.0,1.103119255129453,10,cls_fix
concepcion,5.5,2.435427751900446,12,cls_fix
concepcion,6.0,2.9055393596707098,4,cls_fix
pucon,5.5,1.5220042928044097,6,cls_fix
pucon,6.0,3.468763914409868,1,cls_fix
puerto_montt,5.5,0.7739529030990754,5,cls_fix
puerto_montt,6.0,0.41595923054058126,3,cls_fix
puerto_aysen,5.5,,0,cls_fix
puerto_aysen,6.0,,0,cls_fix
iquique,5.5,0.7682615074294386,75,mc_lo
iquique,6.0,0.8893004689151558,20,mc_lo
antofagasta,5.5,0.8395287727650106,38,mc_lo
antofagasta,6.0,1.0133093156580097,10,mc_lo
copiapo,5.5,0.9337901037886236,28,mc_lo
copiapo,6.0,0.6170435014283201,13,mc_lo
valparaiso,5.5,0.8814412892495597,58,mc_lo
valparaiso,6.0,1.4802031347687703,12,mc_lo
santiago_centro,5.5,0.9854735145409604,44,mc_lo
santiago_centro,6.0,1.3590870169016203,11,mc_lo
santiago_penalolen,5.5,0.9680998540516045,42,mc_lo
santiago_penalolen,6.0,1.2558061853398093,11,mc_lo
concepcion,5.5,2.7743107987563045,12,mc_lo
concepcion,6.0,3.195890195677377,4,mc_lo
pucon,5.5,1.3098780199998328,6,mc_lo
pucon,6.0,2.785457719034069,1,mc_lo
puerto_montt,5.5,0.7204263539820537,5,mc_lo
puerto_montt,6.0,0.3704097492782289,3,mc_lo
puerto_aysen,5.5,,0,mc_lo
puerto_aysen,6.0,,0,mc_lo
iquique,5.5,0.7132508559717409,77,mc_hi
iquique,6.0,0.842183276034077,22,mc_hi
antofagasta,5.5,0.9319945196953661,38,mc_hi
antofagasta,6.0,1.2031183404879273,10,mc_hi
copiapo,5.5,1.0038875106107297,28,mc_hi
copiapo,6.0,0.724029111709111,13,mc_hi
valparaiso,5.5,0.7360767083462003,59,mc_hi
valparaiso,6.0,1.165803463711256,13,mc_hi
santiago_centro,5.5,0.8454320370745383,46,mc_hi
santiago_centro,6.0,1.1057301788511131,12,mc_hi
santiago_penalolen,5.5,0.8468888538240982,44,mc_hi
santiago_penalolen,6.0,1.0399039152982819,12,mc_hi
concepcion,5.5,2.260353155215692,13,mc_hi
concepcion,6.0,2.3584321115725584,5,mc_hi
pucon,5.5,1.7433470113789538,6,mc_hi
pucon,6.0,4.1109525385183385,1,mc_hi
puerto_montt,5.5,0.9354628369957775,5,mc_hi
puerto_montt,6.0,0.5300899790234016,3,mc_hi
puerto_aysen,5.5,,0,mc_hi
puerto_aysen,6.0,,0,mc_hi
iquique,5.5,0.8719505376113135,111,raw
iquique,6.0,1.1664994129541013,24,raw
antofagasta,5.5,0.9120782933383468,46,raw
antofagasta,6.0,0.8573986744833989,14,raw
copiapo,5.5,0.8613992502456843,38,raw
copiapo,6.0,0.597893612401772,16,raw
valparaiso,5.5,0.7891831876876163,78,raw
valparaiso,6.0,1.321308216359208,14,raw
santiago_centro,5.5,0.8131377674487872,54,raw
santiago_centro,6.0,1.063325349858832,12,raw
santiago_penalolen,5.5,0.7838158083951002,51,raw
santiago_penalolen,6.0,1.0412796009158656,11,raw
concepcion,5.5,2.2721497797628474,20,raw
concepcion,6.0,4.321044969302648,4,raw
pucon,5.5,1.4324645751493355,6,raw
pucon,6.0,2.9297297862331604,1,raw
puerto_montt,5.5,0.6678626972102751,5,raw
puerto_montt,6.0,0.32245563417105627,3,raw
puerto_aysen,5.5,,0,raw
puerto_aysen,6.0,,0,raw
iquique,5.5,0.7690585750308024,76,smooth_cv
iquique,6.0,0.901996069142825,21,smooth_cv
antofagasta,5.5,0.9821401244528528,38,smooth_cv
antofagasta,6.0,1.212983251643402,10,smooth_cv
copiapo,5.5,0.9349950595050364,28,smooth_cv
copiapo,6.0,0.6381954048932046,13,smooth_cv
valparaiso,5.5,0.7988714400506696,57,smooth_cv
valparaiso,6.0,1.3616975332908374,11,smooth_cv
santiago_centro,5.5,0.8229437280933354,44,smooth_cv
santiago_centro,6.0,1.180360530358396,10,smooth_cv
santiago_penalolen,5.5,0.7911863225847355,42,smooth_cv
santiago_penalolen,6.0,1.0600690656538703,10,smooth_cv
concepcion,5.5,3.417720399489178,12,smooth_cv
concepcion,6.0,4.04187470539585,4,smooth_cv
pucon,5.5,1.151495433113405,6,smooth_cv
pucon,6.0,2.527871194171272,1,smooth_cv
puerto_montt,5.5,0.5695134336902999,5,smooth_cv
puerto_montt,6.0,0.3014625457187859,3,smooth_cv
puerto_aysen,5.5,,0,smooth_cv
puerto_aysen,6.0,,0,smooth_cv
