set,dm,dy,b,b_err,n_fit,a,N8.0,steps,N7.0
interface,-0.2,-5,0.801154495924243,0.03617586892161105,281,5.024554523973845,0.0412399905011415,"[[8.1, 1513], [6.6, 1895], [5.8, 1945], [5.1, 1971], [5.0, 1981], [4.8, 1992], [4.6, 1997], [4.2, 2008]]",
interface,-0.2,0,0.8008129815172116,0.03931189785643958,268,5.029247795252834,0.04195115700744637,"[[8.1, 1513], [6.6, 1900], [5.8, 1950], [5.1, 1976], [5.0, 1986], [4.8, 1997], [4.6, 2002], [4.2, 2013]]",
interface,-0.2,5,0.790853828821072,0.036048483602011634,249,4.9677815482873156,0.04374726608975565,"[[8.1, 1513], [6.6, 1905], [5.8, 1955], [5.1, 1981], [5.0, 1991], [4.8, 2002], [4.6, 2007], [4.2, 2018]]",
interface,-0.1,-5,0.7988306765461308,0.03979713630991863,274,5.027554860773655,0.0433420499598069,"[[8.2, 1513], [6.7, 1895], [5.9, 1945], [5.2, 1971], [5.1, 1981], [4.9, 1992], [4.7, 1997], [4.3, 2008]]",
interface,-0.1,0,0.7972860747347533,0.041701212555203516,260,5.024836204202702,0.04431467885203676,"[[8.2, 1513], [6.7, 1900], [5.9, 1950], [5.2, 1976], [5.1, 1986], [4.9, 1997], [4.7, 2002], [4.3, 2013]]",
interface,-0.1,5,0.7822025284238955,0.03789340148195134,238,4.9287040050049455,0.04689038273538096,"[[8.2, 1513], [6.7, 1905], [5.9, 1955], [5.2, 1981], [5.1, 1991], [4.9, 2002], [4.7, 2007], [4.3, 2018]]",
interface,0.0,-5,0.7884132098815536,0.03781816423040221,268,4.981344732733918,0.04721054931697591,"[[8.3, 1513], [6.8, 1895], [6.0, 1945], [5.3, 1971], [5.2, 1981], [5.0, 1992], [4.8, 1997], [4.4, 2008]]",
interface,0.0,0,0.7856388502892121,0.03764051189218658,253,4.970742339714391,0.048487694800541555,"[[8.3, 1513], [6.8, 1900], [6.0, 1950], [5.3, 1976], [5.2, 1986], [5.0, 1997], [4.8, 2002], [4.4, 2013]]",
interface,0.0,5,0.7688830769572362,0.03776477452687811,230,4.863425275609002,0.05156566940389265,"[[8.3, 1513], [6.8, 1905], [6.0, 1955], [5.3, 1981], [5.2, 1991], [5.0, 2002], [4.8, 2007], [4.4, 2018]]",
interface,0.1,-5,0.7940816626791248,0.03770393286779771,253,5.010858271403102,0.04552028473594327,"[[8.4, 1513], [6.9, 1895], [6.1, 1945], [5.4, 1971], [5.3, 1981], [5.1, 1992], [4.9, 1997], [4.5, 2008]]",
interface,0.1,0,0.7893137412912685,0.03867437869491285,241,4.994282891347772,0.04783799411139299,"[[8.4, 1513], [6.9, 1900], [6.1, 1950], [5.4, 1976], [5.3, 1986], [5.1, 1997], [4.9, 2002], [4.5, 2013]]",
interface,0.1,5,0.7717548488917463,0.03991256560816624,218,4.882253614378255,0.05107575831258229,"[[8.4, 1513], [6.9, 1905], [6.1, 1955], [5.4, 1981], [5.3, 1991], [5.1, 2002], [4.9, 2007], [4.5, 2018]]",
interface,0.2,-5,0.7970605384731906,0.03957622458478807,243,5.029336575757731,0.04496268812944931,"[[8.5, 1513], [7.0, 1895], [6.2, 1945], [5.5, 1971], [5.4, 1981], [5.2, 1992], [5.0, 1997], [4.6, 2008]]",
interface,0.2,0,0.7909522250237154,0.040796350519521504,230,5.003792738099822,0.04744330528804963,"[[8.5, 1513], [7.0, 1900], [6.2, 1950], [5.5, 1976], [5.4, 1986], [5.2, 1997], [5.0, 2002], [4.6, 2013]]",
interface,0.2,5,0.7734286941975855,0.03868606406905219,208,4.8939321134442375,0.050874781834998,"[[8.5, 1513], [7.0, 1905], [6.2, 1955], [5.5, 1981], [5.4, 1991], [5.2, 2002], [5.0, 2007], [4.6, 2018]]",
intra_slab,-0.2,-5,0.9295233335050025,0.06785232197792769,167,5.656241941068373,,"[[7.3, 1900], [4.9, 1965], [4.6, 1985], [4.5, 2005]]",0.1411167632190677
intra_slab,-0.2,0,0.952422940796605,0.0744422800551471,160,5.804280913145912,,"[[7.3, 1900], [4.9, 1970], [4.6, 1990], [4.5, 2010]]",0.13718932761658542
intra_slab,-0.2,5,0.9643008049126236,0.06353625589045776,158,5.907136580829875,,"[[7.3, 1900], [4.9, 1975], [4.6, 1995], [4.5, 2015]]",0.14355917254029626
intra_slab,-0.1,-5,0.9142476650234884,0.06885791889596188,167,5.572820402611451,,"[[7.4, 1900], [5.0, 1965], [4.7, 1985], [4.6, 2005]]",0.1489658597437028
intra_slab,-0.1,0,0.9353701784913285,0.07565321959253019,160,5.711076351822947,,"[[7.4, 1900], [5.0, 1970], [4.7, 1990], [4.6, 2010]]",0.14570857214188895
intra_slab,-0.1,5,0.9450704345970677,0.06468289276839656,158,5.801996743134474,,"[[7.4, 1900], [5.0, 1975], [4.7, 1995], [4.6, 2015]]",0.15363978860957192
intra_slab,0.0,-5,0.8999821239897399,0.07008204531725251,167,5.49479590083307,,"[[7.5, 1900], [5.1, 1965], [4.8, 1985], [4.7, 2005]]",0.1566466216078148
intra_slab,0.0,0,0.9384215556689721,0.07316550289387898,159,5.72778439576647,,"[[7.5, 1900], [5.1, 1970], [4.8, 1990], [4.7, 2010]]",0.1441562598900164
intra_slab,0.0,5,0.9460129520153449,0.06847722412558688,157,5.807158885657148,,"[[7.5, 1900], [5.1, 1975], [4.8, 1995], [4.7, 2015]]",0.15313279928613474
intra_slab,0.1,-5,0.8866555546186602,0.07151292338174127,167,5.421812922110649,,"[[7.6, 1900], [5.2, 1965], [4.9, 1985], [4.8, 2005]]",0.16414363236614013
intra_slab,0.1,0,0.9238926061087642,0.07481476221591217,159,5.648108499604338,,"[[7.6, 1900], [5.2, 1970], [4.9, 1990], [4.8, 2010]]",0.1516562303915068
intra_slab,0.1,5,0.9293641681860028,0.07020588008402387,157,5.715840181055327,,"[[7.6, 1900], [5.2, 1975], [4.9, 1995], [4.8, 2015]]",0.1622897173062275
intra_slab,0.2,-5,0.8742007536573448,0.07314281788333336,167,5.353529496362084,,"[[7.7, 1900], [5.3, 1965], [5.0, 1985], [4.9, 2005]]",0.17144476189015995
intra_slab,0.2,0,0.9103451873635268,0.07668711093145147,159,5.573741821158109,,"[[7.7, 1900], [5.3, 1970], [5.0, 1990], [4.9, 2010]]",0.15897378322747974
intra_slab,0.2,5,0.9136813333788327,0.0722003393646087,157,5.629739853161645,,"[[7.7, 1900], [5.3, 1975], [5.0, 1995], [4.9, 2015]]",0.17138409657431955
slab_deep,-0.2,-5,1.0174254717299374,0.06917110071651766,232,6.4079955056757045,,"[[7.3, 1900], [6.3, 1945], [4.9, 1955], [4.5, 1985], [4.3, 2005]]",0.19320448489656836
slab_deep,-0.2,0,1.0452311188688153,0.0690667487033825,222,6.5817735753495725,,"[[7.3, 1900], [6.3, 1950], [4.9, 1960], [4.5, 1990], [4.3, 2010]]",0.18414322430098184
slab_deep,-0.2,5,1.0729413432166472,0.07351380343213353,204,6.739958836082675,,"[[7.3, 1900], [6.3, 1955], [4.9, 1965], [4.5, 1995], [4.3, 2015]]",0.16957797058556034
slab_deep,-0.1,-5,1.007560589306453,0.0644428934018139,230,6.352289418447608,,"[[7.4, 1900], [6.4, 1945], [5.0, 1955], [4.6, 1985], [4.4, 2005]]",0.19923484363610247
slab_deep,-0.1,0,1.0329526794773836,0.06834074843099346,221,6.514199167450867,,"[[7.4, 1900], [6.4, 1950], [5.0, 1960], [4.6, 1990], [4.4, 2010]]",0.19210134744100876
slab_deep,-0.1,5,1.0602413871946568,0.07369282256731713,202,6.668076080404538,,"[[7.4, 1900], [6.4, 1955], [5.0, 1965], [4.6, 1995], [4.4, 2015]]",0.1763544285711807
slab_deep,0.0,-5,0.997508509317268,0.07090932809000379,229,6.29633015147576,,"[[7.5, 1900], [6.5, 1945], [5.1, 1955], [4.7, 1985], [4.5, 2005]]",0.20595416839532044
slab_deep,0.0,0,1.0235761875148557,0.07002768063947493,219,6.460460234221763,,"[[7.5, 1900], [6.5, 1950], [5.1, 1960], [4.7, 1990], [4.5, 2010]]",0.19743626270491998
slab_deep,0.0,5,1.0640744046708304,0.09098939210149988,199,6.689256001833272,,"[[7.5, 1900], [6.5, 1955], [5.1, 1965], [4.7, 1995], [4.5, 2015]]",0.17407450510109077
slab_deep,0.1,-5,1.0150797546996608,0.07080142014101899,226,6.396704796463398,,"[[7.6, 1900], [6.6, 1945], [5.2, 1955], [4.8, 1985], [4.6, 2005]]",0.1954998882867195
slab_deep,0.1,0,1.0454170662671471,0.0771707334287204,215,6.583734873076438,,"[[7.6, 1900], [6.6, 1950], [5.2, 1960], [4.8, 1990], [4.6, 2010]]",0.1844231387820585
slab_deep,0.1,5,1.0860761528625469,0.07070171895691119,196,6.815099477758128,,"[[7.6, 1900], [6.6, 1955], [5.2, 1965], [4.8, 1995], [4.6, 2015]]",0.16314223500128752
slab_deep,0.2,-5,1.012431008832262,0.07564295991355782,224,6.380306688169974,,"[[7.7, 1900], [6.7, 1945], [5.3, 1955], [4.9, 1985], [4.7, 2005]]",0.19646700574925496
slab_deep,0.2,0,1.047276341874866,0.07696984095536857,212,6.591509044879257,,"[[7.7, 1900], [6.7, 1950], [5.3, 1960], [4.9, 1990], [4.7, 2010]]",0.18221102523841223
slab_deep,0.2,5,1.077751520919288,0.07367590699847017,195,6.767575707360922,,"[[7.7, 1900], [6.7, 1955], [5.3, 1965], [4.9, 1995], [4.7, 2015]]",0.16723033545102461
