ogc_fid,id_sys,id_flt,id_seg,name,dips,dip,dip_dir,slip_rates,slip_rate,rup_type,downt_side,len_st,upp_sd,low_sd,az_tr,id_area,usd,lsd,min_mag,max_mag,a_val,b_val,length_km
1,,CL-038,CL-038,Atajaña,>60,72.000000000000000,S,0.1-1,0.500000000000000,reverse,None,30.737323078040713,0.000000000000000,20.000000000000000,70.628444007776181,"49",0.000000000000000,18.000000000000000,4.500000000000000,8.199999999999999,4.613112456710000,0.936981404387000,31
2,,CL-053,CL-053,Pisagua,>60,72.000000000000000,S,0.1-1,0.500000000000000,reverse,None,23.016401713992217,0.000000000000000,20.000000000000000,69.840431090617642,"49",0.000000000000000,18.000000000000000,4.500000000000000,8.199999999999999,4.613112456710000,0.936981404387000,23
5,,CL-055,CL-055,Zofri,>60,72.000000000000000,S,0.1-1,0.500000000000000,reverse,None,18.980061969005039,0.000000000000000,20.000000000000000,88.914296291444884,"49",0.000000000000000,18.000000000000000,4.500000000000000,8.199999999999999,4.613112456710000,0.936981404387000,19
8,,CL-054,CL-054,Salar Grande,>60,72.000000000000000,W,0.1-1,0.500000000000000,dextral,None,44.527276868972834,0.000000000000000,20.000000000000000,154.529110693818893,"49",0.000000000000000,18.000000000000000,4.500000000000000,8.199999999999999,4.613112456710000,0.936981404387000,44
9,,CL-044,CL-044a,Chuculay 1,>60,72.000000000000000,S,0.1-1,0.500000000000000,reverse,None,10.821622862189837,0.000000000000000,20.000000000000000,86.925796167153123,"49",0.000000000000000,18.000000000000000,4.500000000000000,8.199999999999999,4.613112456710000,0.936981404387000,11
10,,CL-044,CL-044b,Chuculay 2,>60,72.000000000000000,S,0.1-1,0.500000000000000,reverse,None,14.177154656994515,0.000000000000000,20.000000000000000,83.834098110269281,"49",0.000000000000000,18.000000000000000,4.500000000000000,8.199999999999999,4.613112456710000,0.936981404387000,14
12,,CL-044,CL-044c,Chuculay 3,>60,72.000000000000000,S,0.1-1,0.500000000000000,reverse,None,29.027427936405779,0.000000000000000,20.000000000000000,81.346933978365087,"49",0.000000000000000,18.000000000000000,4.500000000000000,8.199999999999999,4.613112456710000,0.936981404387000,29
13,,CL-044,CL-044f,Chuculay 6,>60,72.000000000000000,S,0.1-1,0.500000000000000,reverse,None,10.077508797481844,0.000000000000000,20.000000000000000,84.331520287219348,"49",0.000000000000000,18.000000000000000,4.500000000000000,8.199999999999999,4.613112456710000,0.936981404387000,10
14,,CL-043,CL-043,Chomache,>60,72.000000000000000,N,0.1-1,0.500000000000000,dextral,None,24.531954283083543,0.000000000000000,20.000000000000000,328.012614906468286,"49",0.000000000000000,18.000000000000000,4.500000000000000,8.199999999999999,4.613112456710000,0.936981404387000,24
15,,CL-046,CL-046,de Atacama segmento Salar del Carmen?,>60,72.000000000000000,E,0.1-1,0.500000000000000,normal,None,257.378343868392449,0.000000000000000,20.000000000000000,11.175346327894886,"49",0.000000000000000,18.000000000000000,4.500000000000000,8.199999999999999,4.613112456710000,0.936981404387000,256
16,,CL-036,CL-036,Aeropuerto,>60,72.000000000000000,E,0.1-1,0.500000000000000,normal,None,41.024326156898816,0.000000000000000,20.000000000000000,17.127985103421338,"49",0.000000000000000,18.000000000000000,4.500000000000000,8.199999999999999,4.613112456710000,0.936981404387000,41
17,,CL-044,CL-044e,Chuculay 5,>60,72.000000000000000,S,0.1-1,0.500000000000000,reverse,None,12.605609305954941,0.000000000000000,20.000000000000000,81.337875512672269,"49",0.000000000000000,18.000000000000000,4.500000000000000,8.199999999999999,4.613112456710000,0.936981404387000,13
18,,CL-051,CL-051,Ordoñez,>60,72.000000000000000,E,0.1-1,0.500000000000000,normal,None,37.183314286393710,0.000000000000000,20.000000000000000,17.909183197228174,"49",0.000000000000000,18.000000000000000,4.500000000000000,8.199999999999999,4.613112456710000,0.936981404387000,37
19,,CL-050,CL-050,Mititus,>60,72.000000000000000,E,0.1-1,0.500000000000000,normal,None,23.370021482453101,0.000000000000000,20.000000000000000,3.793974209589692,"49",0.000000000000000,18.000000000000000,4.500000000000000,8.199999999999999,4.613112456710000,0.936981404387000,23
20,,CL-045,CL-045,Coloso,"90.",87.000000000000000,E,0.1-1,0.500000000000000,normal,None,72.824048472561714,0.000000000000000,20.000000000000000,350.100929251047205,"49",0.000000000000000,18.000000000000000,4.500000000000000,8.199999999999999,4.613112456710000,0.936981404387000,73
21,,CL-040,CL-040,Bolfin,"90.",87.000000000000000,E,0.1-1,0.500000000000000,normal,None,18.109906954778229,0.000000000000000,20.000000000000000,341.388759317186725,"49",0.000000000000000,18.000000000000000,4.500000000000000,8.199999999999999,4.613112456710000,0.936981404387000,18
22,,CL-052,CL-052,Paranal,>60,72.000000000000000,E,0.1-1,0.500000000000000,normal,None,88.759014202815351,0.000000000000000,20.000000000000000,9.855272051188308,"49",0.000000000000000,18.000000000000000,4.500000000000000,8.199999999999999,4.613112456710000,0.936981404387000,88
23,,CL-049,CL-049,Mejillones,>60,72.000000000000000,E,0.1-1,0.500000000000000,normal,None,36.510319089141603,0.000000000000000,20.000000000000000,0.938439187279414,"49",0.000000000000000,18.000000000000000,4.500000000000000,8.199999999999999,4.613112456710000,0.936981404387000,36
24,,CL-041,CL-041,Caleta Herradura,>60,72.000000000000000,E,0.1-1,0.500000000000000,normal,None,22.103616152437276,0.000000000000000,20.000000000000000,347.650207167414521,"49",0.000000000000000,18.000000000000000,4.500000000000000,8.199999999999999,4.613112456710000,0.936981404387000,22
27,,CL-006w,CL-006ff,Falla Peulla-Cochamo 006ff,"90.",87.000000000000000,VERTICAL,0.1-1,0.500000000000000,dextral,None,65.657417122323665,0.000000000000000,20.000000000000000,24.766179977154646,"566",0.000000000000000,35.000000000000000,4.500000000000000,7.750000000000000,4.178202342190000,0.834489436976000,66
28,,CL-006a,CL-006dd,Falla Anticura-Todos los Santos 006dd,"90.",87.000000000000000,VERTICAL,1.0-5.0,3.000000000000000,dextral,None,34.815935415005789,0.000000000000000,20.000000000000000,2.871476070331369,"566",0.000000000000000,35.000000000000000,4.500000000000000,7.750000000000000,4.178202342190000,0.834489436976000,35
29,,CL-031,CL-031,Falla Huequi,"90.",87.000000000000000,S,0.1-1,0.500000000000000,sinistral-reverse,None,23.584689835122536,0.000000000000000,20.000000000000000,138.140396225777806,"566",0.000000000000000,35.000000000000000,4.500000000000000,7.750000000000000,4.178202342190000,0.834489436976000,24
30,,CL-028,CL-028,Falla Chacao,"90.",87.000000000000000,S,0.1-1,0.500000000000000,sinistral-reverse,None,52.464555402737382,0.000000000000000,20.000000000000000,120.441083950724703,"566",0.000000000000000,35.000000000000000,4.500000000000000,7.750000000000000,4.178202342190000,0.834489436976000,53
31,,CL-032,CL-032,Falla Fiordo Reñihue,"90.",87.000000000000000,S,0.1-1,0.500000000000000,sinistral-reverse,None,69.493590032687706,0.000000000000000,20.000000000000000,136.787296550732492,"566",0.000000000000000,35.000000000000000,4.500000000000000,7.750000000000000,4.178202342190000,0.834489436976000,70
32,,CL-034,CL-034,Falla Chaiten,"90.",87.000000000000000,S,0.1-1,0.500000000000000,sinistral-reverse,None,59.917561093874042,0.000000000000000,20.000000000000000,121.540295210417469,"566",0.000000000000000,35.000000000000000,4.500000000000000,7.750000000000000,4.178202342190000,0.834489436976000,60
33,,CL-006f,CL-006kk,Falla Comau 006kk,"90.",87.000000000000000,VERTICAL,1.0-5.0,3.000000000000000,dextral,None,118.155706641253659,0.000000000000000,20.000000000000000,6.451525848553786,"566",0.000000000000000,35.000000000000000,4.500000000000000,7.750000000000000,4.178202342190000,0.834489436976000,118
34,,CL-006d,CL-006jj,Falla Cascajal 006jj,"90.",87.000000000000000,VERTICAL,1.0-5.0,3.000000000000000,dextral,None,32.244398691637215,0.000000000000000,20.000000000000000,18.030561828876671,"566",0.000000000000000,35.000000000000000,4.500000000000000,7.750000000000000,4.178202342190000,0.834489436976000,32
36,,CL-033,CL-033,Falla Michimahuida,"90.",87.000000000000000,S,0.1-1,0.500000000000000,sinistral-reverse,None,16.321416345534345,0.000000000000000,20.000000000000000,139.575491033424328,"566",0.000000000000000,35.000000000000000,4.500000000000000,7.750000000000000,4.178202342190000,0.834489436976000,16
37,,CL-006mm,CL-006aaa,Falla Wager 006aaa,"90.",87.000000000000000,S,1.0-5.0,3.000000000000000,dextral,None,37.636134621598536,0.000000000000000,20.000000000000000,63.475655217296207,"566",0.000000000000000,35.000000000000000,4.500000000000000,7.750000000000000,4.178202342190000,0.834489436976000,38
38,,CL-006c,CL-006ww,Falla Canal Costa 006ww,"90.",87.000000000000000,E,1.0-5.0,3.000000000000000,dextral,None,74.371392264916366,0.000000000000000,20.000000000000000,7.640820372888300,"566",0.000000000000000,35.000000000000000,4.500000000000000,7.750000000000000,4.178202342190000,0.834489436976000,74
39,,CL-006cc,CL-006rr,Falla Quitralco 006rr,"90.",87.000000000000000,SE,0.1-1,0.500000000000000,dextral-normal,None,65.136151812766357,0.000000000000000,20.000000000000000,36.549777619382553,"566",0.000000000000000,35.000000000000000,4.500000000000000,7.750000000000000,4.178202342190000,0.834489436976000,65
40,,CL-006h,CL-006qq,Falla Fiordo Aysen-Puerto Cisnes 006qq,"90.",87.000000000000000,S,0.1-1,0.500000000000000,dextral-normal,None,96.364008796273794,0.000000000000000,20.000000000000000,41.277345783563987,"566",0.000000000000000,35.000000000000000,4.500000000000000,7.750000000000000,4.178202342190000,0.834489436976000,96
41,,CL-006v,CL-006mm,Falla Palena 006mm,"90.",87.000000000000000,E,1.0-5.0,3.000000000000000,dextral,None,112.959247517618834,0.000000000000000,20.000000000000000,354.007599452737452,"566",0.000000000000000,35.000000000000000,4.500000000000000,7.750000000000000,4.178202342190000,0.834489436976000,113
42,,CL-006kk,CL-006vv,Falla Teresa 006vv,"90.",87.000000000000000,SE,0.1-1,0.500000000000000,dextral-normal,None,91.782307634671810,0.000000000000000,20.000000000000000,33.112233577266693,"566",0.000000000000000,35.000000000000000,4.500000000000000,7.750000000000000,4.178202342190000,0.834489436976000,92
43,,CL-006r,CL-006z,Falla Maihue-Anticura 006z,"90.",87.000000000000000,VERTICAL,1.0-5.0,3.000000000000000,dextral,None,85.396183481183428,0.000000000000000,20.000000000000000,6.910313802799466,"566",0.000000000000000,35.000000000000000,4.500000000000000,7.750000000000000,4.178202342190000,0.834489436976000,85
44,,CL-006j,CL-006zz,Falla Golfo de Penas 006zz,"90.",87.000000000000000,SE,1.0-5.0,3.000000000000000,dextral,None,92.296997656969779,0.000000000000000,20.000000000000000,33.403677843375078,"566",0.000000000000000,35.000000000000000,4.500000000000000,7.750000000000000,4.178202342190000,0.834489436976000,92
45,,CL-006g,CL-006uu,Falla Estero Francisco 006uu,"90.",87.000000000000000,SE,0.1-1,0.500000000000000,dextral-normal,None,61.567361870411688,0.000000000000000,20.000000000000000,28.332189958247852,"566",0.000000000000000,35.000000000000000,4.500000000000000,7.750000000000000,4.178202342190000,0.834489436976000,62
46,,CL-006ii,CL-006yy,Falla San Rafael 006yy,"90.",87.000000000000000,SE,1.0-5.0,3.000000000000000,dextral,None,63.999734223591922,0.000000000000000,20.000000000000000,18.041253634668298,"566",0.000000000000000,35.000000000000000,4.500000000000000,7.750000000000000,4.178202342190000,0.834489436976000,64
47,,CL-006jj,CL-006xx,Falla Seno Elefante 006xx,"90.",87.000000000000000,E,1.0-5.0,3.000000000000000,dextral,None,47.873297783827439,0.000000000000000,20.000000000000000,8.892912091642360,"566",0.000000000000000,35.000000000000000,4.500000000000000,7.750000000000000,4.178202342190000,0.834489436976000,48
48,,CL-006ff,CL-006tt,Falla Riesco-Mañihuales 006tt,"90.",87.000000000000000,SE,0.1-1,0.500000000000000,dextral-normal,None,65.844423367163458,0.000000000000000,20.000000000000000,49.818085776595467,"566",0.000000000000000,35.000000000000000,4.500000000000000,7.750000000000000,4.178202342190000,0.834489436976000,66
49,,CL-006bb,CL-006iii,Falla Punta Mano-Lago Yulton 006iii,"90.",87.000000000000000,E,1.0-5.0,3.000000000000000,dextral,None,67.249982535047650,0.000000000000000,20.000000000000000,2.608828609720092,"566",0.000000000000000,35.000000000000000,4.500000000000000,7.750000000000000,4.178202342190000,0.834489436976000,67
50,,CL-006hh,CL-006ddd,Falla Rio Cuervo 006ddd,"90.",87.000000000000000,E,1.0-5.0,3.000000000000000,dextral,None,80.737090132253428,0.000000000000000,20.000000000000000,10.598447297775294,"566",0.000000000000000,35.000000000000000,4.500000000000000,7.750000000000000,4.178202342190000,0.834489436976000,81
51,,CL-006gg,CL-006kkk,Falla Rio Blanco 006kkk,"90.",87.000000000000000,E,1.0-5.0,3.000000000000000,dextral,None,54.844510661802296,0.000000000000000,20.000000000000000,359.095554861463029,"566",0.000000000000000,35.000000000000000,4.500000000000000,7.750000000000000,4.178202342190000,0.834489436976000,55
52,,CL-006q,CL-006mmm,Falla Los Palos 006mmm,"90.",87.000000000000000,E,1.0-5.0,3.000000000000000,dextral,None,34.808354354950360,0.000000000000000,20.000000000000000,1.079016190767618,"566",0.000000000000000,35.000000000000000,4.500000000000000,7.750000000000000,4.178202342190000,0.834489436976000,35
53,,CL-006hh,CL-006bbb,Falla Rio Cuervo 006bbb,"90.",87.000000000000000,VERTICAL,1.0-5.0,3.000000000000000,dextral,None,12.969780180712348,0.000000000000000,20.000000000000000,17.505957069990245,"566",0.000000000000000,35.000000000000000,4.500000000000000,7.750000000000000,4.178202342190000,0.834489436976000,13
54,,CL-006aa,CL-006eee,Falla Punta Colas 006eee,"90.",87.000000000000000,E,1.0-5.0,3.000000000000000,dextral,None,30.449950701894146,0.000000000000000,20.000000000000000,7.049964930059106,"566",0.000000000000000,35.000000000000000,4.500000000000000,7.750000000000000,4.178202342190000,0.834489436976000,30
55,,CL-006i,CL-006pp,Falla Fiordo Puyuhuapi 006pp,"90.",87.000000000000000,S,0.1-1,0.500000000000000,dextral-normal,None,43.985273405112707,0.000000000000000,20.000000000000000,57.189127597823017,"566",0.000000000000000,35.000000000000000,4.500000000000000,7.750000000000000,4.178202342190000,0.834489436976000,44
56,,CL-006y,CL-006oo,Falla Puerto Cisnes 006oo,"90.",87.000000000000000,E,1.0-5.0,3.000000000000000,dextral,None,116.310689553001055,0.000000000000000,20.000000000000000,14.263743671936822,"566",0.000000000000000,35.000000000000000,4.500000000000000,7.750000000000000,4.178202342190000,0.834489436976000,116
57,,CL-035,CL-035,Falla Lago Yelcho,"90.",87.000000000000000,S,0.1-1,0.500000000000000,sinistral-reverse,None,56.203005748554510,0.000000000000000,20.000000000000000,127.037756874673278,"566",0.000000000000000,35.000000000000000,4.500000000000000,7.750000000000000,4.178202342190000,0.834489436976000,56
58,,CL-029,CL-029,Falla Estuario Reloncavi,"90.",87.000000000000000,S,0.1-1,0.500000000000000,dextral-normal,None,18.830790172673250,0.000000000000000,20.000000000000000,61.770755293163006,"566",0.000000000000000,35.000000000000000,4.500000000000000,7.750000000000000,4.178202342190000,0.834489436976000,19
59,,CL-025,CL-025,Falla Calbuco-Reloncavi,"90.",87.000000000000000,S,0.1-1,0.500000000000000,sinistral-reverse,None,30.011491982534547,0.000000000000000,20.000000000000000,113.712766237297103,"566",0.000000000000000,35.000000000000000,4.500000000000000,7.750000000000000,4.178202342190000,0.834489436976000,30
60,,CL-026,CL-026,Falla Rio Puelo,"90.",87.000000000000000,S,0.1-1,0.500000000000000,sinistral-reverse,None,12.060155885895709,0.000000000000000,20.000000000000000,133.537229737705445,"566",0.000000000000000,35.000000000000000,4.500000000000000,7.750000000000000,4.178202342190000,0.834489436976000,12
61,,CL-027,CL-027,Falla Tagua-Tagua,"90.",87.000000000000000,S,0.1-1,0.500000000000000,sinistral-reverse,None,12.278973664634732,0.000000000000000,20.000000000000000,332.180639068239145,"566",0.000000000000000,35.000000000000000,4.500000000000000,7.750000000000000,4.178202342190000,0.834489436976000,12
62,,CL-024,CL-024,Falla Osorno-Puntiagudo,"90.",87.000000000000000,S,0.1-1,0.500000000000000,dextral-normal,None,38.359686989167834,0.000000000000000,20.000000000000000,53.933458045294515,"566",0.000000000000000,35.000000000000000,4.500000000000000,7.750000000000000,4.178202342190000,0.834489436976000,38
63,,CL-006x,CL-006w,Falla Pirihueico-Maihue 006w,"90.",87.000000000000000,E,1.0-5.0,3.000000000000000,dextral,None,69.195233824845971,0.000000000000000,20.000000000000000,14.392041873449671,"566",0.000000000000000,35.000000000000000,4.500000000000000,7.750000000000000,4.178202342190000,0.834489436976000,69
64,,CL-020,CL-020a,Falla Riñihue-Choshuenco 020a,"90.",87.000000000000000,S,0.1-1,0.500000000000000,sinistral-reverse,None,37.263270309795573,0.000000000000000,20.000000000000000,121.421551721442711,"566",0.000000000000000,35.000000000000000,4.500000000000000,7.750000000000000,4.178202342190000,0.834489436976000,37
65,,CL-020,CL-020b,Falla Riñihue-Choshuenco 020b,"90.",87.000000000000000,S,0.1-1,0.500000000000000,sinistral-reverse,None,31.565250430479949,0.000000000000000,20.000000000000000,112.849096517012924,"566",0.000000000000000,35.000000000000000,4.500000000000000,7.750000000000000,4.178202342190000,0.834489436976000,32
67,,CL-006t,CL-006x,Falla Neltume 006x,"90.",87.000000000000000,E,1.0-5.0,3.000000000000000,dextral,None,9.983351823293871,0.000000000000000,20.000000000000000,25.367462983026712,"566",0.000000000000000,35.000000000000000,4.500000000000000,7.750000000000000,4.178202342190000,0.834489436976000,10
68,,CL-021,CL-021a,Falla Llifen 021a,"90.",87.000000000000000,S,0.1-1,0.500000000000000,sinistral-reverse,None,10.629639005383199,0.000000000000000,20.000000000000000,112.090986578844195,"566",0.000000000000000,35.000000000000000,4.500000000000000,7.750000000000000,4.178202342190000,0.834489436976000,11
69,,CL-021,CL-021b,Falla Llifen 021b,"90.",87.000000000000000,S,0.1-1,0.500000000000000,sinistral-reverse,None,23.017802400671606,0.000000000000000,20.000000000000000,112.587520461324004,"566",0.000000000000000,35.000000000000000,4.500000000000000,7.750000000000000,4.178202342190000,0.834489436976000,23
70,,CL-006ee,CL-006r,Falla Reigolil 006r,"90.",87.000000000000000,E,1.0-5.0,3.000000000000000,dextral,None,69.615528149164476,0.000000000000000,20.000000000000000,12.501158827635891,"566",0.000000000000000,35.000000000000000,4.500000000000000,7.750000000000000,4.178202342190000,0.834489436976000,70
71,,CL-006t,CL-006u,Falla Neltume 006u,"90.",87.000000000000000,E,1.0-5.0,3.000000000000000,dextral,None,11.045781300787485,0.000000000000000,20.000000000000000,21.962045782220912,"566",0.000000000000000,35.000000000000000,4.500000000000000,7.750000000000000,4.178202342190000,0.834489436976000,11
72,,CL-017,CL-017,Falla Pellaifa,"90.",87.000000000000000,S,0.1-1,0.500000000000000,sinistral-reverse,None,30.332774203955911,0.000000000000000,20.000000000000000,130.339062930673549,"566",0.000000000000000,35.000000000000000,4.500000000000000,7.750000000000000,4.178202342190000,0.834489436976000,30
73,,CL-018,CL-018,Falla Calafquen,"90.",87.000000000000000,S,0.1-1,0.500000000000000,sinistral-reverse,None,12.747715597064195,0.000000000000000,20.000000000000000,122.120013005817782,"566",0.000000000000000,35.000000000000000,4.500000000000000,7.750000000000000,4.178202342190000,0.834489436976000,13
74,,CL-019,CL-019,Falla Panguipulli,"90.",87.000000000000000,S,0.1-1,0.500000000000000,sinistral-reverse,None,12.614458858074734,0.000000000000000,20.000000000000000,132.178256223557241,"566",0.000000000000000,35.000000000000000,4.500000000000000,7.750000000000000,4.178202342190000,0.834489436976000,13
75,,CL-006m,CL-006t,Falla Liquiñe 006t,"90.",87.000000000000000,E,1.0-5.0,3.000000000000000,dextral,None,14.283854164692759,0.000000000000000,20.000000000000000,23.029464941852098,"566",0.000000000000000,35.000000000000000,4.500000000000000,7.750000000000000,4.178202342190000,0.834489436976000,14
76,,CL-006b,CL-006q,Falla Caburgua 006q,"90.",87.000000000000000,E,1.0-5.0,3.000000000000000,dextral,None,14.184140725146596,0.000000000000000,20.000000000000000,1.064727060679331,"566",0.000000000000000,35.000000000000000,4.500000000000000,7.750000000000000,4.178202342190000,0.834489436976000,14
77,,CL-006b,CL-006p,Falla Caburgua 006p,"90.",87.000000000000000,E,1.0-5.0,3.000000000000000,dextral,None,23.746277643708218,0.000000000000000,20.000000000000000,11.803786241903197,"566",0.000000000000000,35.000000000000000,4.500000000000000,7.750000000000000,4.178202342190000,0.834489436976000,24
78,,CL-015,CL-015,Falla Catripulli,"90",87.000000000000000,S,0.1-1,0.500000000000000,sinistral-reverse,None,55.053410942856907,0.000000000000000,20.000000000000000,122.207065892072308,"566",0.000000000000000,35.000000000000000,4.500000000000000,7.750000000000000,4.178202342190000,0.834489436976000,55
79,,CL-006b,CL-006o,Falla Caburgua 006o,"90.",87.000000000000000,E,1.0-5.0,3.000000000000000,dextral,None,20.331108711788016,0.000000000000000,20.000000000000000,25.789704529380170,"566",0.000000000000000,35.000000000000000,4.500000000000000,7.750000000000000,4.178202342190000,0.834489436976000,20
80,,CL-004,CL-004b,Falla Lanalhue 004b,>60,72.000000000000000,NE,0.1-1,0.500000000000000,sinistral-reverse,None,126.421367639077246,0.000000000000000,20.000000000000000,324.914548584070758,"55",0.000000000000000,18.000000000000000,4.500000000000000,7.500000000000000,5.266703881500000,1.008393809040000,126
81,,CL-001,CL-001a,San Ramon 01a,40-55,37.000000000000000,E,"0.4",0.400000000000000,reverse,None,28.218309738167768,0.000000000000000,20.000000000000000,357.518089342713893,"56",0.000000000000000,24.000000000000000,4.500000000000000,7.800000000000000,4.382997488590000,0.923345568879000,28
82,,CL-003,CL-003,Falla Pichilemu,>60,72.000000000000000,SW,0.1-1,0.500000000000000,normal,None,34.444401780596813,0.000000000000000,20.000000000000000,135.678281572887727,"55",0.000000000000000,18.000000000000000,4.500000000000000,7.500000000000000,5.266703881500000,1.008393809040000,34
83,,CL-002,CL-002b,Falla Topocalma 002b,>60,72.000000000000000,SW,0.1-1,0.500000000000000,normal,None,34.568162937866703,0.000000000000000,20.000000000000000,142.464767538542105,"55",0.000000000000000,18.000000000000000,4.500000000000000,7.500000000000000,5.266703881500000,1.008393809040000,35
84,,CL-002,CL-002c,Falla Topocalma 002c,>60,72.000000000000000,NE,0.1-1,0.500000000000000,normal,None,42.252257459636056,0.000000000000000,20.000000000000000,315.583970017082379,"55",0.000000000000000,18.000000000000000,4.500000000000000,7.500000000000000,5.266703881500000,1.008393809040000,42
85,,CL-006dd,CL-006e,Falla Ralco 006e,"90.",87.000000000000000,E,1.0-5.0,3.000000000000000,dextral,None,18.180635928468192,0.000000000000000,20.000000000000000,13.437402022181743,"566",0.000000000000000,35.000000000000000,4.500000000000000,7.750000000000000,4.178202342190000,0.834489436976000,18
86,,CL-012,CL-012,Falla Sierra Nevada,"90.",87.000000000000000,VERTICAL,0.1-1,0.500000000000000,dextral-normal,None,13.822408017885628,0.000000000000000,20.000000000000000,66.328090277446449,"566",0.000000000000000,35.000000000000000,4.500000000000000,7.750000000000000,4.178202342190000,0.834489436976000,14
87,,CL-013,CL-013,Falla Escorial,>60,72.000000000000000,W,0.1-1,0.500000000000000,dextral-normal,None,41.278449052907924,0.000000000000000,20.000000000000000,214.487999468496582,"566",0.000000000000000,35.000000000000000,4.500000000000000,7.750000000000000,4.178202342190000,0.834489436976000,41
88,,CL-010,CL-010,Falla Bio-Bio Aluminé,>60,72.000000000000000,SW,0.1-1,0.500000000000000,sinistral-reverse,None,44.904295206099334,0.000000000000000,20.000000000000000,148.340616100116819,"566",0.000000000000000,35.000000000000000,4.500000000000000,7.750000000000000,4.178202342190000,0.834489436976000,45
89,,CL-006ll,CL-006m,Falla Troyo 006m,"90.",87.000000000000000,VERTICAL,1.0-5.0,3.000000000000000,dextral,None,28.433532758541165,0.000000000000000,20.000000000000000,13.065827549729875,"566",0.000000000000000,35.000000000000000,4.500000000000000,7.750000000000000,4.178202342190000,0.834489436976000,28
90,,CL-006o,CL-006gc,Falla Lolco 006c,>60,72.000000000000000,W,1.0-5.0,3.000000000000000,dextral-normal,None,36.596854149282954,0.000000000000000,20.000000000000000,213.674027607285240,"566",0.000000000000000,35.000000000000000,4.500000000000000,7.750000000000000,4.178202342190000,0.834489436976000,37
91,,CL-006o,CL-006gb,Falla Lolco 006b,>60,72.000000000000000,W,1.0-5.0,3.000000000000000,dextral-normal,None,47.559219332676925,0.000000000000000,20.000000000000000,216.912850829133305,"566",0.000000000000000,35.000000000000000,4.500000000000000,7.750000000000000,4.178202342190000,0.834489436976000,48
92,,CL-008,CL-008,Falla Ranquil,>60,72.000000000000000,SE,0.1-1,0.500000000000000,dextral-normal,None,27.049956226387724,0.000000000000000,20.000000000000000,48.390561791293635,"566",0.000000000000000,35.000000000000000,4.500000000000000,7.750000000000000,4.178202342190000,0.834489436976000,27
93,,CL-007,CL-007,Falla Cahquilvin,"90",87.000000000000000,NW,0.1-1,0.500000000000000,dextral-normal,None,28.109677301769448,0.000000000000000,20.000000000000000,241.092385716969204,"566",0.000000000000000,35.000000000000000,4.500000000000000,7.750000000000000,4.178202342190000,0.834489436976000,28
94,,CL-006ll,CL-006j,Falla Troyo 006j,"90.",87.000000000000000,VERTICAL,1.0-5.0,3.000000000000000,dextral,None,13.106611150612567,0.000000000000000,20.000000000000000,9.652008947705554,"566",0.000000000000000,35.000000000000000,4.500000000000000,7.750000000000000,4.178202342190000,0.834489436976000,13
95,,CL-006ll,CL-006k,Falla Troyo 006k,"90.",87.000000000000000,VERTICAL,1.0-5.0,3.000000000000000,dextral,None,11.280195311914447,0.000000000000000,20.000000000000000,14.094772040198336,"566",0.000000000000000,35.000000000000000,4.500000000000000,7.750000000000000,4.178202342190000,0.834489436976000,11
96,,CL-006s,CL-006b,Falla Malalcahuello 006b,"90.",87.000000000000000,E,1.0-5.0,3.000000000000000,dextral,None,66.773433925919889,0.000000000000000,20.000000000000000,356.759517848510711,"566",0.000000000000000,35.000000000000000,4.500000000000000,7.750000000000000,4.178202342190000,0.834489436976000,67
97,,CL-006s,CL-006a,Falla Malalcahuello 006a,"90.",87.000000000000000,E,1.0-5.0,3.000000000000000,dextral,None,30.878071825803069,0.000000000000000,20.000000000000000,13.053394192027611,"566",0.000000000000000,35.000000000000000,4.500000000000000,7.750000000000000,4.178202342190000,0.834489436976000,31
98,,CL-006p,CL-006f,Falla Lomin 006f,"90.",87.000000000000000,VERTICAL,1.0-5.0,3.000000000000000,dextral,None,23.600642693587723,0.000000000000000,20.000000000000000,47.796687874149825,"566",0.000000000000000,35.000000000000000,4.500000000000000,7.750000000000000,4.178202342190000,0.834489436976000,24
99,,CL-006ll,CL-006n,Falla Troyo 006n,"90.",87.000000000000000,E,1.0-5.0,3.000000000000000,dextral,None,38.257638739638423,0.000000000000000,20.000000000000000,8.728794205880604,"566",0.000000000000000,35.000000000000000,4.500000000000000,7.750000000000000,4.178202342190000,0.834489436976000,38
100,,CL-009,CL-009,Falla Tolhuaca Pemehue,"90.",87.000000000000000,S,0.1-1,0.500000000000000,sinistral-reverse,None,35.207311428358906,0.000000000000000,20.000000000000000,144.244691906129134,"566",0.000000000000000,35.000000000000000,4.500000000000000,7.750000000000000,4.178202342190000,0.834489436976000,35
101,,CL-014,CL-014,Falla Sollipulli-Icalma,"90.",87.000000000000000,SE,0.1-1,0.500000000000000,dextral-normal,None,51.720500037849064,0.000000000000000,20.000000000000000,56.503327191136520,"566",0.000000000000000,35.000000000000000,4.500000000000000,7.750000000000000,4.178202342190000,0.834489436976000,52
102,,CL-023,CL-023a,Falla Pullehue-Cordon Caulle 023a,"90.",87.000000000000000,S,0.1-1,0.500000000000000,sinistral-reverse,None,33.970478728617813,0.000000000000000,20.000000000000000,132.586816098749011,"566",0.000000000000000,35.000000000000000,4.500000000000000,7.750000000000000,4.178202342190000,0.834489436976000,34
103,,CL-023,CL-023c,Falla Pullehue-Cordon Caulle 023c,"90.",87.000000000000000,S,0.1-1,0.500000000000000,sinistral-reverse,None,14.887239445851844,0.000000000000000,20.000000000000000,128.405896595843160,"566",0.000000000000000,35.000000000000000,4.500000000000000,7.750000000000000,4.178202342190000,0.834489436976000,15
104,,CL-016,CL-016,Falla Villarrica-Quetrupillan-Lanin,"90",87.000000000000000,N,0.1-1,0.500000000000000,sinistral-reverse,None,62.883761519984922,0.000000000000000,20.000000000000000,300.780846632480518,"566",0.000000000000000,35.000000000000000,4.500000000000000,7.750000000000000,4.178202342190000,0.834489436976000,63
105,,CL-005,CL-005,Falla Callaqui,"90.",87.000000000000000,VERTICAL,0.1-1,0.500000000000000,dextral-normal,None,42.637646282091438,0.000000000000000,20.000000000000000,66.894848525107477,"566",0.000000000000000,35.000000000000000,4.500000000000000,7.750000000000000,4.178202342190000,0.834489436976000,43
106,,CL-006r,CL-006aa,Falla Maihue-Anticura 006aa,"90.",87.000000000000000,E,1.0-5.0,3.000000000000000,dextral,None,13.486734330148538,0.000000000000000,20.000000000000000,6.737491211522638,"566",0.000000000000000,35.000000000000000,4.500000000000000,7.750000000000000,4.178202342190000,0.834489436976000,13
107,,CL-022,CL-022,Falla Futrono,"90.",87.000000000000000,VERTICAL,0.1-1,0.500000000000000,sinistral-reverse,None,39.324371888561913,0.000000000000000,20.000000000000000,318.274606926191495,"566",0.000000000000000,35.000000000000000,4.500000000000000,7.750000000000000,4.178202342190000,0.834489436976000,39
108,,CL-011,CL-011,Falla Las Raices,"90.",87.000000000000000,VERTICAL,0.1-1,0.500000000000000,dextral-normal,None,22.415989514742339,0.000000000000000,20.000000000000000,53.174077117085005,"566",0.000000000000000,35.000000000000000,4.500000000000000,7.750000000000000,4.178202342190000,0.834489436976000,22
109,,CL-056,CL-056b,"Falla Lago Fagnano, sección occidental","90.",87.000000000000000,N,1-5,3.000000000000000,sinistral-normal,None,223.745037457323406,0.000000000000000,20.000000000000000,304.551987814714550,None,0.000000000000000,0.000000000000000,0.000000000000000,0.000000000000000,0.000000000000000,0.000000000000000,224
110,,CL-056,CL-056c,"Falla Lago Fagnano, sección occidental","90.",87.000000000000000,N,1-5,3.000000000000000,sinistral-normal,None,84.637889203077236,0.000000000000000,20.000000000000000,284.750440990944753,None,0.000000000000000,0.000000000000000,0.000000000000000,0.000000000000000,0.000000000000000,0.000000000000000,85
111,,CL-056,CL-056d,"Falla Lago Fagnano, sección occidental","90.",87.000000000000000,S,1-5,3.000000000000000,sinistral-normal,None,44.165031764459741,0.000000000000000,20.000000000000000,104.340536148020021,None,0.000000000000000,0.000000000000000,0.000000000000000,0.000000000000000,0.000000000000000,0.000000000000000,44
112,,CL-056,CL-056e,"Falla Lago Fagnano, sección occidental","90.",87.000000000000000,N,1-5,3.000000000000000,sinistral-normal,None,38.453043121386827,0.000000000000000,20.000000000000000,286.705664303119988,None,0.000000000000000,0.000000000000000,0.000000000000000,0.000000000000000,0.000000000000000,0.000000000000000,39
113,,CL-056,CL-056f,"Falla Lago Fagnano, sección occidental","90.",87.000000000000000,S,1-5,3.000000000000000,sinistral-normal,None,26.300381090605178,0.000000000000000,20.000000000000000,138.367015217078745,None,0.000000000000000,0.000000000000000,0.000000000000000,0.000000000000000,0.000000000000000,0.000000000000000,26
114,,CL-056,CL-056g,"Falla Lago Fagnano, sección occidental","90.",87.000000000000000,N,1-5,3.000000000000000,sinistral-normal,None,27.144970083287298,0.000000000000000,20.000000000000000,305.990934425461944,None,0.000000000000000,0.000000000000000,0.000000000000000,0.000000000000000,0.000000000000000,0.000000000000000,27
115,,CL-056,CL-056h,"Falla Lago Fagnano, sección occidental","90.",87.000000000000000,N,1-5,3.000000000000000,sinistral-normal,None,14.506275028567364,0.000000000000000,20.000000000000000,241.035327739593185,None,0.000000000000000,0.000000000000000,0.000000000000000,0.000000000000000,0.000000000000000,0.000000000000000,15
116,,CL-056,CL-056i,"Falla Lago Fagnano, sección occidental","90.",87.000000000000000,VERTICAL,1-5,3.000000000000000,sinistral-normal,None,25.357479743283282,0.000000000000000,20.000000000000000,110.951494044471360,None,0.000000000000000,0.000000000000000,0.000000000000000,0.000000000000000,0.000000000000000,0.000000000000000,25
117,,CL-056,CL-056j,"Falla Lago Fagnano, sección occidental","90.",87.000000000000000,N,1-5,3.000000000000000,sinistral-normal,None,16.952448303587126,0.000000000000000,20.000000000000000,268.161772250477611,None,0.000000000000000,0.000000000000000,0.000000000000000,0.000000000000000,0.000000000000000,0.000000000000000,17
118,,AR-0002,AR-0002a,Sistema de fallas Aconquija,>60,72.000000000000000,SE,0.1-1.0,0.500000000000000,reverse,None,61.131325716798685,0.000000000000000,20.000000000000000,30.597166366525698,"53",0.000000000000000,39.000000000000000,4.500000000000000,7.100000000000000,4.897244728130000,1.080438055290000,61
119,,AR-0015,AR-0015a,Falla Pismanta-Las Flores,45-60,52.000000000000000,W,0.1-1.0,0.500000000000000,reverse,None,26.903770455785125,0.000000000000000,20.000000000000000,181.530257678113145,"57",1.000000000000000,35.899999999999999,4.500000000000000,8.010000000000000,3.759209981590000,0.819407933458000,27
122,,AR-0017,AR-0017i,Falla La Cantera,"20",20.000000000000000,W,0.1-1,0.500000000000000,reverse,None,21.936414198957831,0.000000000000000,20.000000000000000,204.434595700597612,"57",1.000000000000000,35.899999999999999,4.500000000000000,8.010000000000000,3.759209981590000,0.819407933458000,22
124,,AR-0019,AR-0019a,Falla Maradona-Acequion,"45",52.000000000000000,E,0.2-1,0.600000000000000,reverse,None,16.988367742855452,0.000000000000000,20.000000000000000,350.263382312390661,"57",1.000000000000000,35.899999999999999,4.500000000000000,8.010000000000000,3.759209981590000,0.819407933458000,17
125,,AR-0020,AR-0020a,Falla Las Tapias-Villicum,"80",72.000000000000000,E,"0.8",0.800000000000000,reverse,None,50.470201271762861,0.000000000000000,20.000000000000000,15.618314051728248,"57",1.000000000000000,35.899999999999999,4.500000000000000,8.010000000000000,3.759209981590000,0.819407933458000,50
135,,AR-0022,AR-0022e,Falla Rinconada,30-45,37.000000000000000,E,1-5,3.000000000000000,reverse,None,24.637208570333780,0.000000000000000,20.000000000000000,6.976071985641796,"57",1.000000000000000,35.899999999999999,4.500000000000000,8.010000000000000,3.759209981590000,0.819407933458000,25
137,,AR-0023,AR-0023b,Falla Los Berros,30-40,37.000000000000000,E,0.1-1.0,0.500000000000000,reverse,None,42.046897486137382,0.000000000000000,20.000000000000000,24.170683357598421,"57",1.000000000000000,35.899999999999999,4.500000000000000,8.010000000000000,3.759209981590000,0.819407933458000,42
138,,AR-0024,AR-0024a,Falla Cerro Salinas,15-25,20.000000000000000,E,0.1-1,0.500000000000000,reverse,None,33.546290588348590,0.000000000000000,20.000000000000000,20.796026279263572,"57",1.000000000000000,35.899999999999999,4.500000000000000,8.010000000000000,3.759209981590000,0.819407933458000,33
140,,AR-0025,AR-0025a,Falla Niquizanga,<45,37.000000000000000,SE,0.5-1,0.750000000000000,reverse,None,24.041537781328007,0.000000000000000,20.000000000000000,29.396206507157387,"58",2.000000000000000,35.600000000000001,4.500000000000000,8.000000000000000,4.514101465310000,0.935364072665000,24
142,,AR-0030,AR-0030a,Falla Cerro La Cal,30-45,37.000000000000000,W,1-5,3.000000000000000,reverse,None,97.744657440320509,0.000000000000000,20.000000000000000,172.337248631399149,"57",1.000000000000000,35.899999999999999,4.500000000000000,8.010000000000000,3.759209981590000,0.819407933458000,98
150,,AR-0050,AR-0050a,Falla El Molino,30-45,37.000000000000000,E,0.1-2,1.050000000000000,reverse,None,43.683007990359258,0.000000000000000,20.000000000000000,356.087225665288486,"59",0.000000000000000,35.000000000000000,4.500000000000000,7.510000000000000,4.224619942870002,0.935863664912000,44
152,,AR-0060,AR-0060a,Falla Zonda,"45",52.000000000000000,SE,0.1-1.0,0.500000000000000,reverse,None,25.606680814087824,0.000000000000000,20.000000000000000,12.567084911830818,"57",1.000000000000000,35.899999999999999,4.500000000000000,8.010000000000000,3.759209981590000,0.819407933458000,26
159,,AR-0268,AR-0268a,Grupo de fallas El Duraznillo,"45",52.000000000000000,W,0.01-0.1,0.055000000000000,reverse,None,30.669193263869509,0.000000000000000,20.000000000000000,203.973751758726593,"581",0.600000000000000,39.399999999999999,4.500000000000000,6.600000000000000,3.472260793500000,0.806057238671000,31
160,,AR-0005,AR-0005a,Falla Chumbicha,45-60,52.000000000000000,W,0.1-1,0.500000000000000,None,None,16.740463876650896,0.000000000000000,20.000000000000000,54.928548074003345,"581",0.600000000000000,39.399999999999999,4.500000000000000,6.600000000000000,3.472260793500000,0.806057238671000,17
162,,AR-0028,AR-0028a,Falla Las Peñas,30-45,37.000000000000000,SW,0.1-2,1.050000000000000,reverse,None,36.491800968120302,0.000000000000000,20.000000000000000,167.022609237712459,"57",1.000000000000000,35.899999999999999,4.500000000000000,8.010000000000000,3.759209981590000,0.819407933458000,36
163,,AR-0056,AR-0056a,Sistema de fallas Fagnano,"90.",87.000000000000000,S,1-5,3.000000000000000,sinistral,None,173.077202998728382,0.000000000000000,20.000000000000000,109.517376126115835,None,0.000000000000000,0.000000000000000,0.000000000000000,0.000000000000000,0.000000000000000,0.000000000000000,174
164,,AR-0056,AR-0056b,Sistema de fallas Fagnano,"90.",87.000000000000000,S,1-5,3.000000000000000,sinistral,None,22.687018236373781,0.000000000000000,20.000000000000000,86.271270045746178,None,0.000000000000000,0.000000000000000,0.000000000000000,0.000000000000000,0.000000000000000,0.000000000000000,23
166,,AR-0056,AR-0056d,Sistema de fallas Fagnano,"90.",87.000000000000000,S,1-5,3.000000000000000,sinistral,None,29.819154256601706,0.000000000000000,20.000000000000000,100.625892506113303,None,0.000000000000000,0.000000000000000,0.000000000000000,0.000000000000000,0.000000000000000,0.000000000000000,30
167,,AR-0056,AR-0056g,Sistema de fallas Fagnano,"90.",87.000000000000000,S,1-5,3.000000000000000,sinistral,None,29.304930177932825,0.000000000000000,20.000000000000000,79.307225592764425,None,0.000000000000000,0.000000000000000,0.000000000000000,0.000000000000000,0.000000000000000,0.000000000000000,29
170,,AR-0016,AR-0016b,Sistema de fallas El Tigre,30-45,37.000000000000000,E,1-5,3.000000000000000,reverse,None,10.662076554201661,0.000000000000000,20.000000000000000,20.357563187061938,"57",1.000000000000000,35.899999999999999,4.500000000000000,8.010000000000000,3.759209981590000,0.819407933458000,11
171,,AR-0016,AR-0016c,Sistema de fallas El Tigre,>60,72.000000000000000,E,1-5,3.000000000000000,dextral,None,65.473390703385562,0.000000000000000,20.000000000000000,2.117646352111649,"57",1.000000000000000,35.899999999999999,4.500000000000000,8.010000000000000,3.759209981590000,0.819407933458000,65
173,,AR-0054,AR-0054a,Falla Las Lagunas,30-45,37.000000000000000,SE,0.1-1.0,0.500000000000000,dextral-reverse,None,19.864390962933022,0.000000000000000,20.000000000000000,51.104452160930236,"59",0.000000000000000,35.000000000000000,4.500000000000000,7.510000000000000,4.224619942870002,0.935863664912000,20
182,,AR-0236,AR-0236d,Zona de falla Antiñir-Copahue,"45",52.000000000000000,W,0.01-0.5,0.255000000000000,reverse,None,23.950980280789377,0.000000000000000,20.000000000000000,179.577904941025849,"56",0.000000000000000,24.000000000000000,4.500000000000000,7.800000000000000,4.382997488590000,0.923345568879000,24
183,,AR-0236,AR-0236f,Zona de falla Antiñir-Copahue,"60",72.000000000000000,W,0.1-1,0.500000000000000,dextral-reverse,None,42.875663434264119,0.000000000000000,20.000000000000000,182.962472352558677,"56",0.000000000000000,24.000000000000000,4.500000000000000,7.800000000000000,4.382997488590000,0.923345568879000,43
184,,AR-0236,AR-0236i,Zona de falla Antiñir-Copahue,"60",72.000000000000000,W,0.02-0.5,0.260000000000000,normal,None,29.306510658373995,0.000000000000000,20.000000000000000,161.586313305673684,"56",0.000000000000000,24.000000000000000,4.500000000000000,7.800000000000000,4.382997488590000,0.923345568879000,29
186,,AR-0236,AR-0236l,Zona de falla Antiñir-Copahue,"45",52.000000000000000,W,0.02-0.5,0.260000000000000,None,None,14.186166923751435,0.000000000000000,20.000000000000000,207.155038251843337,"56",0.000000000000000,24.000000000000000,4.500000000000000,7.800000000000000,4.382997488590000,0.923345568879000,14
187,,AR-0236,AR-0236m,Zona de falla Antiñir-Copahue,"90.",87.000000000000000,NW,0.02-0.5,0.260000000000000,dextral-normal,None,23.352033632252137,0.000000000000000,20.000000000000000,201.901511967943492,"56",0.000000000000000,24.000000000000000,4.500000000000000,7.800000000000000,4.382997488590000,0.923345568879000,23
188,,AR-0236,AR-0236j,Zona de falla Antiñir-Copahue,"60",72.000000000000000,SE,0.02-0.5,0.260000000000000,normal,None,28.654634084487125,0.000000000000000,20.000000000000000,26.104534588966089,"56",0.000000000000000,24.000000000000000,4.500000000000000,7.800000000000000,4.382997488590000,0.923345568879000,29
190,,AR-0236,AR-0236a,Zona de falla Antiñir-Copahue,"45",52.000000000000000,SW,0.02-0.5,0.260000000000000,reverse,None,51.769206837839519,0.000000000000000,20.000000000000000,162.405572317931615,"56",0.000000000000000,24.000000000000000,4.500000000000000,7.800000000000000,4.382997488590000,0.923345568879000,52
191,,AR-0236,AR-0236g,Zona de falla Antiñir-Copahue,"45",52.000000000000000,SW,0.5-2,1.250000000000000,reverse,None,23.994021532097744,0.000000000000000,20.000000000000000,161.103410259039720,"56",0.000000000000000,24.000000000000000,4.500000000000000,7.800000000000000,4.382997488590000,0.923345568879000,24
199,,AR-0350,AR-0350a,Grupo de fallas Medeiros,>60,72.000000000000000,E,0.1-0.5,0.300000000000000,reverse,None,9.632739445621574,0.000000000000000,20.000000000000000,12.320735235276347,"53",0.000000000000000,39.000000000000000,4.500000000000000,7.100000000000000,4.897244728130000,1.080438055290000,10
203,,AR-0045,AR-0045b,Falla Las Malvinas,45-60,52.000000000000000,SW,0.1-1.0,0.500000000000000,reverse,None,27.011734922718659,0.000000000000000,20.000000000000000,168.925909028696765,"571",0.000000000000000,23.500000000000000,4.500000000000000,7.000000000000000,2.430481715820000,0.607094810052000,27
243,,PE-43,PE-43b,Falla Toquepala,"90.",87.000000000000000,SW,0.1-1,0.500000000000000,normal,None,35.560242602929023,0.000000000000000,20.000000000000000,115.925350324849319,"45",0.000000000000000,38.000000000000000,4.500000000000000,8.400000000000000,4.537760542680000,0.933410598894000,36
249,,PE-43,PE-43a,Falla Toquepala,"90.",87.000000000000000,SW,0.1-1,0.500000000000000,normal,None,14.950228413444101,0.000000000000000,20.000000000000000,113.142170244573549,"45",0.000000000000000,38.000000000000000,4.500000000000000,8.400000000000000,4.537760542680000,0.933410598894000,15
253,,PE-42,PE-42a,Falla Chololo,"50",52.000000000000000,SE,0.1-1,0.500000000000000,sinistral,None,33.261196206616518,0.000000000000000,20.000000000000000,52.989747999849499,"45",0.000000000000000,38.000000000000000,4.500000000000000,8.400000000000000,4.537760542680000,0.933410598894000,33
254,,PE-42,PE-42b,Falla Chololo,"90.",87.000000000000000,SE,0.1-1,0.500000000000000,normal,None,11.548190298529487,0.000000000000000,20.000000000000000,54.421015759700424,"45",0.000000000000000,38.000000000000000,4.500000000000000,8.400000000000000,4.537760542680000,0.933410598894000,12
256,,PE-42,PE-42c2,Falla Chololo,"60",72.000000000000000,SE,0.1-1,0.500000000000000,normal,None,12.236692304492937,0.000000000000000,20.000000000000000,31.545846999133289,"45",0.000000000000000,38.000000000000000,4.500000000000000,8.400000000000000,4.537760542680000,0.933410598894000,12
257,,PE-51,PE-51b,Falla Sama-Calientes,45-60,52.000000000000000,NE,0.1-1,0.500000000000000,reverse,None,9.729973223931283,0.000000000000000,20.000000000000000,311.092125230790202,"45",0.000000000000000,38.000000000000000,4.500000000000000,8.400000000000000,4.537760542680000,0.933410598894000,10
258,,PE-51,PE-51c,Falla Sama-Calientes,45-60,52.000000000000000,NE,0.1-1,0.500000000000000,reverse,None,10.528796149719934,0.000000000000000,20.000000000000000,318.419603302550286,"45",0.000000000000000,38.000000000000000,4.500000000000000,8.400000000000000,4.537760542680000,0.933410598894000,11
259,,PE-51,PE-51a,Falla Sama-Calientes,45-60,52.000000000000000,NE,0.1-1,0.500000000000000,reverse,None,74.993069902338405,0.000000000000000,20.000000000000000,290.446455530424089,"45",0.000000000000000,38.000000000000000,4.500000000000000,8.400000000000000,4.537760542680000,0.933410598894000,75
260,,PE-45,PE-45,Falla Purgatorio,"70",72.000000000000000,SW,0.1-1,0.500000000000000,dextral-reverse,None,45.230810250918204,0.000000000000000,20.000000000000000,109.615857915984122,"45",0.000000000000000,38.000000000000000,4.500000000000000,8.400000000000000,4.537760542680000,0.933410598894000,45
261,,PE-38,PE-38,Falla Chaspaya,"50",52.000000000000000,SE,0.1-1,0.500000000000000,normal,None,11.679861985049159,0.000000000000000,20.000000000000000,57.773904086474090,"45",0.000000000000000,38.000000000000000,4.500000000000000,8.400000000000000,4.537760542680000,0.933410598894000,12
268,,PE-44,PE-44b,Falla Micalaco,"60",72.000000000000000,SW,0.1-1,0.500000000000000,normal,None,30.966012601328373,0.000000000000000,20.000000000000000,113.674943549058469,"45",0.000000000000000,38.000000000000000,4.500000000000000,8.400000000000000,4.537760542680000,0.933410598894000,31
307,,PE-53,PE-53,Falla San Francisco,"70",72.000000000000000,NE,0.1-1,0.500000000000000,normal,None,19.404681905688104,0.000000000000000,20.000000000000000,296.493680008891090,"45",0.000000000000000,38.000000000000000,4.500000000000000,8.400000000000000,4.537760542680000,0.933410598894000,19
308,,PE-47,PE-47,Falla Cerro Rocoso,"70",72.000000000000000,SW,0.1-1,0.500000000000000,normal,None,11.141576220737681,0.000000000000000,20.000000000000000,153.799168714927987,"45",0.000000000000000,38.000000000000000,4.500000000000000,8.400000000000000,4.537760542680000,0.933410598894000,11
881,,AR-0027,AR-0027a,Falla Las Chacras,45-60,52.000000000000000,NE,1-2,1.500000000000000,reverse,None,31.311410084660935,0.000000000000000,20.000000000000000,342.361414368242094,"58",2.000000000000000,35.600000000000001,4.500000000000000,8.000000000000000,4.514101465310000,0.935364072665000,31
882,,AR-0027,AR-0027b,Falla Las Chacras,"60",72.000000000000000,NE,0.1-1,0.500000000000000,sinistral-reverse,None,19.222646351821833,0.000000000000000,20.000000000000000,336.421989273310032,"58",2.000000000000000,35.600000000000001,4.500000000000000,8.000000000000000,4.514101465310000,0.935364072665000,19
982,,AR-0236,AR-0236b,Zona de falla Antiñir-Copahue,"60",72.000000000000000,NE,0.02-0.5,0.260000000000000,reverse,None,57.740916295036122,0.000000000000000,20.000000000000000,329.956059914017260,"56",0.000000000000000,24.000000000000000,4.500000000000000,7.800000000000000,4.382997488590000,0.923345568879000,58
