time_iso,mag,class,id,longitude,latitude
2001-01-06 05:11:13+00:00,4.7,intraarc,36246,-71.643,-40.434
2001-02-01 05:07:42+00:00,5.3,intraarc,36454,-71.207,-36.417
2001-02-17 05:37:29+00:00,4.9,intraarc,36577,-67.665,-21.912
2001-02-22 12:43:07+00:00,4.7,intraarc,36614,-68.811,-23.878
2001-03-15 11:06:20+00:00,5.2,intraarc,36743,-69.558,-34.821
2001-03-19 22:32:22+00:00,5.2,intraarc,36777,-70.839,-37.393
2001-03-26 03:26:26+00:00,4.7,forearc,36819,-71.695,-31.305
2001-04-09 13:51:12+00:00,4.8,forearc,36915,-71.38,-28.831
2001-04-17 01:42:16+00:00,5.6,forearc,37068,-69.6,-20.23
2001-04-18 01:32:55+00:00,5.0,forearc,37083,-73.364,-37.174
2001-05-17 04:41:36+00:00,5.3,forearc,37334,-73.311,-38.652
2001-05-18 04:38:25+00:00,5.1,unclassified,37342,-67.451,-31.834
2001-06-13 04:10:52+00:00,5.0,unclassified,37512,-66.9,-27.69
2001-06-23 20:33:13+00:00,6.7,forearc,37577,-73.538,-16.333
2001-06-23 21:34:07+00:00,5.2,forearc,37592,-71.863,-16.743
2001-06-23 21:35:23+00:00,5.3,forearc,37591,-70.144,-17.323
2001-06-23 21:41:34+00:00,5.4,forearc,37589,-71.054,-17.72
2001-06-24 02:46:12+00:00,5.3,forearc,37639,-72.517,-16.924
2001-06-24 23:33:09+00:00,4.8,forearc,37687,-70.022,-16.844
2001-06-26 05:22:21+00:00,4.7,forearc,37886,-72.6,-16.242
2001-07-02 05:10:27+00:00,4.9,forearc,38063,-70.914,-16.733
2001-07-04 12:09:09+00:00,6.1,unclassified,38087,-65.42,-16.92
2001-07-04 13:00:07+00:00,4.8,unclassified,38089,-65.186,-17.406
2001-07-07 09:38:45+00:00,6.7,forearc,38119,-71.818,-17.498
2001-07-12 12:31:31+00:00,4.7,intraarc,38295,-69.159,-18.186
2001-07-15 10:08:42+00:00,4.7,forearc,38319,-71.177,-29.662
2001-07-18 12:09:49+00:00,5.0,forearc,38352,-69.528,-21.135
2001-07-24 05:00:16+00:00,6.3,intraarc,38398,-69.18,-19.44
2001-07-24 17:39:45+00:00,4.9,forearc,38401,-69.244,-19.893
2001-08-04 05:37:03+00:00,5.0,intraarc,38519,-69.295,-26.31
2001-08-06 06:43:59+00:00,4.9,forearc,38540,-69.243,-19.541
2001-08-12 00:16:32+00:00,5.1,forearc,38602,-70.39,-16.47
2001-09-12 14:32:24+00:00,5.0,forearc,38810,-72.061,-35.531
2001-10-07 11:04:35+00:00,5.0,unclassified,38963,-65.455,-25.909
2001-10-12 04:21:37+00:00,5.3,unclassified,39011,-69.04,-33.16
2001-10-12 04:33:03+00:00,4.8,intraarc,39015,-69.727,-33.345
2001-10-13 00:31:22+00:00,5.2,forearc,39055,-70.794,-17.289
2001-11-09 08:51:53+00:00,5.0,unclassified,39408,-65.898,-17.612
2001-11-14 07:48:36+00:00,4.8,intraarc,39469,-71.4,-36.275
2001-11-24 11:14:20+00:00,5.1,unclassified,39586,-67.214,-33.346
2001-12-08 18:06:02+00:00,5.0,forearc,39809,-71.659,-33.777
2001-12-14 01:17:54+00:00,5.3,unclassified,39942,-67.837,-31.726
2001-12-18 09:16:28+00:00,5.2,unclassified,40014,-66.717,-32.038
2001-12-23 09:32:18+00:00,5.4,forearc,40090,-74.1,-16.77
2001-12-29 20:44:26+00:00,4.9,forearc,40179,-70.64,-25.575
2002-01-05 12:02:55+00:00,5.2,unclassified,40264,-68.486,-33.37
2002-01-10 23:25:51+00:00,5.2,intraarc,40339,-72.654,-45.743
2002-01-14 15:36:32+00:00,5.6,intraarc,40400,-68.6,-19.22
2002-01-18 02:38:08+00:00,5.0,unclassified,40457,-68.016,-28.527
2002-01-19 04:23:21+00:00,4.9,unclassified,40468,-65.197,-30.507
2002-02-07 06:07:23+00:00,5.2,forearc,40716,-72.411,-17.019
2002-02-24 14:44:13+00:00,5.3,forearc,40927,-70.82,-16.38
2002-03-25 23:13:55+00:00,4.7,intraarc,41319,-68.178,-22.606
2002-04-14 15:11:10+00:00,4.8,intraarc,41538,-67.076,-24.205
2002-04-22 23:37:57+00:00,5.0,unclassified,41625,-71.716,-55.361
2002-04-22 23:37:58+00:00,4.7,unclassified,41627,-70.908,-55.291
2002-05-04 22:56:30+00:00,4.7,forearc,41784,-72.72,-38.307
2002-05-15 05:32:15+00:00,4.8,forearc,41949,-70.777,-27.741
2002-05-23 16:56:49+00:00,5.0,forearc,42062,-71.431,-30.812
2002-05-28 04:04:28+00:00,6.0,unclassified,42139,-66.81,-29.15
2002-06-18 15:54:03+00:00,4.7,intraarc,42337,-69.268,-31.618
2002-06-18 15:54:05+00:00,5.2,unclassified,42336,-68.885,-31.642
2002-07-02 20:21:05+00:00,5.5,unclassified,42460,-68.19,-31.43
2002-07-04 14:31:21+00:00,5.0,forearc,42470,-71.085,-17.276
2002-07-09 12:42:46+00:00,4.9,unclassified,42518,-67.729,-28.439
2002-07-12 01:10:11+00:00,4.9,unclassified,42542,-68.518,-29.652
2002-07-22 06:39:17+00:00,4.9,intraarc,42628,-68.809,-26.176
2002-08-16 03:29:26+00:00,5.0,forearc,42840,-68.529,-34.778
2002-08-22 02:44:47+00:00,4.7,unclassified,42901,-67.641,-31.255
2002-09-22 12:59:09+00:00,5.0,intraarc,43169,-67.306,-21.24
2002-10-01 22:12:48+00:00,4.8,intraarc,43263,-68.087,-20.969
2002-12-04 21:03:03+00:00,5.0,unclassified,43932,-67.597,-30.056
2002-12-04 21:03:07+00:00,4.9,unclassified,43933,-68.0,-30.4
2002-12-15 15:24:12+00:00,4.8,forearc,44036,-69.846,-19.131
2003-01-02 06:08:01+00:00,4.7,forearc,44238,-71.916,-30.534
2003-01-13 23:59:36+00:00,5.4,unclassified,44380,-68.656,-33.465
2003-01-23 01:16:13+00:00,5.2,unclassified,44470,-68.004,-28.256
2003-02-18 03:54:30+00:00,4.7,unclassified,44727,-65.444,-23.831
2003-02-28 12:51:58+00:00,5.2,intraarc,44837,-69.175,-30.618
2003-03-12 09:27:16+00:00,5.0,forearc,45006,-69.625,-21.219
2003-05-05 11:06:34+00:00,4.7,forearc,45689,-70.285,-19.301
2003-06-11 05:30:48+00:00,5.0,forearc,46256,-70.183,-28.204
2003-06-13 17:24:11+00:00,4.7,forearc,46279,-66.252,-22.161
2003-08-23 08:11:57+00:00,4.8,intraarc,47747,-72.143,-40.546
2003-08-26 21:11:45+00:00,5.7,forearc,47782,-70.56,-17.28
2003-09-07 22:39:30+00:00,5.4,forearc,47958,-71.718,-30.723
2003-09-12 16:49:52+00:00,5.2,unclassified,48025,-75.665,-51.593
2003-09-14 12:37:12+00:00,4.8,unclassified,48052,-74.628,-46.772
2003-09-19 01:44:15+00:00,5.2,forearc,48119,-70.227,-17.941
2003-09-23 13:00:16+00:00,5.2,unclassified,48181,-66.602,-25.101
2003-09-28 16:06:08+00:00,4.8,unclassified,48241,-72.812,-53.021
2003-10-20 19:13:55+00:00,5.4,forearc,48525,-69.874,-18.596
2003-11-01 03:19:11+00:00,5.1,unclassified,48707,-68.18,-35.48
2003-11-04 05:23:55+00:00,4.7,unclassified,48762,-65.083,-26.797
2003-11-18 18:01:37+00:00,5.2,unclassified,48907,-67.289,-35.441
2003-12-22 01:54:40+00:00,4.8,intraarc,49312,-69.495,-31.791
2004-01-03 07:23:58+00:00,4.9,intraarc,49450,-69.051,-25.099
2004-01-27 23:02:30+00:00,5.2,unclassified,49709,-68.673,-30.365
2004-02-28 00:54:11+00:00,4.7,unclassified,50075,-68.031,-31.029
2004-03-06 07:53:21+00:00,5.2,unclassified,50156,-67.366,-31.621
2004-03-10 15:08:59+00:00,4.8,unclassified,50192,-68.471,-29.701
2004-03-17 16:49:49+00:00,5.1,unclassified,50271,-66.75,-31.99
2004-03-19 06:01:58+00:00,5.1,forearc,50299,-70.421,-20.569
2004-04-15 21:39:23+00:00,5.3,unclassified,50601,-67.55,-30.35
2004-05-07 02:05:07+00:00,5.3,unclassified,50874,-66.888,-28.079
2004-05-08 14:53:42+00:00,4.7,forearc,50894,-66.655,-24.035
2004-05-24 20:02:00+00:00,4.8,intraarc,51109,-71.391,-41.49
2004-05-24 20:02:07+00:00,4.8,intraarc,51110,-71.781,-41.154
2004-06-01 17:04:59+00:00,5.0,unclassified,51207,-68.23,-32.23
2004-06-15 11:16:32+00:00,6.1,forearc,51348,-73.155,-38.854
2004-06-17 07:43:43+00:00,4.9,unclassified,51379,-66.626,-24.201
2004-06-24 10:22:48+00:00,5.3,forearc,51457,-71.025,-18.25
2004-07-20 07:11:53+00:00,4.9,intraarc,51747,-69.451,-31.811
2004-07-23 12:13:18+00:00,4.8,forearc,51778,-70.472,-18.41
2004-07-30 08:32:06+00:00,4.8,unclassified,51848,-67.587,-17.283
2004-08-05 13:23:22+00:00,4.7,forearc,51895,-69.842,-18.271
2004-08-28 13:41:35+00:00,6.5,intraarc,52159,-70.36,-35.21
2004-08-30 16:08:18+00:00,5.1,unclassified,52311,-72.1,-50.65
2004-08-31 01:40:07+00:00,4.8,unclassified,52360,-72.703,-50.696
2004-09-07 11:53:11+00:00,6.1,unclassified,52478,-65.79,-28.91
2004-09-07 12:56:40+00:00,4.8,forearc,52484,-70.667,-28.331
2004-09-07 16:18:52+00:00,4.9,unclassified,52483,-72.53,-51.05
2004-09-10 10:44:16+00:00,5.3,forearc,52556,-73.24,-38.06
2004-09-12 14:24:39+00:00,5.3,intraarc,52575,-70.15,-34.31
2004-09-23 18:52:14+00:00,5.2,forearc,52720,-69.152,-25.035
2004-09-29 11:25:05+00:00,4.8,intraarc,52810,-70.121,-33.379
2004-10-12 15:31:35+00:00,4.7,unclassified,52982,-66.525,-29.804
2004-10-15 23:25:27+00:00,4.7,unclassified,53018,-65.161,-26.896
2004-10-19 05:15:06+00:00,5.1,forearc,53065,-72.23,-16.41
2004-10-23 23:16:11+00:00,5.7,unclassified,53135,-67.162,-29.256
2004-10-29 08:55:39+00:00,5.0,unclassified,53208,-67.135,-30.51
2004-10-29 08:55:43+00:00,4.8,unclassified,53209,-67.56,-30.81
2004-12-15 10:44:23+00:00,4.8,intraarc,53812,-67.22,-24.438
2004-12-17 19:11:09+00:00,4.9,unclassified,53841,-68.782,-33.407
2004-12-27 13:29:43+00:00,5.0,forearc,53955,-69.749,-27.047
2004-12-29 03:03:06+00:00,5.4,unclassified,53983,-68.398,-29.094
2005-01-04 11:22:05+00:00,4.7,forearc,54058,-72.367,-35.889
2005-01-20 15:11:28+00:00,5.2,forearc,54234,-74.313,-42.653
2005-01-30 14:59:21+00:00,4.8,forearc,54359,-70.524,-20.257
2005-02-08 04:47:50+00:00,5.2,unclassified,54445,-66.331,-33.442
2005-02-08 04:47:52+00:00,4.7,unclassified,54446,-66.6,-33.08
2005-02-23 00:29:17+00:00,4.7,forearc,54614,-66.631,-24.215
2005-03-05 20:27:18+00:00,4.7,unclassified,54711,-68.814,-31.644
2005-03-05 20:45:02+00:00,4.9,unclassified,54709,-68.053,-28.313
2005-03-30 11:51:31+00:00,4.8,forearc,55010,-71.398,-30.553
2005-04-02 13:01:10+00:00,5.4,forearc,55047,-70.757,-25.217
2005-04-12 07:51:32+00:00,4.8,unclassified,55188,-66.38,-31.01
2005-04-20 10:40:46+00:00,5.3,forearc,55288,-71.414,-17.673
2005-04-21 19:56:10+00:00,4.7,forearc,55312,-71.83,-30.819
2005-06-05 01:54:05+00:00,4.8,forearc,55828,-73.003,-35.499
2005-06-20 06:32:10+00:00,4.8,unclassified,56070,-68.31,-32.85
2005-06-21 08:36:49+00:00,4.8,forearc,56112,-69.933,-22.606
2005-07-05 11:12:16+00:00,4.9,unclassified,56353,-72.13,-51.08
2005-07-05 11:12:17+00:00,5.1,unclassified,56352,-72.085,-50.653
2005-07-22 09:13:35+00:00,4.7,forearc,56613,-70.44,-17.44
2005-08-13 16:51:29+00:00,5.2,forearc,56959,-70.254,-16.72
2005-08-23 08:44:17+00:00,5.2,forearc,57083,-73.87,-42.303
2005-08-23 19:14:08+00:00,5.0,unclassified,57084,-68.938,-32.74
2005-08-23 19:14:09+00:00,4.8,intraarc,57085,-69.14,-32.93
2005-09-02 21:09:05+00:00,4.9,unclassified,57230,-66.979,-32.044
2005-09-30 05:50:13+00:00,4.9,unclassified,57662,-67.105,-31.669
2005-10-01 18:45:31+00:00,5.0,intraarc,57684,-68.648,-23.004
2005-10-01 22:19:51+00:00,5.3,forearc,57683,-70.7,-16.86
2005-10-05 10:59:08+00:00,5.3,unclassified,57765,-65.417,-27.228
2005-10-22 13:14:43+00:00,4.7,intraarc,58022,-68.482,-23.839
2005-10-25 07:40:19+00:00,5.3,forearc,58078,-69.99,-19.322
2005-11-06 13:43:47+00:00,4.7,intraarc,58222,-70.393,-32.823
2005-11-13 20:49:07+00:00,5.0,forearc,58311,-71.246,-16.479
2005-12-01 10:50:07+00:00,4.7,forearc,58525,-71.02,-17.195
2006-01-08 05:22:33+00:00,5.1,unclassified,59026,-68.623,-33.83
2006-01-09 23:56:53+00:00,5.0,unclassified,59062,-69.274,-54.292
2006-01-23 05:22:42+00:00,5.2,intraarc,59264,-67.055,-24.322
2006-02-11 11:49:40+00:00,5.2,unclassified,59540,-67.625,-32.415
2006-05-05 08:06:41+00:00,5.0,forearc,60888,-71.199,-27.291
2006-05-13 09:42:51+00:00,4.8,forearc,61085,-71.137,-18.383
2006-05-17 23:40:32+00:00,5.2,unclassified,61164,-67.565,-28.425
2006-05-20 16:52:37+00:00,4.8,forearc,61213,-68.982,-23.546
2006-06-09 13:39:44+00:00,5.1,intraarc,61507,-69.418,-30.819
2006-07-17 08:56:29+00:00,4.9,intraarc,62082,-72.262,-40.465
2006-08-05 14:03:50+00:00,5.6,unclassified,62355,-68.86,-33.2
2006-09-05 13:03:17+00:00,4.9,intraarc,62830,-68.701,-26.195
2006-09-11 09:08:48+00:00,4.9,forearc,62910,-71.251,-17.782
2006-09-28 20:37:34+00:00,4.7,forearc,63227,-69.24,-19.52
2006-09-29 08:27:27+00:00,4.9,unclassified,63246,-67.271,-31.007
2006-10-06 17:21:15+00:00,4.8,unclassified,63360,-68.153,-29.128
2006-10-08 18:43:18+00:00,4.8,forearc,63388,-72.179,-36.466
2006-10-24 15:59:04+00:00,4.7,forearc,63750,-69.974,-25.441
2006-12-17 05:52:34+00:00,5.0,unclassified,64539,-72.471,-50.542
2006-12-31 14:55:06+00:00,5.5,intraarc,64738,-71.4,-38.04
2007-01-28 02:53:16+00:00,5.2,intraarc,65126,-73.69,-45.39
2007-01-31 08:06:15+00:00,5.2,intraarc,65159,-72.327,-45.194
2007-02-05 03:17:01+00:00,5.1,intraarc,65239,-68.641,-19.827
2007-02-22 01:15:47+00:00,5.2,unclassified,65450,-68.721,-31.798
2007-02-25 01:42:05+00:00,4.7,unclassified,65488,-67.69,-29.588
2007-03-08 07:23:53+00:00,5.1,forearc,65630,-66.406,-23.195
2007-03-23 19:26:48+00:00,5.0,intraarc,65833,-70.054,-34.163
2007-03-24 19:13:54+00:00,5.5,forearc,65851,-70.48,-19.85
2007-03-27 01:01:29+00:00,4.9,unclassified,65900,-68.211,-56.827
2007-03-27 01:59:25+00:00,4.8,intraarc,65901,-67.85,-23.208
2007-03-30 16:02:13+00:00,5.0,forearc,65970,-71.996,-31.606
2007-04-06 14:08:57+00:00,5.2,forearc,66101,-71.224,-16.908
2007-04-09 02:27:11+00:00,4.7,forearc,66183,-71.754,-16.909
2007-04-09 19:01:23+00:00,4.8,forearc,66182,-71.897,-30.834
2007-04-21 17:53:48+00:00,6.24,intraarc,66379,-72.95,-45.48
2007-04-22 08:56:42+00:00,4.7,intraarc,66395,-68.713,-21.384
2007-04-22 10:22:03+00:00,5.6,forearc,66391,-71.451,-32.404
2007-04-26 05:26:54+00:00,4.8,forearc,66461,-66.4,-24.097
2007-05-26 04:26:34+00:00,4.7,forearc,66898,-74.088,-41.96
2007-05-27 05:17:52+00:00,4.7,forearc,66918,-70.661,-16.025
2007-07-11 20:41:31+00:00,4.9,unclassified,67491,-65.368,-24.887
2007-07-17 18:32:19+00:00,4.8,unclassified,67574,-67.478,-31.403
2007-07-30 08:20:30+00:00,5.3,forearc,67747,-70.623,-17.185
2007-08-14 17:15:39+00:00,4.8,forearc,67959,-69.793,-17.217
2007-08-17 23:05:59+00:00,4.8,forearc,68012,-70.126,-17.008
2007-08-20 21:52:40+00:00,4.8,intraarc,68055,-71.913,-40.439
2007-08-27 05:40:32+00:00,5.0,forearc,68127,-71.824,-16.289
2007-09-02 23:53:30+00:00,5.3,unclassified,68180,-67.469,-31.869
2007-09-24 19:06:39+00:00,5.1,intraarc,68501,-68.71,-19.46
2007-10-02 15:33:00+00:00,5.1,forearc,68623,-70.311,-25.966
2007-10-04 00:03:23+00:00,4.7,forearc,68651,-70.261,-27.876
2007-10-15 21:39:12+00:00,5.5,unclassified,68783,-74.958,-46.128
2007-10-22 21:17:47+00:00,5.2,unclassified,68854,-65.873,-28.299
2007-10-30 17:57:59+00:00,5.0,intraarc,68975,-68.995,-20.132
2007-11-10 11:48:37+00:00,5.0,intraarc,69096,-72.267,-45.797
2007-11-14 15:49:47+00:00,5.0,forearc,69140,-70.241,-22.916
2007-11-14 19:26:25+00:00,4.7,forearc,69147,-69.62,-22.419
2007-11-17 17:54:37+00:00,5.9,forearc,69256,-70.92,-23.06
2007-12-04 19:56:58+00:00,5.5,forearc,69816,-70.213,-17.563
2008-01-15 22:52:33+00:00,5.0,forearc,70685,-69.75,-23.256
2008-01-17 04:52:54+00:00,4.7,intraarc,70712,-70.562,-35.17
2008-02-20 12:21:33+00:00,5.0,intraarc,71292,-71.774,-40.26
2008-03-29 01:34:34+00:00,4.9,forearc,71955,-74.069,-43.028
2008-03-30 18:13:57+00:00,4.9,forearc,71981,-69.89,-25.892
2008-04-18 02:17:15+00:00,4.9,forearc,72360,-72.361,-35.989
2008-05-02 05:51:27+00:00,5.2,intraarc,72579,-72.65,-42.93
2008-05-02 22:13:33+00:00,4.8,forearc,72583,-73.11,-42.804
2008-05-28 18:16:13+00:00,5.5,intraarc,72999,-72.508,-42.054
2008-06-15 01:27:49+00:00,4.8,intraarc,73262,-68.633,-22.224
2008-07-13 17:33:54+00:00,5.2,intraarc,73694,-68.214,-21.694
2008-07-15 19:17:44+00:00,5.1,forearc,73734,-70.228,-22.608
2008-07-17 08:35:01+00:00,4.9,intraarc,73780,-68.812,-20.572
2008-09-03 04:34:06+00:00,4.9,unclassified,74506,-67.934,-31.954
2008-09-10 16:12:11+00:00,5.75,forearc,74662,-69.56,-20.41
2008-11-03 04:46:33+00:00,4.9,intraarc,75847,-69.279,-18.542
2008-11-16 19:12:45+00:00,5.3,intraarc,76110,-72.439,-43.548
2008-12-08 17:42:50+00:00,4.7,forearc,76532,-65.825,-22.729
2009-01-01 23:10:03+00:00,5.1,unclassified,77010,-66.695,-23.979
2009-02-06 08:58:32+00:00,4.8,intraarc,77541,-68.788,-28.459
2009-03-12 08:57:14+00:00,5.1,unclassified,78107,-67.014,-32.526
2009-04-17 02:17:55+00:00,5.4,forearc,78761,-70.408,-19.515
2009-05-01 10:43:37+00:00,5.4,forearc,79017,-69.27,-19.568
2009-05-24 12:52:12+00:00,5.1,intraarc,79476,-72.41,-42.82
2009-06-02 03:52:21+00:00,5.2,unclassified,79629,-69.028,-32.772
2009-06-02 03:52:22+00:00,4.8,intraarc,79632,-69.129,-32.695
2009-07-11 21:16:01+00:00,4.9,unclassified,80288,-66.246,-17.189
2009-07-16 09:54:51+00:00,4.7,forearc,80355,-65.927,-28.334
2009-07-25 07:20:21+00:00,4.8,forearc,80471,-73.006,-38.249
2009-09-05 02:51:08+00:00,4.7,unclassified,81092,-67.857,-32.048
2009-09-11 08:10:05+00:00,5.0,forearc,81178,-72.72,-16.463
2009-11-06 03:37:42+00:00,4.9,unclassified,81968,-69.534,-54.083
2009-11-22 22:07:48+00:00,5.9,forearc,82169,-74.967,-39.634
2010-01-12 08:02:23+00:00,4.9,intraarc,82833,-69.223,-19.076
2010-01-19 17:28:21+00:00,5.2,unclassified,82896,-65.74,-27.71
2010-01-20 13:23:16+00:00,5.2,intraarc,82908,-69.394,-31.172
2010-02-03 18:03:00+00:00,4.9,forearc,83071,-69.418,-21.53
2010-02-27 06:51:14+00:00,6.1,intraarc,83400,-69.211,-31.68
2010-02-27 07:14:46+00:00,5.3,forearc,83476,-72.136,-36.72
2010-02-27 08:52:05+00:00,5.2,forearc,83487,-71.745,-35.003
2010-02-27 09:25:19+00:00,5.3,intraarc,83479,-71.837,-37.701
2010-02-27 12:41:45+00:00,5.2,intraarc,83489,-70.048,-31.231
2010-02-27 13:26:52+00:00,4.9,forearc,83549,-71.223,-35.064
2010-02-27 13:54:02+00:00,5.4,forearc,83472,-71.843,-33.481
2010-02-27 14:06:45+00:00,5.3,forearc,83481,-72.656,-37.162
2010-02-27 14:19:57+00:00,5.2,forearc,83496,-73.204,-37.381
2010-02-27 15:22:54+00:00,5.4,forearc,83468,-71.529,-35.455
2010-02-27 15:45:43+00:00,6.3,unclassified,83394,-65.59,-24.91
2010-02-27 17:24:31+00:00,6.2,forearc,83398,-73.144,-36.451
2010-02-28 02:35:16+00:00,4.9,forearc,83826,-70.703,-31.36
2010-02-28 07:36:28+00:00,5.2,forearc,83777,-72.965,-37.775
2010-02-28 08:15:03+00:00,5.2,unclassified,83778,-68.506,-33.61
2010-03-01 02:44:45+00:00,5.6,forearc,84045,-72.75,-35.22
2010-03-01 07:01:37+00:00,4.7,intraarc,84110,-70.492,-33.751
2010-03-01 15:42:57+00:00,5.2,forearc,84061,-72.167,-36.041
2010-03-02 02:09:37+00:00,5.1,intraarc,84268,-71.47,-39.86
2010-03-02 16:28:12+00:00,5.2,forearc,84265,-72.014,-35.61
2010-03-02 21:56:42+00:00,5.4,intraarc,84252,-69.148,-30.358
2010-03-04 10:53:54+00:00,5.4,intraarc,84561,-69.919,-35.869
2010-03-05 01:06:30+00:00,4.7,forearc,84709,-70.67,-28.419
2010-03-05 04:16:19+00:00,5.1,intraarc,84691,-70.216,-34.994
2010-03-05 16:46:52+00:00,5.5,forearc,84680,-73.711,-36.845
2010-03-06 10:48:13+00:00,5.2,forearc,84791,-73.24,-38.331
2010-03-07 23:49:26+00:00,5.0,intraarc,84914,-70.915,-35.596
2010-03-08 16:49:50+00:00,5.1,forearc,85028,-71.764,-32.676
2010-03-08 17:03:22+00:00,5.8,unclassified,85007,-66.84,-25.94
2010-03-10 10:56:30+00:00,5.2,forearc,85224,-73.223,-35.849
2010-03-11 14:55:35+00:00,7.0,forearc,85308,-71.79,-34.32
2010-03-12 11:02:13+00:00,5.2,forearc,85443,-72.385,-38.124
2010-03-13 01:56:11+00:00,5.1,unclassified,85583,-67.67,-34.787
2010-03-13 16:33:16+00:00,5.3,intraarc,85575,-69.708,-34.137
2010-03-17 17:38:34+00:00,5.4,intraarc,85952,-72.507,-43.999
2010-03-17 17:38:37+00:00,5.4,intraarc,85953,-73.03,-44.36
2010-03-20 06:29:24+00:00,4.8,forearc,86220,-73.471,-37.815
2010-03-22 01:24:08+00:00,5.1,forearc,86393,-72.615,-35.847
2010-03-27 06:37:07+00:00,5.1,intraarc,86724,-69.192,-32.402
2010-04-01 12:53:10+00:00,5.1,forearc,87052,-72.22,-34.87
2010-04-04 13:34:25+00:00,5.0,forearc,87254,-69.626,-19.644
2010-04-11 22:54:03+00:00,4.9,forearc,87680,-67.637,-31.897
2010-05-04 02:49:02+00:00,5.0,intraarc,88669,-71.502,-38.291
2010-05-10 12:13:43+00:00,4.8,forearc,88880,-71.133,-31.148
2010-05-24 09:14:58+00:00,5.0,intraarc,89391,-72.108,-40.39
2010-06-05 15:18:17+00:00,5.2,forearc,89870,-69.988,-21.562
2010-06-10 09:46:54+00:00,5.2,unclassified,90011,-68.162,-29.186
2010-06-27 04:34:22+00:00,4.7,unclassified,90536,-68.549,-30.516
2010-07-09 22:57:22+00:00,5.1,unclassified,90872,-75.229,-45.901
2010-07-12 12:44:49+00:00,5.1,forearc,90955,-69.992,-17.014
2010-07-29 10:04:48+00:00,4.8,forearc,91376,-73.078,-39.009
2010-08-10 12:17:00+00:00,5.1,unclassified,91701,-67.466,-31.748
2010-08-15 07:50:37+00:00,5.6,intraarc,91882,-71.337,-36.975
2010-08-21 20:17:28+00:00,4.7,forearc,92091,-71.655,-17.472
2010-09-02 00:28:14+00:00,4.9,intraarc,92394,-68.493,-20.299
2010-09-03 15:16:44+00:00,4.8,forearc,92425,-70.602,-30.689
2010-09-06 10:47:45+00:00,5.3,intraarc,92510,-70.491,-35.322
2010-09-11 17:53:52+00:00,5.1,forearc,92628,-73.767,-37.363
2010-10-17 15:50:18+00:00,5.2,unclassified,93647,-68.582,-33.475
2010-11-05 04:53:03+00:00,5.1,forearc,94180,-72.562,-36.13
2010-11-25 04:54:47+00:00,5.6,forearc,94770,-69.793,-25.06
2010-12-07 15:33:45+00:00,5.0,forearc,95179,-73.448,-37.73
2010-12-16 05:59:52+00:00,4.9,forearc,95460,-71.128,-29.689
2010-12-17 20:34:20+00:00,4.8,forearc,95485,-71.269,-17.548
2011-01-02 20:20:11+00:00,6.9,forearc,96048,-74.03,-38.373
2011-01-02 23:27:04+00:00,5.0,forearc,96053,-72.871,-38.756
2011-01-21 10:25:22+00:00,5.2,forearc,96663,-71.907,-37.692
2011-01-29 07:24:55+00:00,4.9,unclassified,96863,-67.738,-31.777
2011-02-03 02:35:08+00:00,5.0,forearc,96992,-67.284,-27.307
2011-02-05 16:58:37+00:00,4.8,forearc,97044,-70.557,-31.598
2011-02-10 15:58:36+00:00,4.9,forearc,97193,-71.783,-32.659
2011-02-14 12:18:25+00:00,5.2,forearc,97381,-71.54,-35.65
2011-02-14 12:18:29+00:00,5.2,forearc,97383,-72.078,-35.569
2011-02-18 23:54:03+00:00,5.0,intraarc,97488,-70.39,-34.91
2011-02-21 05:38:50+00:00,5.0,intraarc,97633,-72.55,-46.02
2011-02-22 06:24:59+00:00,4.9,forearc,97653,-72.601,-35.711
2011-04-25 17:36:18+00:00,5.0,unclassified,99763,-67.596,-29.505
2011-04-27 11:21:15+00:00,5.2,unclassified,99833,-66.224,-19.752
2011-05-03 06:35:42+00:00,4.9,intraarc,100096,-69.229,-30.232
2011-05-09 22:24:46+00:00,4.7,intraarc,100349,-68.61,-24.301
2011-05-24 13:21:19+00:00,4.7,forearc,100868,-71.784,-32.193
2011-06-04 13:58:56+00:00,5.3,intraarc,101279,-72.177,-40.444
2011-06-08 05:26:58+00:00,4.7,forearc,101469,-70.344,-23.89
2011-06-10 14:45:26+00:00,5.2,forearc,101520,-69.376,-23.981
2011-06-24 09:58:38+00:00,4.9,forearc,101958,-70.78,-26.708
2011-07-04 10:47:59+00:00,5.0,unclassified,102361,-67.967,-31.032
2011-07-06 14:34:13+00:00,5.0,unclassified,102444,-68.791,-33.051
2011-07-08 13:26:28+00:00,4.8,forearc,102540,-69.964,-27.499
2011-07-26 04:49:49+00:00,4.8,forearc,103187,-72.229,-36.835
2011-09-17 17:41:07+00:00,4.9,forearc,105226,-70.38,-28.864
2011-09-20 07:36:40+00:00,4.7,forearc,105313,-70.169,-25.536
2011-10-11 20:17:07+00:00,4.8,forearc,105968,-69.724,-26.327
2011-10-11 20:17:12+00:00,5.4,intraarc,105966,-69.23,-26.542
2011-10-25 22:08:43+00:00,5.2,intraarc,106264,-72.779,-45.878
2011-11-07 04:14:04+00:00,4.8,forearc,106538,-71.048,-16.438
2011-12-07 22:23:09+00:00,6.1,forearc,107218,-71.195,-27.898
2011-12-13 10:59:16+00:00,5.1,unclassified,107456,-66.664,-27.587
2011-12-28 18:20:43+00:00,5.1,forearc,107900,-69.27,-25.205
2012-01-18 11:35:54+00:00,5.1,unclassified,108598,-68.24,-31.81
2012-01-21 13:27:11+00:00,4.9,intraarc,108754,-69.111,-31.865
2012-02-01 02:43:22+00:00,4.8,forearc,109137,-71.359,-32.902
2012-02-14 09:43:00+00:00,5.0,forearc,109544,-71.659,-31.952
2012-02-17 08:17:56+00:00,4.8,forearc,109644,-65.897,-22.518
2012-03-03 22:45:40+00:00,4.9,forearc,110072,-72.966,-35.731
2012-04-07 16:40:25+00:00,4.7,forearc,111113,-70.221,-19.154
2012-04-14 10:56:18+00:00,6.0,unclassified,111312,-65.372,-57.576
2012-04-19 01:14:06+00:00,5.2,forearc,111477,-71.169,-30.964
2012-04-24 15:02:33+00:00,5.0,forearc,111615,-70.238,-22.239
2012-04-30 10:23:16+00:00,5.1,forearc,111800,-70.489,-23.122
2012-05-06 17:09:54+00:00,4.8,unclassified,111972,-67.019,-17.88
2012-05-13 12:42:50+00:00,5.0,forearc,112189,-71.82,-32.824
2012-06-01 18:19:51+00:00,4.8,unclassified,112694,-68.746,-31.732
2012-06-07 04:05:10+00:00,6.0,intraarc,112856,-70.97,-36.23
2012-06-18 08:29:06+00:00,5.0,unclassified,113183,-68.6,-33.01
2012-06-21 09:24:23+00:00,5.1,forearc,113283,-72.223,-35.523
2012-06-27 13:06:27+00:00,5.0,unclassified,113454,-67.362,-31.706
2012-08-04 13:11:46+00:00,4.7,intraarc,114419,-69.175,-32.835
2012-09-15 09:37:18+00:00,5.0,unclassified,115605,-66.601,-32.853
2012-09-18 03:53:30+00:00,4.8,intraarc,115678,-69.262,-31.893
2012-09-22 08:36:19+00:00,4.8,forearc,115810,-71.093,-17.397
2012-10-14 03:37:30+00:00,4.8,forearc,116541,-72.266,-34.605
2012-10-25 14:26:22+00:00,4.9,forearc,116998,-70.093,-25.925
2012-11-16 00:38:08+00:00,5.0,forearc,117798,-69.71,-21.51
2012-11-19 16:34:26+00:00,5.0,forearc,117901,-70.42,-17.844
2012-11-29 00:09:40+00:00,5.2,unclassified,118303,-69.05,-32.898
2012-12-10 15:25:47+00:00,5.2,forearc,118710,-72.862,-38.932
2012-12-17 08:38:25+00:00,4.8,unclassified,118948,-65.287,-32.342
2012-12-20 06:16:32+00:00,4.9,forearc,119033,-70.742,-31.75
2012-12-28 08:50:05+00:00,4.8,unclassified,119288,-65.049,-31.298
2013-01-12 08:32:25+00:00,5.4,forearc,119907,-71.121,-29.473
2013-01-15 18:17:27+00:00,4.9,forearc,120040,-72.767,-37.27
2013-01-25 19:53:25+00:00,5.3,unclassified,120422,-65.339,-24.195
2013-01-30 20:55:42+00:00,4.8,forearc,120619,-70.083,-28.305
2013-01-30 21:13:58+00:00,4.8,intraarc,120620,-69.46,-29.896
2013-02-23 20:08:24+00:00,4.8,forearc,121441,-71.671,-16.006
2013-03-06 01:52:05+00:00,5.1,unclassified,121799,-68.184,-31.668
2013-03-19 11:41:55+00:00,4.9,intraarc,122297,-69.567,-27.873
2013-03-30 18:23:03+00:00,4.9,forearc,122684,-71.482,-28.984
2013-04-20 19:14:33+00:00,5.0,unclassified,123333,-68.543,-29.399
2013-04-25 08:51:59+00:00,5.1,forearc,123491,-66.448,-24.106
2013-05-11 02:19:16+00:00,5.0,forearc,124056,-72.475,-16.487
2013-05-11 15:39:29+00:00,5.3,intraarc,124055,-69.4,-26.2
2013-05-18 10:22:22+00:00,4.7,unclassified,124271,-66.336,-28.636
2013-05-24 18:50:32+00:00,5.0,intraarc,124483,-69.258,-30.51
2013-06-01 16:50:51+00:00,5.0,forearc,124698,-69.525,-26.174
2013-06-07 06:28:12+00:00,4.8,forearc,124868,-71.852,-32.689
2013-06-28 02:08:14+00:00,4.9,forearc,125493,-71.598,-29.828
2013-07-07 23:13:42+00:00,5.0,unclassified,125739,-65.627,-17.582
2013-07-10 04:49:52+00:00,4.8,forearc,125827,-71.582,-17.094
2013-07-13 21:36:15+00:00,5.2,unclassified,125912,-67.02,-26.96
2013-07-17 16:19:03+00:00,5.1,unclassified,126042,-66.821,-34.362
2013-07-22 13:54:45+00:00,5.2,intraarc,126210,-69.54,-26.771
2013-07-23 00:48:14+00:00,4.8,forearc,126241,-69.933,-26.74
2013-08-07 17:23:56+00:00,4.7,forearc,126751,-70.161,-19.357
2013-08-08 15:21:41+00:00,5.1,forearc,126780,-71.152,-17.637
2013-08-19 19:21:55+00:00,4.7,forearc,127052,-72.117,-34.707
2013-09-06 00:08:58+00:00,5.2,unclassified,127528,-66.545,-24.329
2013-09-14 06:08:49+00:00,4.8,forearc,127807,-73.97,-37.337
2013-10-11 01:45:08+00:00,5.0,unclassified,128699,-65.753,-28.079
2013-10-18 22:53:10+00:00,4.7,intraarc,128934,-67.47,-26.042
2013-11-07 12:47:49+00:00,4.7,forearc,129719,-73.452,-38.661
2013-11-09 17:20:13+00:00,4.8,unclassified,129810,-66.048,-17.335
2013-11-15 06:19:17+00:00,5.1,unclassified,130080,-67.54,-32.72
2013-12-02 05:08:56+00:00,4.8,unclassified,130911,-68.174,-31.482
2013-12-27 22:38:58+00:00,4.7,forearc,131807,-71.322,-33.939
2014-01-17 15:10:30+00:00,5.0,unclassified,132438,-66.783,-29.323
2014-02-05 11:51:07+00:00,5.0,forearc,133069,-69.58,-21.48
2014-02-23 23:23:17+00:00,4.8,forearc,133624,-71.283,-35.118
2014-03-04 10:56:34+00:00,4.7,forearc,133891,-72.015,-33.62
2014-03-12 17:36:10+00:00,5.0,forearc,134097,-71.422,-28.751
2014-03-16 21:16:37+00:00,6.7,forearc,134198,-70.92,-19.94
2014-03-27 23:51:00+00:00,5.7,intraarc,134944,-68.74,-29.31
2014-04-02 02:52:27+00:00,4.9,forearc,135155,-70.812,-19.357
2014-04-02 16:50:29+00:00,5.1,forearc,135145,-70.111,-19.446
2014-04-03 02:43:14+00:00,6.7,forearc,135315,-70.491,-20.589
2014-06-08 06:05:07+00:00,5.2,unclassified,137636,-66.531,-31.285
2014-06-08 08:13:52+00:00,4.7,forearc,137640,-71.77,-32.562
2014-06-12 12:28:53+00:00,5.1,forearc,137696,-70.564,-30.745
2014-06-25 10:45:30+00:00,5.0,unclassified,137977,-65.802,-28.153
2014-07-09 17:19:39+00:00,5.2,forearc,138204,-71.824,-16.77
2014-07-26 21:22:10+00:00,5.0,unclassified,138478,-74.096,-52.186
2014-09-09 08:55:12+00:00,4.8,unclassified,139210,-68.643,-33.484
2014-10-01 06:08:38+00:00,5.1,unclassified,139539,-67.31,-16.57
2014-10-29 05:14:25+00:00,5.0,forearc,140005,-70.589,-16.924
2014-11-14 12:16:29+00:00,5.2,forearc,140227,-73.092,-16.186
2014-12-17 01:54:03+00:00,5.0,intraarc,140795,-67.222,-24.189
2015-01-10 16:05:10+00:00,4.9,unclassified,141133,-73.959,-53.056
2015-02-17 08:25:11+00:00,5.3,unclassified,141822,-74.857,-47.978
2015-03-05 02:08:49+00:00,4.9,forearc,142120,-72.64,-34.234
2015-03-13 19:16:08+00:00,5.0,intraarc,142261,-73.51,-44.79
2015-03-31 19:23:49+00:00,4.9,intraarc,142591,-69.459,-30.328
2015-04-22 20:55:07+00:00,5.0,forearc,142947,-72.726,-41.291
2015-04-22 21:08:42+00:00,4.8,unclassified,142949,-65.84,-17.281
2015-05-07 23:00:59+00:00,5.1,unclassified,143188,-68.196,-32.245
2015-05-15 06:05:22+00:00,4.8,forearc,143309,-71.126,-29.549
2015-05-17 07:09:27+00:00,5.0,unclassified,143347,-68.167,-28.954
2015-06-05 13:01:44+00:00,4.8,forearc,143653,-69.335,-19.578
2015-06-07 21:14:08+00:00,4.9,unclassified,143675,-67.513,-29.004
2015-07-20 09:27:15+00:00,4.7,forearc,144333,-71.41,-18.412
2015-08-01 11:30:26+00:00,5.2,unclassified,144511,-68.44,-29.93
2015-08-12 13:19:48+00:00,4.9,unclassified,144658,-65.418,-23.993
2015-09-02 17:39:22+00:00,5.0,intraarc,144984,-67.298,-22.538
2015-09-08 16:02:43+00:00,5.2,unclassified,145074,-67.646,-31.352
2015-09-10 05:47:07+00:00,4.7,forearc,145110,-69.763,-25.689
2015-09-12 08:13:52+00:00,5.1,unclassified,145133,-68.673,-31.66
2015-09-14 13:38:53+00:00,4.9,unclassified,145163,-68.641,-33.31
2015-09-16 23:13:12+00:00,5.6,forearc,145202,-71.197,-30.227
2015-09-16 23:15:38+00:00,4.9,forearc,145206,-71.221,-32.155
2015-09-16 23:16:09+00:00,6.1,forearc,145196,-71.932,-31.918
2015-09-17 01:41:06+00:00,6.4,forearc,145223,-71.693,-31.172
2015-09-17 01:46:27+00:00,4.8,intraarc,145296,-70.066,-31.484
2015-09-17 06:36:32+00:00,5.2,intraarc,145251,-69.085,-18.408
2015-09-17 16:08:09+00:00,5.3,forearc,145242,-70.376,-29.784
2015-09-18 19:54:44+00:00,4.7,forearc,145477,-71.683,-30.03
2015-09-26 20:19:45+00:00,4.7,forearc,146384,-70.685,-16.996
2015-10-30 20:00:31+00:00,5.0,unclassified,147729,-66.597,-30.072
2015-11-26 16:07:34+00:00,4.9,forearc,148540,-73.417,-38.808
2015-12-20 21:06:41+00:00,4.8,forearc,149102,-66.817,-27.382
2015-12-26 11:42:18+00:00,5.1,forearc,149225,-70.149,-18.408
2016-01-03 11:04:34+00:00,4.9,intraarc,149422,-69.275,-32.946
2016-01-10 10:21:31+00:00,4.9,unclassified,149577,-66.604,-17.021
2016-01-15 20:32:55+00:00,5.1,unclassified,149682,-68.019,-28.419
2016-01-22 07:03:50+00:00,4.7,forearc,149834,-67.115,-32.788
2016-02-16 13:57:37+00:00,4.8,forearc,150383,-73.834,-16.597
2016-02-26 08:52:53+00:00,5.0,unclassified,150674,-67.54,-31.75
2016-03-05 17:31:50+00:00,4.9,forearc,150833,-69.747,-20.737
2016-04-01 15:28:52+00:00,4.7,forearc,151439,-72.292,-16.533
2016-05-16 23:28:53+00:00,4.7,unclassified,152508,-65.121,-24.121
2016-05-17 11:20:56+00:00,4.8,unclassified,152527,-68.451,-33.64
2016-05-19 18:28:35+00:00,4.7,forearc,152576,-71.341,-30.691
2016-05-26 20:36:51+00:00,4.8,forearc,152731,-71.854,-29.973
2016-05-31 01:53:09+00:00,4.8,unclassified,152835,-66.627,-27.559
2016-06-02 00:01:28+00:00,5.0,forearc,152872,-70.423,-16.828
2016-06-28 05:56:53+00:00,4.7,unclassified,153450,-68.776,-32.685
2016-07-05 21:25:11+00:00,4.8,unclassified,153607,-65.389,-17.03
2016-07-06 13:19:37+00:00,4.8,forearc,153635,-71.891,-35.613
2016-07-16 01:18:45+00:00,5.0,unclassified,153858,-69.35,-56.716
2016-07-23 22:17:58+00:00,5.1,intraarc,154035,-67.18,-22.42
2016-07-26 23:00:21+00:00,5.2,forearc,154124,-71.774,-32.568
2016-08-17 12:36:01+00:00,4.7,forearc,154673,-71.74,-16.52
2016-09-21 22:04:51+00:00,5.1,forearc,155475,-70.633,-31.753
2016-10-11 05:46:38+00:00,5.0,unclassified,155945,-67.248,-31.33
2016-10-27 15:50:38+00:00,5.0,unclassified,156308,-66.538,-30.059
2016-11-10 14:26:10+00:00,4.8,unclassified,156671,-67.576,-17.329
2016-12-05 07:33:19+00:00,5.2,unclassified,157411,-75.354,-47.173
2016-12-08 09:36:16+00:00,5.1,intraarc,157490,-68.95,-30.528
2016-12-12 02:56:57+00:00,5.4,unclassified,157611,-68.006,-30.928
2016-12-14 19:32:52+00:00,4.7,unclassified,157668,-67.892,-19.311
2016-12-16 09:40:40+00:00,4.9,unclassified,157723,-67.689,-32.293
2017-01-05 21:26:35+00:00,4.7,unclassified,158346,-74.55,-47.68
2017-01-12 19:23:58+00:00,4.9,forearc,158512,-71.608,-30.398
2017-01-21 09:30:37+00:00,5.0,unclassified,158744,-68.623,-33.813
2017-02-03 00:52:31+00:00,5.4,intraarc,159114,-69.51,-33.07
2017-03-06 05:26:12+00:00,4.8,unclassified,159963,-74.374,-52.694
2017-04-02 23:29:35+00:00,4.7,forearc,160695,-70.125,-19.876
2017-04-23 10:41:05+00:00,4.9,unclassified,161284,-67.922,-33.293
2017-04-24 03:54:45+00:00,4.8,forearc,161406,-71.27,-33.47
2017-05-20 14:13:04+00:00,4.8,forearc,162863,-73.47,-38.981
2017-05-22 14:27:31+00:00,4.9,forearc,162921,-70.524,-16.213
2017-05-25 12:10:58+00:00,4.9,unclassified,163000,-67.205,-30.194
2017-06-25 22:08:26+00:00,4.9,intraarc,163891,-72.148,-42.301
2017-06-25 22:08:43+00:00,5.2,intraarc,163890,-71.66,-42.09
2017-07-07 12:17:24+00:00,4.9,forearc,164232,-72.008,-32.792
2017-07-22 06:29:56+00:00,5.2,forearc,164679,-69.25,-21.37
2017-07-26 02:18:48+00:00,5.2,unclassified,164798,-68.547,-31.411
2017-08-14 11:51:46+00:00,4.9,intraarc,165365,-70.069,-33.433
2017-09-18 13:48:56+00:00,4.8,forearc,166431,-71.866,-31.878
2017-09-26 01:04:28+00:00,4.8,unclassified,166748,-68.308,-38.246
2017-10-18 20:43:55+00:00,4.8,unclassified,167430,-68.101,-32.858
2017-10-26 03:04:24+00:00,4.7,unclassified,167654,-68.097,-29.158
2017-11-18 15:01:42+00:00,4.7,forearc,168352,-65.429,-25.601
2017-12-10 02:09:28+00:00,5.1,forearc,168980,-72.962,-36.008
2017-12-14 18:10:33+00:00,5.2,forearc,169095,-70.241,-19.808
2017-12-22 08:44:34+00:00,5.0,unclassified,169322,-68.968,-33.312
2017-12-24 12:04:25+00:00,4.9,unclassified,169369,-68.115,-29.997
2017-12-24 14:09:48+00:00,4.7,unclassified,169371,-69.486,-34.879
2018-01-25 11:53:52+00:00,5.0,intraarc,170256,-69.15,-18.36
2018-02-04 21:47:29+00:00,5.1,forearc,170549,-70.81,-17.398
2018-02-25 11:19:00+00:00,4.9,unclassified,171210,-67.64,-31.477
2018-02-25 19:58:47+00:00,4.8,forearc,171212,-73.095,-37.698
2018-03-05 02:54:04+00:00,4.8,forearc,171440,-71.497,-18.27
2018-03-17 18:18:43+00:00,4.9,unclassified,171759,-65.207,-24.192
2018-03-22 04:30:48+00:00,4.8,intraarc,171912,-69.006,-31.976
2018-04-02 22:37:10+00:00,4.9,forearc,172191,-71.735,-31.65
2018-04-03 22:14:55+00:00,4.8,unclassified,172219,-67.927,-28.744
2018-04-11 10:31:30+00:00,5.0,unclassified,172466,-67.427,-30.312
2018-04-12 22:13:51+00:00,4.8,unclassified,172504,-67.235,-31.766
2018-04-28 03:32:40+00:00,4.8,forearc,172969,-69.429,-25.563
2018-05-03 10:52:51+00:00,5.1,intraarc,173122,-67.983,-26.306
2018-05-28 21:00:46+00:00,5.3,intraarc,173941,-66.92,-24.42
2018-06-16 11:35:25+00:00,5.3,intraarc,174476,-70.492,-33.993
2018-06-22 04:41:00+00:00,4.7,forearc,174635,-70.717,-28.773
2018-06-26 02:05:16+00:00,4.9,forearc,174736,-71.907,-32.094
2018-06-26 04:32:08+00:00,5.2,forearc,174735,-71.72,-30.376
2018-07-01 03:02:49+00:00,4.8,unclassified,174882,-67.439,-32.384
2018-07-31 20:35:21+00:00,4.9,intraarc,175674,-68.467,-24.402
2018-08-20 06:40:56+00:00,5.0,unclassified,176155,-68.139,-33.493
2018-09-14 06:58:16+00:00,4.7,unclassified,176729,-68.921,-33.291
2018-09-14 09:08:08+00:00,5.0,forearc,176725,-71.816,-16.521
2018-09-14 18:15:09+00:00,4.8,forearc,176727,-71.701,-32.487
2018-10-15 16:21:06+00:00,4.7,intraarc,177440,-69.639,-27.74
2018-11-02 08:20:22+00:00,5.2,unclassified,177969,-67.589,-30.23
2018-11-08 16:07:54+00:00,5.0,unclassified,178309,-66.34,-57.612
2018-11-08 16:08:01+00:00,5.2,unclassified,178307,-65.867,-56.866
2018-11-20 17:02:40+00:00,4.8,forearc,178966,-74.076,-16.419
2018-12-12 00:31:03+00:00,5.1,unclassified,180214,-74.323,-50.63
2018-12-18 21:29:44+00:00,4.7,unclassified,180564,-68.411,-33.857
2019-01-07 15:17:27+00:00,4.8,unclassified,181776,-67.733,-31.545
2019-01-17 10:14:55+00:00,4.7,forearc,182424,-71.846,-32.229
2019-01-18 20:33:12+00:00,4.7,intraarc,182468,-68.78,-21.06
2019-02-03 02:56:40+00:00,5.3,forearc,183662,-71.769,-31.42
2019-02-09 02:37:42+00:00,4.8,unclassified,184096,-71.223,-52.897
2019-03-07 05:10:37+00:00,5.1,unclassified,185466,-68.857,-38.523
2019-03-27 20:27:31+00:00,4.8,intraarc,186032,-70.54,-36.612
2019-04-02 13:17:38+00:00,5.0,unclassified,186198,-72.223,-51.273
2019-04-05 16:58:45+00:00,4.8,forearc,186307,-71.008,-18.41
2019-07-06 03:58:18+00:00,5.2,unclassified,188934,-66.725,-27.468
2019-08-01 20:01:33+00:00,5.9,forearc,189659,-72.08,-34.35
2019-08-14 05:02:56+00:00,4.8,forearc,190092,-72.394,-16.044
2019-08-28 08:24:23+00:00,4.9,unclassified,190519,-68.259,-31.342
2019-09-21 18:48:16+00:00,5.0,unclassified,191194,-67.779,-30.335
2019-09-29 20:11:57+00:00,5.4,forearc,191410,-72.948,-35.503
2019-10-01 09:46:41+00:00,5.0,unclassified,191529,-68.047,-32.016
2019-10-17 16:58:32+00:00,4.8,unclassified,191947,-68.89,-46.51
2019-10-23 18:43:49+00:00,4.8,forearc,192112,-71.687,-31.474
2019-10-28 03:55:08+00:00,5.2,intraarc,192246,-69.0,-30.244
2019-10-29 08:15:41+00:00,4.9,forearc,192280,-70.578,-23.15
2019-11-19 23:10:45+00:00,5.7,unclassified,192898,-66.98,-33.79
2019-12-15 17:57:07+00:00,5.4,unclassified,193618,-65.371,-26.887
2019-12-21 20:34:49+00:00,5.6,unclassified,193803,-67.338,-56.97
2020-01-15 14:39:32+00:00,5.0,unclassified,194519,-68.77,-32.987
2020-02-13 05:50:43+00:00,5.2,forearc,195349,-70.83,-20.92
2020-02-17 00:59:33+00:00,5.5,unclassified,195454,-66.034,-17.489
2020-03-08 12:56:37+00:00,5.4,unclassified,196020,-65.587,-17.111
2020-03-30 10:01:09+00:00,4.8,forearc,196658,-69.468,-21.419
2020-04-02 10:21:40+00:00,4.7,forearc,196747,-70.67,-18.545
2020-04-07 08:01:06+00:00,4.8,unclassified,196884,-68.131,-31.781
2020-04-14 12:04:31+00:00,5.1,forearc,197061,-69.353,-25.813
2020-04-16 15:13:10+00:00,5.1,forearc,197106,-73.65,-38.06
2020-04-24 21:29:45+00:00,4.8,unclassified,197314,-68.161,-31.025
2020-04-25 05:54:04+00:00,5.3,forearc,197337,-71.02,-27.96
2020-05-20 10:42:09+00:00,4.9,unclassified,198053,-66.88,-26.15
2020-05-22 04:52:51+00:00,4.9,unclassified,198123,-67.37,-31.38
2020-06-23 05:26:47+00:00,4.8,unclassified,198998,-72.143,-50.944
2020-07-25 16:31:21+00:00,5.0,forearc,199864,-69.82,-17.44
2020-07-26 04:44:17+00:00,4.9,unclassified,199903,-65.847,-27.034
2020-08-10 18:56:11+00:00,4.7,unclassified,200331,-68.465,-33.939
2020-08-15 11:12:00+00:00,4.9,intraarc,200458,-70.14,-33.2
2020-08-25 22:44:31+00:00,5.2,forearc,200757,-69.527,-26.22
2020-08-29 01:10:28+00:00,4.8,unclassified,200877,-68.256,-32.727
2020-09-01 05:04:21+00:00,5.0,forearc,200946,-70.923,-27.463
2020-09-06 19:58:59+00:00,4.8,unclassified,201328,-68.2,-30.925
2020-10-16 18:06:06+00:00,4.9,unclassified,202605,-72.057,-56.186
2020-11-23 09:54:25+00:00,4.7,unclassified,203769,-67.922,-56.831
2020-11-29 01:09:09+00:00,4.7,unclassified,203918,-68.636,-38.177
2020-11-29 16:40:44+00:00,6.1,unclassified,203916,-65.055,-23.253
2020-12-12 07:13:07+00:00,4.9,forearc,204309,-71.828,-32.243
2020-12-25 12:11:22+00:00,5.0,unclassified,204693,-66.724,-32.126
2020-12-25 23:52:11+00:00,4.8,forearc,204695,-71.393,-17.516
2021-01-19 02:46:00+00:00,6.5,unclassified,205471,-68.86,-31.85
2021-01-19 02:46:22+00:00,6.3,intraarc,205472,-69.031,-31.833
2021-01-23 22:37:49+00:00,4.7,unclassified,205571,-68.991,-32.907
2021-01-26 13:50:06+00:00,5.2,forearc,205661,-70.932,-25.879
2021-02-11 14:01:00+00:00,5.0,intraarc,206080,-71.96,-39.87
2021-02-17 03:25:29+00:00,4.8,forearc,206252,-70.826,-25.049
2021-03-01 01:34:44+00:00,4.7,intraarc,206563,-72.936,-45.891
2021-03-26 01:22:40+00:00,4.8,unclassified,207153,-65.8,-27.106
2021-04-19 00:27:34+00:00,5.0,forearc,207733,-70.677,-17.738
2021-04-23 12:45:49+00:00,4.9,unclassified,207880,-65.314,-30.013
2021-05-04 13:15:46+00:00,4.9,intraarc,208213,-67.602,-26.771
2021-05-12 07:53:00+00:00,5.4,forearc,208429,-70.02,-17.24
2021-05-22 14:35:52+00:00,5.0,forearc,208693,-71.451,-16.988
2021-06-01 02:48:44+00:00,5.0,unclassified,208958,-67.937,-30.486
2021-06-11 17:04:41+00:00,5.0,unclassified,209229,-66.713,-29.123
2021-06-17 07:20:45+00:00,4.7,intraarc,209368,-67.559,-22.149
2021-06-18 03:51:08+00:00,4.7,forearc,209393,-69.685,-21.524
2021-06-23 23:20:38+00:00,4.7,unclassified,209526,-69.112,-32.887
2021-06-28 03:33:48+00:00,4.9,forearc,209680,-69.77,-17.595
2021-07-12 10:02:13+00:00,4.8,forearc,210286,-70.689,-40.176
2021-07-18 21:07:44+00:00,4.7,unclassified,210450,-68.582,-37.906
2021-07-26 01:05:16+00:00,4.9,unclassified,210682,-65.654,-32.549
2021-08-04 00:27:09+00:00,4.8,forearc,210927,-71.807,-30.037
2021-08-04 17:51:36+00:00,5.0,forearc,210925,-70.438,-17.039
2021-08-06 04:18:47+00:00,4.7,forearc,210994,-70.999,-27.142
2021-08-22 20:19:58+00:00,5.4,intraarc,211494,-68.801,-18.677
2021-09-29 07:53:57+00:00,5.3,unclassified,212915,-68.199,-33.213
2021-09-30 20:19:56+00:00,4.8,forearc,212952,-70.24,-19.33
2021-10-01 17:54:25+00:00,5.6,intraarc,212998,-71.661,-44.232
2021-10-07 03:23:08+00:00,4.7,forearc,213233,-71.111,-27.465
2021-10-08 18:06:14+00:00,4.8,unclassified,213278,-69.131,-56.573
2021-10-13 07:55:00+00:00,5.5,unclassified,213495,-72.33,-50.4
2021-10-16 18:45:00+00:00,4.8,forearc,213648,-72.042,-31.653
2021-10-22 11:06:09+00:00,5.0,intraarc,213934,-69.265,-17.92
2021-10-23 01:45:27+00:00,4.8,forearc,214007,-72.733,-37.01
2021-11-08 12:35:55+00:00,5.0,intraarc,214770,-69.008,-26.583
2021-11-22 15:58:23+00:00,4.8,intraarc,215434,-68.775,-29.936
2021-12-01 04:39:00+00:00,5.2,forearc,215768,-73.66,-38.02
2021-12-31 13:59:35+00:00,4.7,unclassified,216972,-65.735,-33.459
2022-01-02 09:17:53+00:00,4.7,unclassified,217020,-67.539,-30.295
2022-01-07 06:04:47+00:00,5.1,forearc,217201,-69.686,-17.528
2022-01-10 08:36:00+00:00,5.5,unclassified,217294,-65.43,-26.28
2022-01-22 20:00:13+00:00,4.9,intraarc,217788,-68.491,-22.756
2022-02-23 03:58:37+00:00,4.8,unclassified,218951,-65.216,-28.324
2022-04-03 04:41:07+00:00,4.7,forearc,220267,-71.319,-29.57
2022-04-16 17:10:33+00:00,5.3,forearc,220718,-72.416,-33.986
2022-04-29 15:14:45+00:00,4.8,forearc,221230,-72.087,-32.443
2022-05-05 20:29:21+00:00,5.0,forearc,221465,-72.893,-16.013
2022-05-06 12:44:49+00:00,5.0,unclassified,221510,-68.225,-29.185
2022-05-09 03:20:02+00:00,4.9,unclassified,221600,-68.997,-38.591
2022-05-15 13:00:01+00:00,4.8,forearc,221802,-69.825,-23.783
2022-05-17 07:19:35+00:00,5.0,forearc,221866,-71.611,-36.758
2022-05-19 10:06:52+00:00,4.8,intraarc,221929,-68.693,-29.579
2022-05-22 19:23:53+00:00,4.9,unclassified,222029,-67.949,-31.297
2022-05-29 09:12:57+00:00,5.9,unclassified,222214,-65.415,-17.118
2022-06-11 13:40:08+00:00,4.9,unclassified,222608,-67.09,-32.391
2022-06-18 15:18:26+00:00,4.9,intraarc,222857,-67.573,-22.192
2022-06-21 08:09:00+00:00,5.1,intraarc,222982,-69.11,-28.11
2022-06-24 06:24:33+00:00,4.8,unclassified,223121,-66.612,-28.863
2022-07-08 04:53:34+00:00,5.5,unclassified,223648,-66.78,-18.475
2022-07-12 23:36:00+00:00,5.5,forearc,223761,-71.23,-16.84
2022-07-18 17:04:18+00:00,4.8,unclassified,224012,-66.691,-18.061
2022-08-13 20:49:40+00:00,4.7,unclassified,224952,-68.253,-49.808
2022-08-16 04:47:14+00:00,4.9,forearc,225057,-70.59,-16.835
2022-08-30 14:32:16+00:00,4.8,unclassified,225469,-71.525,-52.386
2022-09-18 09:39:08+00:00,5.2,intraarc,226287,-68.171,-26.629
2022-10-04 16:29:37+00:00,4.8,forearc,226897,-70.076,-25.108
2022-11-05 12:12:00+00:00,5.1,unclassified,227978,-68.6,-33.54
2022-11-06 07:08:07+00:00,5.1,forearc,228011,-70.216,-17.559
2022-11-13 02:23:59+00:00,4.7,forearc,228255,-73.463,-37.584
2022-12-10 08:48:36+00:00,5.0,forearc,229188,-71.043,-30.473
2022-12-22 18:27:40+00:00,4.8,forearc,229543,-68.836,-23.164
