sub,form,floor,b,rate_floor,N5.0,N5.5,N6.0,N6.5,N7.0,N7.5,N8.0,N8.5,N9.0,N9.5
seg0_full,tgr,5.8,0.9169053923453486,5.5334258557539275,29.966397683096716,10.426355994427748,3.626921568493651,1.2608924039096625,0.4375748076240063,0.15108135500725542,0.05138896562731501,0.016698565516926722,0.004627194098267828,0.00042666578312800906
seg0_full,tapered,5.8,0.9169053923453486,5.5334258557539275,29.961388598061475,10.425355083539323,3.6273095932849295,1.2617523811242783,0.4385767822086807,0.15208926902113618,0.052314184769641704,0.01743247184834956,0.005011455688503344,0.0004365875380169563
seg1_south,tgr,5.8,0.8544172442858987,0.9175237737091138,4.429413617979454,1.6559690966935743,0.6188924357309954,0.23109740595530034,0.08608885376288157,0.03186567245727259,0.011589948395153152,0.0040082282462343905,0.0011731886569990191,0.00011307969562063713
seg1_south,tapered,5.8,0.8544172442858987,0.9175237737091138,4.428163998603327,1.655706730140409,0.6189981706668088,0.23133855049849228,0.08637593312459409,0.03216005322863398,0.011866364270004256,0.004235228243379241,0.0013011856094098558,0.00012056086368115967
seg2,tgr,6.0,0.8637720317372366,0.8676261368385059,6.349662637960636,2.347957819878668,0.8676261368385059,0.3200140586285841,0.1174385198915319,0.042500711673802906,0.01477932371409282,0.004524482150272511,0.0007309572498635768,0.0
seg2,tapered,6.0,0.8637720317372366,0.8676261368385059,6.3475879629098015,2.347398666725212,0.8676261368385059,0.320217831721381,0.11771128443396642,0.0427857144908874,0.015041314783988178,0.004721760327087449,0.0007995527518423842,0.0
seg3,tgr,5.8,0.9257259799835087,1.7690952870727235,9.755343501885514,3.3573371764513817,1.1534889870614615,0.3943545638006873,0.1328641964723457,0.04279159521708411,0.011765314670764138,0.0010780460549627486,0.0,0.0
seg3,tapered,5.8,0.9257259799835087,1.7690952870727235,9.754724198233726,3.357214713592316,1.1535358318514906,0.3944561767290715,0.13297779649137279,0.042896009439740146,0.011840866705634516,0.0010948858627566204,0.0,0.0
seg4_north,tgr,5.8,0.8297680267370913,1.279761315797063,5.9136485977437845,2.272834148273668,0.8722328236813933,0.33342918573847885,0.12615438514878935,0.046416907644883605,0.015742337940329993,0.0039419994293277355,0.0,0.0
seg4_north,tapered,5.8,0.8297680267370913,1.279761315797063,5.912599156375708,2.272609805674625,0.8723243511404226,0.3336388932971503,0.1264023456110962,0.04666399482992261,0.015955476480288194,0.004070701531828907,0.0,0.0
