id,time_iso,longitude,latitude,depth,mag,mag_type,lon_error,lat_error,depth_error,mag_error,strike1,dip1,rake1,strike2,dip2,rake2,Mrr,Mtt,Mpp,Mrt,Mrp,Mtp,source,dups,class_raw,sub_depth,class,time,mc_window,tc_years,mc_window_index,time_dt,is_mainshock,cluster_id
209,1911-09-15T13:09:56,-71.292,-20.18,15.0,7.2,mw,,,25.0,0.26,,,,,,,,,,,,,ISC-GEM,,outer_rise,,outer_rise,1911-09-15T13:09:56,6.8,49.99863107460644,1,1911-09-15 13:09:56+00:00,True,3
210,1913-05-24T23:24:55,-72.245,-25.619,15.0,6.9,mw,,,25.0,0.23,,,,,,,,,,,,,ISC-GEM,,outer_rise,,outer_rise,1913-05-24T23:24:55,6.8,49.99863107460644,1,1913-05-24 23:24:55+00:00,True,6
226,1916-08-25T09:44:22,-71.886,-20.162,15.0,6.9,mw,,,25.0,0.21,,,,,,,,,,,,,ISC-GEM,,outer_rise,,outer_rise,1916-08-25T09:44:22,6.8,49.99863107460644,1,1916-08-25 09:44:22+00:00,True,7
263,1922-11-17T11:02:54,-72.486,-30.42,15.0,6.8,mw,,,14.3,0.29,,,,,,,,,,,,,ISC-GEM,,outer_rise,,outer_rise,1922-11-17T11:02:54,6.8,49.99863107460644,1,1922-11-17 11:02:54+00:00,True,10
291,1925-10-25T04:30:00,-73.0,-18.0,9.42,6.9,mw,,,,0.2,,,,,,,,,,,,,CERESIS-GEM,,outer_rise,,outer_rise,1925-10-25T04:30:00,6.8,49.99863107460644,1,1925-10-25 04:30:00+00:00,True,8
300,1926-06-05T01:20:15,-78.5,-17.0,,6.8,mw,,,,0.2,,,,,,,,,,,,,CERESIS-GEM,,outer_rise,,outer_rise,1926-06-05T01:20:15,6.8,49.99863107460644,1,1926-06-05 01:20:15+00:00,True,11
710,1952-02-20T09:10:03,-74.5,-16.0,96.0,6.2,mw,,,,0.6,,,,,,,,,,,,,CERESIS-GEM,,outer_rise,,outer_rise,1952-02-20T09:10:03,6.0,25.998631074606436,2,1952-02-20 09:10:03+00:00,True,16
860,1959-07-09T02:32:40,-72.0,-20.0,4.49,6.7,mw,,,,0.2,,,,,,,,,,,,,CERESIS-GEM,,outer_rise,,outer_rise,1959-07-09T02:32:40,6.0,25.998631074606436,2,1959-07-09 02:32:40+00:00,True,12
903,1960-05-25T08:34:43,-75.985,-44.808,20.0,6.7,mw,,,,0.27,,,,,,,,,,,,,CERESIS-GEM,,outer_rise,,outer_rise,1960-05-25T08:34:43,6.0,25.998631074606436,2,1960-05-25 08:34:43+00:00,True,13
906,1960-05-27T03:17:21,-76.0,-41.0,5.19,6.0,mw,,,,0.17,,,,,,,,,,,,,CERESIS-GEM,,outer_rise,,outer_rise,1960-05-27T03:17:21,6.0,25.998631074606436,2,1960-05-27 03:17:21+00:00,True,20
915,1960-05-31T02:40:06,-75.612,-39.649,15.0,6.0,mw,,,,0.2,,,,,,,,,,,,,CERESIS-GEM,,outer_rise,,outer_rise,1960-05-31T02:40:06,6.0,25.998631074606436,2,1960-05-31 02:40:06+00:00,True,21
951,1960-11-01T08:46:00,-75.031,-38.467,20.0,7.4,mw,,,,0.4,,,,,,,,,,,,,CERESIS-GEM,,outer_rise,,outer_rise,1960-11-01T08:46:00,6.0,25.998631074606436,2,1960-11-01 08:46:00+00:00,True,2
1004,1961-12-09T11:18:12,-75.84,-43.789,25.0,6.7,mw,,,,0.2,,,,,,,,,,,,,CERESIS-GEM,,outer_rise,,outer_rise,1961-12-09T11:18:12,6.0,25.998631074606436,2,1961-12-09 11:18:12+00:00,True,14
1039,1962-11-11T22:14:20,-75.773,-43.198,20.0,6.1,mw,,,,0.3,194.0,46.0,-105.0,36.0,46.0,-75.0,,,,,,,CERESIS-GEM,,outer_rise,,outer_rise,1962-11-11T22:14:20,6.0,25.998631074606436,2,1962-11-11 22:14:20+00:00,True,18
4223,1973-12-01T17:00:55,-74.549,-35.63,15.0,6.0,mw,,,25.0,0.2,,,,,,,,,,,,,ISC-GEM,,outer_rise,,outer_rise,1973-12-01T17:00:55,6.0,25.998631074606436,2,1973-12-01 17:00:55+00:00,True,22
5020,1976-08-31T11:10:12,-73.284,-29.682,20.0,5.6,mw,,,,,,,,,,,,,,,,,USGS,,outer_rise,,outer_rise,1976-08-31T11:10:12,5.3,10.001368925393566,3,1976-08-31 11:10:12+00:00,True,37
5057,1976-10-15T02:56:05,-71.873,-27.117,33.0,5.3,mw,,,,,,,,,,,,,,,,,USGS,,outer_rise,,outer_rise,1976-10-15T02:56:05,5.3,10.001368925393566,3,1976-10-15 02:56:05+00:00,True,77
5260,1977-08-14T10:58:11,-71.776,-19.389,33.0,5.5,mw,,,,,,,,,,,,,,,,,USGS,,outer_rise,,outer_rise,1977-08-14T10:58:11,5.3,10.001368925393566,3,1977-08-14 10:58:11+00:00,True,49
5884,1979-11-15T13:36:33,-74.613,-16.112,25.0,5.5,mw,,,17.9,0.2,,,,,,,,,,,,,ISC-GEM,,outer_rise,,outer_rise,1979-11-15T13:36:33,5.3,10.001368925393566,3,1979-11-15 13:36:33+00:00,True,50
6011,1980-05-30T16:56:25,-71.62,-23.08,15.0,5.6,mw,0.03,0.04,0.0,,6.0,32.0,105.0,168.0,60.0,81.0,2.491e+17,6.05e+16,-3.095e+17,4.58e+16,-1.466e+17,2.4e+16,GCMT,,outer_rise,,outer_rise,1980-05-30T16:56:25,5.3,10.001368925393566,3,1980-05-30 16:56:25+00:00,True,38
6018,1980-06-07T06:10:53,-71.732,-23.533,28.0,5.3,mw,,,,,,,,,,,,,,,,,USGS,,outer_rise,,outer_rise,1980-06-07T06:10:53,5.3,10.001368925393566,3,1980-06-07 06:10:53+00:00,True,78
6145,1981-01-07T16:26:47,-71.39,-23.96,15.0,5.6,mw,0.03,0.05,0.0,,5.0,33.0,93.0,181.0,57.0,88.0,2.8370000000000003e+17,5.659999999999999e+16,-3.403e+17,800000000000000.0,-1.417e+17,-2.13e+16,GCMT,,outer_rise,,outer_rise,1981-01-07T16:26:47,5.3,10.001368925393566,3,1981-01-07 16:26:47+00:00,True,39
6240,1981-05-17T17:04:58,-71.831,-27.223,33.0,5.8,mw,,,,,191.0,37.0,-79.0,358.0,54.0,-98.0,-9.022e+16,-4970000000000000.0,9.519e+16,8250000000000000.0,-3.02e+16,8250000000000000.0,USGS,,outer_rise,,outer_rise,1981-05-17T17:04:58,5.3,10.001368925393566,3,1981-05-17 17:04:58+00:00,True,24
6242,1981-05-17T22:22:38,-73.475,-25.259,33.0,5.3,mw,,,,,,,,,,,,,,,,,USGS,,outer_rise,,outer_rise,1981-05-17T22:22:38,5.3,10.001368925393566,3,1981-05-17 22:22:38+00:00,True,79
6337,1981-09-18T10:24:10,-71.86,-24.674,33.0,5.3,mw,,,,,,,,,,,,,,,,,USGS,,outer_rise,,outer_rise,1981-09-18T10:24:10,5.3,10.001368925393566,3,1981-09-18 10:24:10+00:00,True,80
6353,1981-10-16T03:25:47,-73.15,-33.48,40.4,7.5,mw,0.02,0.02,0.8,,194.0,34.0,96.0,6.0,56.0,86.0,4.936e+19,-5.75e+18,-4.361e+19,-3e+17,1.967e+19,-7.27e+18,GCMT,,outer_rise,,outer_rise,1981-10-16T03:25:47,5.3,10.001368925393566,3,1981-10-16 03:25:47+00:00,True,1
6387,1981-11-15T08:43:36,-73.455,-17.694,28.0,5.4,mw,,,,,,,,,,,,,,,,,USGS,,outer_rise,,outer_rise,1981-11-15T08:43:36,5.3,10.001368925393566,3,1981-11-15 08:43:36+00:00,True,62
6476,1982-04-11T12:59:19,-71.799,-22.162,6.5,5.4,mw,,,4.5,,,,,,,,,,,,,,USGS,,outer_rise,,outer_rise,1982-04-11T12:59:19,5.3,10.001368925393566,3,1982-04-11 12:59:19+00:00,True,63
6747,1983-04-28T05:13:06,-74.161,-16.166,67.7,5.6,mw,,,4.9,,,,,,,,,,,,,,USGS,,outer_rise,,outer_rise,1983-04-28T05:13:06,5.3,10.001368925393566,3,1983-04-28 05:13:06+00:00,True,40
7112,1984-09-29T05:44:39,-71.772,-22.421,33.0,5.4,mw,,,,,,,,,,,,,,,,,USGS,,outer_rise,,outer_rise,1984-09-29T05:44:39,5.3,10.001368925393566,3,1984-09-29 05:44:39+00:00,True,64
7178,1984-12-03T00:40:31,-71.917,-27.686,10.0,5.4,mw,,,,,,,,,,,,,,,,,USGS,,outer_rise,,outer_rise,1984-12-03T00:40:31,5.3,10.001368925393566,3,1984-12-03 00:40:31+00:00,True,65
7837,1986-01-11T19:48:44,-71.3,-20.142,33.0,5.5,mw,,,,,,,,,,,,,,,,,USGS,,outer_rise,,outer_rise,1986-01-11T19:48:44,5.2,11.000684462696784,4,1986-01-11 19:48:44+00:00,True,51
7853,1986-01-25T01:00:32,-72.177,-23.996,33.0,5.3,mw,,,,,,,,,,,,,,,,,USGS,,outer_rise,,outer_rise,1986-01-25T01:00:32,5.2,11.000684462696784,4,1986-01-25 01:00:32+00:00,True,81
7857,1986-01-26T02:53:22,-72.014,-27.64,10.0,5.4,mw,,,,,,,,,,,,,,,,,USGS,,outer_rise,,outer_rise,1986-01-26T02:53:22,5.2,11.000684462696784,4,1986-01-26 02:53:22+00:00,True,66
7859,1986-01-28T17:42:55,-73.852,-17.281,26.0,5.3,mw,,,,,,,,,,,,,,,,,USGS,,outer_rise,,outer_rise,1986-01-28T17:42:55,5.2,11.000684462696784,4,1986-01-28 17:42:55+00:00,True,82
8044,1986-07-07T23:44:44,-72.138,-28.069,33.0,5.3,mw,,,,,,,,,,,,,,,,,USGS,,outer_rise,,outer_rise,1986-07-07T23:44:44,5.2,11.000684462696784,4,1986-07-07 23:44:44+00:00,True,83
8050,1986-07-15T06:00:25,-74.675,-37.85,33.0,5.5,mw,,,,,,,,,,,,,,,,,USGS,,outer_rise,,outer_rise,1986-07-15T06:00:25,5.2,11.000684462696784,4,1986-07-15 06:00:25+00:00,True,52
8178,1986-11-21T16:24:51,-72.529,-26.209,10.0,5.6,mw,,,,,,,,,,,,,,,,,USGS,,outer_rise,,outer_rise,1986-11-21T16:24:51,5.2,11.000684462696784,4,1986-11-21 16:24:51+00:00,True,41
8195,1986-12-25T17:10:09,-74.992,-38.654,10.0,5.3,mw,,,,,,,,,,,,,,,,,USGS,,outer_rise,,outer_rise,1986-12-25T17:10:09,5.2,11.000684462696784,4,1986-12-25 17:10:09+00:00,True,84
8270,1987-01-27T07:06:55,-72.65,-32.35,15.0,5.5,mw,0.06,0.05,0.0,,28.0,32.0,138.0,156.0,69.0,65.0,1.322e+17,6.44e+16,-1.966e+17,8e+16,-1.294e+17,2300000000000000.0,GCMT,,outer_rise,,outer_rise,1987-01-27T07:06:55,5.2,11.000684462696784,4,1987-01-27 07:06:55+00:00,True,53
8504,1987-03-10T11:48:23,-72.317,-18.636,33.0,5.2,mw,,,,,,,,,,,,,,,,,USGS,,outer_rise,,outer_rise,1987-03-10T11:48:23,5.2,11.000684462696784,4,1987-03-10 11:48:23+00:00,True,100
9258,1987-07-25T16:15:20,-72.79,-31.386,25.0,5.8,mw,,,3.8,0.41,,,,,,,,,,,,,ISC-GEM,,outer_rise,,outer_rise,1987-07-25T16:15:20,5.2,11.000684462696784,4,1987-07-25 16:15:20+00:00,True,25
10573,1988-03-09T21:33:53,-74.91,-17.4,51.3,5.9,mw,0.03,0.03,1.7,,122.0,36.0,-111.0,327.0,57.0,-76.0,-7.195e+17,3.54e+17,3.655e+17,1.387e+17,-3.309e+17,-5.7430000000000006e+17,GCMT,,outer_rise,,outer_rise,1988-03-09T21:33:53,5.2,11.000684462696784,4,1988-03-09 21:33:53+00:00,True,23
10588,1988-03-13T11:31:35,-73.07,-33.82,15.0,5.8,mw,0.04,0.04,0.0,,38.0,28.0,138.0,166.0,72.0,68.0,3.808e+17,1.039e+17,-4.848e+17,1.965e+17,-4.954e+17,-1.2729999999999998e+17,GCMT,,outer_rise,,outer_rise,1988-03-13T11:31:35,5.2,11.000684462696784,4,1988-03-13 11:31:35+00:00,True,26
11532,1988-12-06T00:18:33,-73.089,-17.908,51.1,5.5,mw,,,,,,,,,,,,,,,,,USGS,,outer_rise,,outer_rise,1988-12-06T00:18:33,5.2,11.000684462696784,4,1988-12-06 00:18:33+00:00,True,54
12251,1989-10-24T00:28:32,-71.371,-20.728,33.0,5.2,mw,,,,,,,,,,,,,,,,,USGS,,outer_rise,,outer_rise,1989-10-24T00:28:32,5.2,11.000684462696784,4,1989-10-24 00:28:32+00:00,True,101
12461,1990-01-07T09:06:51,-74.82,-16.31,30.2,5.4,mw,0.11,0.06,5.1,,161.0,52.0,140.0,278.0,59.0,45.0,1.163e+17,-8.2e+16,-3.4300000000000004e+16,-7.33e+16,-6e+16,1.212e+17,GCMT,,outer_rise,,outer_rise,1990-01-07T09:06:51,5.2,11.000684462696784,4,1990-01-07 09:06:51+00:00,True,67
12464,1990-01-10T13:33:49,-74.835,-16.838,33.0,5.2,mw,,,,,,,,,,,,,,,,,USGS,,outer_rise,,outer_rise,1990-01-10T13:33:49,5.2,11.000684462696784,4,1990-01-10 13:33:49+00:00,True,102
13374,1990-08-16T00:27:48,-72.622,-31.702,33.0,5.2,mw,,,,,,,,,,,,,,,,,USGS,,outer_rise,,outer_rise,1990-08-16T00:27:48,5.2,11.000684462696784,4,1990-08-16 00:27:48+00:00,True,103
16039,1991-11-06T23:48:07,-74.269,-16.663,35.0,5.3,mw,,,13.6,,,,,,,,,,,,,,USGS,,outer_rise,,outer_rise,1991-11-06T23:48:07,5.2,11.000684462696784,4,1991-11-06 23:48:07+00:00,True,85
16189,1991-11-26T18:15:02,-71.94,-27.656,34.4,5.3,mw,,,15.3,,,,,,,,,,,,,,USGS,,outer_rise,,outer_rise,1991-11-26T18:15:02,5.2,11.000684462696784,4,1991-11-26 18:15:02+00:00,True,86
17841,1992-07-29T18:31:03,-72.803,-29.479,33.0,5.5,mw,,,,,,,,,,,,,,,,,USGS,,outer_rise,,outer_rise,1992-07-29T18:31:03,5.2,11.000684462696784,4,1992-07-29 18:31:03+00:00,True,55
18631,1992-11-24T05:14:22,-72.979,-33.486,31.5,5.5,mw,,,,,,,,,,,,,,,,,USGS,,outer_rise,,outer_rise,1992-11-24T05:14:22,5.2,11.000684462696784,4,1992-11-24 05:14:22+00:00,True,56
18992,1993-01-10T16:44:00,-72.234,-27.895,33.0,5.7,mw,,,,,,,,,,,,,,,,,USGS,,outer_rise,,outer_rise,1993-01-10T16:44:00,5.2,11.000684462696784,4,1993-01-10 16:44:00+00:00,True,29
19396,1993-03-17T04:36:01,-74.988,-37.591,16.0,5.6,mw,,,3.7,0.1,348.0,72.0,-115.0,224.0,30.0,-37.0,-1.572e+17,-6.33e+16,2.2040000000000003e+17,7.39e+16,-2.148e+17,7.56e+16,ISC-GEM,,outer_rise,,outer_rise,1993-03-17T04:36:01,5.2,11.000684462696784,4,1993-03-17 04:36:01+00:00,True,42
20945,1993-11-18T21:32:41,-72.536,-31.754,33.0,5.3,mw,,,,,,,,,,,,,,,,,USGS,,outer_rise,,outer_rise,1993-11-18T21:32:41,5.2,11.000684462696784,4,1993-11-18 21:32:41+00:00,True,87
21682,1994-05-24T02:05:59,-74.9,-16.0,22.8,5.6,mw,0.05,0.06,3.3,,299.0,28.0,49.0,163.0,69.0,109.0,2.044e+17,-6.4e+16,-1.4039999999999998e+17,3.64e+16,-2.299e+17,1.522e+17,GCMT,,outer_rise,,outer_rise,1994-05-24T02:05:59,5.2,11.000684462696784,4,1994-05-24 02:05:59+00:00,True,43
22480,1994-11-25T14:22:12,-73.246,-17.66,10.0,5.2,mw,,,,,,,,,,,,,,,,,USGS,,outer_rise,,outer_rise,1994-11-25T14:22:12,5.2,11.000684462696784,4,1994-11-25 14:22:12+00:00,True,104
23084,1995-03-25T01:13:01,-74.983,-16.016,20.0,5.2,mw,,,4.8,0.1,286.0,37.0,42.0,160.0,66.0,119.0,4.768e+16,-2.312e+16,-2.455e+16,7800000000000000.0,-4.493e+16,4.957e+16,ISC-GEM,,outer_rise,,outer_rise,1995-03-25T01:13:01,5.2,11.000684462696784,4,1995-03-25 01:13:01+00:00,True,105
24049,1995-08-17T14:34:07,-73.643,-30.325,14.3,5.4,mw,,,,,,,,,,,,,,,,,USGS,,outer_rise,,outer_rise,1995-08-17T14:34:07,5.2,11.000684462696784,4,1995-08-17 14:34:07+00:00,True,68
24245,1995-09-17T07:25:33,-74.47,-35.61,15.0,5.6,mw,0.03,0.03,0.0,,184.0,42.0,-124.0,46.0,56.0,-63.0,-2.288e+17,1.85e+16,2.1030000000000003e+17,-1.167e+17,-1.15e+16,1.125e+17,GCMT,,outer_rise,,outer_rise,1995-09-17T07:25:33,5.2,11.000684462696784,4,1995-09-17 07:25:33+00:00,True,44
24328,1995-10-03T16:08:20,-72.65,-30.86,23.3,5.7,mw,0.03,0.04,1.9,,9.0,41.0,104.0,171.0,51.0,79.0,3.541e+17,7.67e+16,-4.308e+17,4.62e+16,-6.879999999999999e+16,4300000000000000.0,GCMT,,outer_rise,,outer_rise,1995-10-03T16:08:20,5.2,11.000684462696784,4,1995-10-03 16:08:20+00:00,True,30
24385,1995-10-16T16:36:24,-71.31,-23.5,15.0,5.7,mw,0.02,0.02,0.0,,17.0,27.0,115.0,170.0,66.0,78.0,2.955e+17,3.37e+16,-3.292e+17,7.64e+16,-2.562e+17,-1.93e+16,GCMT,,outer_rise,,outer_rise,1995-10-16T16:36:24,5.2,11.000684462696784,4,1995-10-16 16:36:24+00:00,True,31
27310,1997-06-06T00:51:40,-71.606,-21.412,33.0,5.1,mw,,,,,,,,,,,,,,,,,USGS,,outer_rise,,outer_rise,1997-06-06T00:51:40,5.0,4.999315537303217,5,1997-06-06 00:51:40+00:00,True,127
27562,1997-07-21T17:54:21,-72.52,-29.86,15.0,5.4,mw,0.05,0.04,0.0,,14.0,22.0,109.0,173.0,70.0,83.0,1.171e+17,-1.29e+16,-1.042e+17,2.51e+16,-1.24e+17,-8799999999999998.0,GCMT,,outer_rise,,outer_rise,1997-07-21T17:54:21,5.0,4.999315537303217,5,1997-07-21 17:54:21+00:00,True,69
27589,1997-07-24T19:54:43,-72.63,-30.63,15.0,5.7,mw,0.02,0.02,0.0,,0.0,31.0,91.0,179.0,59.0,89.0,3.26e+17,2.48e+16,-3.508e+17,7000000000000001.0,-1.768e+17,4800000000000000.0,GCMT,,outer_rise,,outer_rise,1997-07-24T19:54:43,5.0,4.999315537303217,5,1997-07-24 19:54:43+00:00,True,32
28236,1997-11-01T09:20:48,-73.228,-33.731,33.0,5.2,mw,,,,,,,,,,,,,,,,,USGS,,outer_rise,,outer_rise,1997-11-01T09:20:48,5.0,4.999315537303217,5,1997-11-01 09:20:48+00:00,True,106
28821,1998-02-10T03:26:15,-74.43,-16.29,33.8,5.4,mw,0.06,0.05,3.8,,298.0,35.0,40.0,173.0,68.0,118.0,8.623e+16,-1.068e+16,-7.554e+16,-7670000000000000.0,-9.335000000000002e+16,7.622e+16,GCMT,,outer_rise,,outer_rise,1998-02-10T03:26:15,5.0,4.999315537303217,5,1998-02-10 03:26:15+00:00,True,70
30609,1998-08-31T11:00:33,-72.917,-31.835,30.0,5.1,mw,,,,,,,,,,,,,,,,,USGS,,outer_rise,,outer_rise,1998-08-31T11:00:33,5.0,4.999315537303217,5,1998-08-31 11:00:33+00:00,True,128
31957,1999-02-17T21:59:02,-71.15,-21.4,41.1,5.5,mw,0.03,0.04,2.7,,358.0,36.0,116.0,147.0,58.0,72.0,2.281e+17,-1.65e+16,-2.117e+17,1.002e+17,-6.68e+16,6.47e+16,GCMT,,outer_rise,,outer_rise,1999-02-17T21:59:02,5.0,4.999315537303217,5,1999-02-17 21:59:02+00:00,True,57
33637,1999-09-22T21:09:19,-73.683,-27.198,33.0,5.2,mw,,,,,,,,,,,,,,,,,USGS,,outer_rise,,outer_rise,1999-09-22T21:09:19,5.0,4.999315537303217,5,1999-09-22 21:09:19+00:00,True,107
33683,1999-09-29T18:01:34,-72.6,-30.94,15.0,5.7,mw,0.03,0.03,0.0,,352.0,31.0,87.0,175.0,59.0,92.0,3.346e+17,3.49e+16,-3.696e+17,1.17e+16,-1.935e+17,4.38e+16,GCMT,,outer_rise,,outer_rise,1999-09-29T18:01:34,5.0,4.999315537303217,5,1999-09-29 18:01:34+00:00,True,33
34393,2000-01-19T08:30:01,-74.78,-16.44,24.2,5.4,mw,0.12,0.09,8.6,,280.0,40.0,31.0,165.0,71.0,126.0,7.58e+16,-5.470000000000001e+16,-2.11e+16,-2.39e+16,-1.086e+17,7.53e+16,GCMT,,outer_rise,,outer_rise,2000-01-19T08:30:01,5.0,4.999315537303217,5,2000-01-19 08:30:01+00:00,True,71
34937,2000-05-09T02:02:41,-73.359,-18.282,33.0,5.0,mw,,,,,,,,,,,,,,,,,USGS,,outer_rise,,outer_rise,2000-05-09T02:02:41,5.0,4.999315537303217,5,2000-05-09 02:02:41+00:00,True,142
35434,2000-08-18T16:57:10,-72.777,-30.306,33.0,5.1,mw,,,,,,,,,,,,,,,,,USGS,,outer_rise,,outer_rise,2000-08-18T16:57:10,5.0,4.999315537303217,5,2000-08-18 16:57:10+00:00,True,129
36910,2001-04-09T09:01:05,-73.23,-32.88,15.0,6.7,mw,0.01,0.01,0.0,,219.0,44.0,-86.0,33.0,46.0,-94.0,-1.061e+19,3e+18,7.61e+18,2.1e+17,-5e+17,7.12e+18,GCMT,,outer_rise,,outer_rise,2001-04-09T09:01:05,4.7,5.9986310746064335,6,2001-04-09 09:01:05+00:00,True,15
37010,2001-04-12T04:57:37,-72.583,-29.126,10.0,5.0,mw,,,,,,,,,,,,,,,,,USGS,,outer_rise,,outer_rise,2001-04-12T04:57:37,4.7,5.9986310746064335,6,2001-04-12 04:57:37+00:00,True,143
37243,2001-05-05T12:37:37,-73.722,-17.992,10.0,5.1,mw,,,,,,,,,,,,,,,,,USGS,,outer_rise,,outer_rise,2001-05-05T12:37:37,4.7,5.9986310746064335,6,2001-05-05 12:37:37+00:00,True,130
37799,2001-06-25T03:48:59,-74.824,-16.067,29.0,5.1,mw,,,,,284.0,40.0,25.0,174.0,74.0,127.0,5.168999999999999e+16,-1.569e+16,-3.6e+16,-9840000000000000.0,-8.359e+16,7.401e+16,ISC,,outer_rise,,outer_rise,2001-06-25T03:48:59,4.7,5.9986310746064335,6,2001-06-25 03:48:59+00:00,True,131
37788,2001-06-25T06:38:50,-73.99,-17.26,15.0,5.7,mw,0.04,0.03,0.0,,278.0,26.0,34.0,157.0,76.0,112.0,1.916e+17,-1.513e+17,-4.04e+16,8.55e+16,-3.405e+17,1.543e+17,GCMT,,outer_rise,,outer_rise,2001-06-25T06:38:50,4.7,5.9986310746064335,6,2001-06-25 06:38:50+00:00,True,34
37887,2001-06-26T07:14:43,-74.14,-16.833,33.0,4.7,mw,,,,,,,,,,,,,,,,,USGS,,outer_rise,,outer_rise,2001-06-26T07:14:43,4.7,5.9986310746064335,6,2001-06-26 07:14:43+00:00,True,221
38072,2001-07-03T12:57:42,-74.55,-16.67,33.3,5.5,mw,0.06,0.11,5.9,,7.0,32.0,128.0,145.0,65.0,69.0,1.78e+17,6600000000000000.0,-1.846e+17,1.21e+17,-9.43e+16,4.55e+16,GCMT,,outer_rise,,outer_rise,2001-07-03T12:57:42,4.7,5.9986310746064335,6,2001-07-03 12:57:42+00:00,True,58
39629,2001-11-27T01:32:23,-74.38,-16.17,50.4,5.4,mw,0.05,0.05,3.8,,294.0,43.0,38.0,174.0,65.0,126.0,9.712e+16,-3.06e+16,-6.652e+16,-5.08e+16,-9.482e+16,7.952e+16,GCMT,,outer_rise,,outer_rise,2001-11-27T01:32:23,4.7,5.9986310746064335,6,2001-11-27 01:32:23+00:00,True,72
40201,2001-12-31T19:14:12,-73.19,-17.94,29.6,5.2,mw,0.08,0.07,4.9,,281.0,48.0,44.0,158.0,59.0,129.0,6.067e+16,-4.116e+16,-1.951e+16,-2.076e+16,-4.561e+16,4.566e+16,GCMT,,outer_rise,,outer_rise,2001-12-31T19:14:12,4.7,5.9986310746064335,6,2001-12-31 19:14:12+00:00,True,108
41037,2002-03-03T07:16:17,-76.201,-45.839,13.0,5.3,mw,,,,,258.0,83.0,-176.0,168.0,86.0,-7.0,-1.1020000000000002e+17,3.625e+17,-2.522e+17,1.34e+16,9.12e+16,-7e+17,ISC,,outer_rise,,outer_rise,2002-03-03T07:16:17,4.7,5.9986310746064335,6,2002-03-03 07:16:17+00:00,True,88
41487,2002-04-09T16:47:29,-72.81,-18.296,33.0,4.9,mw,,,,,,,,,,,,,,,,,USGS,,outer_rise,,outer_rise,2002-04-09T16:47:29,4.7,5.9986310746064335,6,2002-04-09 16:47:29+00:00,True,167
41536,2002-04-14T13:52:20,-74.673,-37.685,10.0,4.9,mw,,,0.0,,,,,,,,,,,,,,CSN-improved,,outer_rise,,outer_rise,2002-04-14T13:52:20,4.7,5.9986310746064335,6,2002-04-14 13:52:20+00:00,True,168
42592,2002-07-18T01:25:37,-72.564,-29.342,23.4,5.5,mw,,,,,,,,,,,,,,,,,USGS,,outer_rise,,outer_rise,2002-07-18T01:25:37,4.7,5.9986310746064335,6,2002-07-18 01:25:37+00:00,True,59
43954,2002-12-06T18:10:03,-72.682,-30.479,33.0,4.7,mw,,,,,,,,,,,,,,,,,USGS,,outer_rise,,outer_rise,2002-12-06T18:10:03,4.7,5.9986310746064335,6,2002-12-06 18:10:03+00:00,True,222
44488,2003-01-25T04:33:07,-74.64,-36.998,25.0,4.7,mw,,,,,,,,,,,,,,,,,ISC,,outer_rise,,outer_rise,2003-01-25T04:33:07,4.7,5.9986310746064335,6,2003-01-25 04:33:07+00:00,True,223
45877,2003-05-20T20:01:06,-74.301,-17.429,33.0,4.9,mw,,,,,,,,,,,,,,,,,USGS,,outer_rise,,outer_rise,2003-05-20T20:01:06,4.7,5.9986310746064335,6,2003-05-20 20:01:06+00:00,True,169
46189,2003-06-07T06:48:25,-74.034,-35.287,27.3,4.7,mw,,,,,,,,,,,,,,,,,USGS,,outer_rise,,outer_rise,2003-06-07T06:48:25,4.7,5.9986310746064335,6,2003-06-07 06:48:25+00:00,True,224
49051,2003-11-30T23:47:48,-72.523,-28.481,33.0,5.0,mw,,,,,,,,,,,,,,,,,USGS,,outer_rise,,outer_rise,2003-11-30T23:47:48,4.7,5.9986310746064335,6,2003-11-30 23:47:48+00:00,True,144
53095,2004-10-21T08:06:57,-73.386,-18.317,13.1,4.7,mw,,,26.7,,,,,,,,,,,,,,USGS,,outer_rise,,outer_rise,2004-10-21T08:06:57,4.7,5.9986310746064335,6,2004-10-21 08:06:57+00:00,True,225
53984,2004-12-29T00:49:07,-74.24,-16.41,25.8,5.3,mw,0.04,0.03,1.8,,315.0,16.0,63.0,162.0,76.0,97.0,4.4e+16,-700000000000000.0,-4.33e+16,2.7500000000000004e+16,-8.79e+16,3.24e+16,GCMT,,outer_rise,,outer_rise,2004-12-29T00:49:07,4.7,5.9986310746064335,6,2004-12-29 00:49:07+00:00,True,89
54056,2005-01-04T11:25:19,-72.907,-31.405,37.3883,5.0,mw,,,,,,,,,,,,,,,,,CSN-improved,,outer_rise,,outer_rise,2005-01-04T11:25:19,4.7,5.9986310746064335,6,2005-01-04 11:25:19+00:00,True,145
54494,2005-02-13T21:44:29,-72.456,-29.113,10.0,4.8,mw,,,,,,,,,,,,,,,,,ISC,,outer_rise,,outer_rise,2005-02-13T21:44:29,4.7,5.9986310746064335,6,2005-02-13 21:44:29+00:00,True,197
54887,2005-03-21T16:51:30,-71.96,-27.72,46.2,5.3,mw,0.1,0.06,5.5,,83.0,50.0,162.0,185.0,76.0,41.0,3.67e+16,-8200000000000000.0,-2.85e+16,-5500000000000000.0,-5.07e+16,-7.67e+16,GCMT,,outer_rise,,outer_rise,2005-03-21T16:51:30,4.7,5.9986310746064335,6,2005-03-21 16:51:30+00:00,True,90
55204,2005-04-13T09:25:27,-73.24,-33.27,12.0,5.4,mw,0.01,0.01,0.0,,21.0,38.0,-89.0,200.0,52.0,-91.0,-1.33e+17,3599999999999999.5,1.29e+17,1.02e+16,3.09e+16,5.3e+16,GCMT,,outer_rise,,outer_rise,2005-04-13T09:25:27,4.7,5.9986310746064335,6,2005-04-13 09:25:27+00:00,True,73
56582,2005-07-20T15:26:53,-72.519,-30.033,39.1,4.9,mw,,,4.4,,,,,,,,,,,,,,CSN-improved,,outer_rise,,outer_rise,2005-07-20T15:26:53,4.7,5.9986310746064335,6,2005-07-20 15:26:53+00:00,True,170
61041,2006-05-11T13:48:59,-72.08,-27.72,12.0,5.5,mw,0.01,0.01,0.0,,6.0,15.0,94.0,182.0,75.0,89.0,9.76e+16,400000000000000.0,-9.81e+16,-6200000000000000.0,-1.64e+17,-7600000000000000.0,GCMT,,outer_rise,,outer_rise,2006-05-11T13:48:59,4.7,5.9986310746064335,6,2006-05-11 13:48:59+00:00,True,60
61083,2006-05-13T09:42:56,-71.885,-18.962,10.0,5.0,mw,,,0.0,,,,,,,,,,,,,,CSN-improved,,outer_rise,,outer_rise,2006-05-13T09:42:56,4.7,5.9986310746064335,6,2006-05-13 09:42:56+00:00,True,146
62062,2006-07-16T11:42:45,-72.84,-28.71,12.0,6.2,mw,0.0,0.01,0.0,,357.0,46.0,-111.0,205.0,48.0,-70.0,-2e+18,-6.04e+17,2.6e+18,3.62e+17,-1e+16,6.39e+17,GCMT,,outer_rise,,outer_rise,2006-07-16T11:42:45,4.7,5.9986310746064335,6,2006-07-16 11:42:45+00:00,True,17
62829,2006-09-05T08:32:43,-73.81,-17.52,12.3,4.9,mw,0.03,0.02,1.1,,306.0,38.0,-97.0,135.0,52.0,-85.0,,,,,,,GCMT,,outer_rise,,outer_rise,2006-09-05T08:32:43,4.7,5.9986310746064335,6,2006-09-05 08:32:43+00:00,True,171
63812,2006-10-28T18:30:27,-71.535,-20.942,72.2,4.8,mw,,,17.9,,,,,,,,,,,,,,USGS,,outer_rise,,outer_rise,2006-10-28T18:30:27,4.7,5.9986310746064335,6,2006-10-28 18:30:27+00:00,True,198
64570,2006-12-19T14:08:51,-72.239,-22.533,20.2,4.9,mw,,,11.7,,,,,,,,,,,,,,CSN-improved,,outer_rise,,outer_rise,2006-12-19T14:08:51,4.7,5.9986310746064335,6,2006-12-19 14:08:51+00:00,True,172
65125,2007-01-28T01:11:35,-72.646,-18.303,35.0,5.3,mw,,,,,,,,,,,,,,,,,USGS,,outer_rise,,outer_rise,2007-01-28T01:11:35,4.7,3.0006844626967832,7,2007-01-28 01:11:35+00:00,True,91
67960,2007-08-14T17:00:20,-75.117,-37.194,45.0428,4.7,mw,,,,,,,,,,,,,,,,,CSN-improved,,outer_rise,,outer_rise,2007-08-14T17:00:20,4.7,3.0006844626967832,7,2007-08-14 17:00:20+00:00,True,226
68068,2007-08-22T21:08:23,-72.057,-21.355,20.0,4.8,mw,,,0.0,,,,,,,,,,,,,,CSN-improved,,outer_rise,,outer_rise,2007-08-22T21:08:23,4.7,3.0006844626967832,7,2007-08-22 21:08:23+00:00,True,199
75018,2008-09-26T18:34:00,-74.752,-16.147,49.0,4.7,mw,,,,,,,,,,,,,,,,,ISC,,outer_rise,,outer_rise,2008-09-26T18:34:00,4.7,3.0006844626967832,7,2008-09-26 18:34:00+00:00,True,227
76307,2008-11-27T18:57:41,-71.306,-23.549,25.2,5.2,mw,,,5.9,,,,,,,,,,,,,,CSN-improved,,outer_rise,,outer_rise,2008-11-27T18:57:41,4.7,3.0006844626967832,7,2008-11-27 18:57:41+00:00,True,109
78276,2009-03-24T06:22:46,-72.181,-28.216,36.8,5.0,mw,,,9.4,,,,,,,,,,,,,,CSN-improved,,outer_rise,,outer_rise,2009-03-24T06:22:46,4.7,3.0006844626967832,7,2009-03-24 06:22:46+00:00,True,147
80719,2009-08-09T14:18:38,-74.611,-29.177,20.0,4.8,mw,,,37.1,,,,,,,,,,,,,,CSN-improved,,outer_rise,,outer_rise,2009-08-09T14:18:38,4.7,3.0006844626967832,7,2009-08-09 14:18:38+00:00,True,200
81945,2009-11-05T08:42:31,-72.248,-28.459,2.0,4.8,mw,,,,,,,,,,,,,,,,,ISC,,outer_rise,,outer_rise,2009-11-05T08:42:31,4.7,3.0006844626967832,7,2009-11-05 08:42:31+00:00,True,201
82744,2010-01-05T01:34:30,-74.19,-16.71,36.0,5.1,mw,0.02,0.01,1.4,,258.0,62.0,12.0,162.0,80.0,151.0,1.3700000000000002e+16,-3.18e+16,1.81e+16,2710000000000000.0,-2.51e+16,4.43e+16,GCMT,,outer_rise,,outer_rise,2010-01-05T01:34:30,4.7,3.0006844626967832,8,2010-01-05 01:34:30+00:00,True,132
83389,2010-02-27T08:25:15,-73.81,-34.258,6.1,6.9,mw,,,21.1,,,,,,,,,,,,,,CSN-improved,,outer_rise,,outer_rise,2010-02-27T08:25:15,4.7,3.0006844626967832,8,2010-02-27 08:25:15+00:00,True,9
83418,2010-02-27T08:28:20,-74.115,-34.89,35.0,5.8,mw,,,,,,,,,,,,,,,,,USGS,,outer_rise,,outer_rise,2010-02-27T08:28:20,4.7,3.0006844626967832,8,2010-02-27 08:28:20+00:00,True,27
83444,2010-02-27T21:00:35,-73.154,-33.916,27.0,5.6,mw,,,3.3,,,,,,,,,,,,,,USGS,,outer_rise,,outer_rise,2010-02-27T21:00:35,4.7,3.0006844626967832,8,2010-02-27 21:00:35+00:00,True,45
83776,2010-02-28T01:17:32,-74.552,-34.605,35.0,5.2,mw,,,,,,,,,,,,,,,,,USGS,,outer_rise,,outer_rise,2010-02-28T01:17:32,4.7,3.0006844626967832,8,2010-02-28 01:17:32+00:00,True,110
83823,2010-02-28T01:53:29,-74.737,-38.269,35.0,4.9,mw,,,,,,,,,,,,,,,,,USGS,,outer_rise,,outer_rise,2010-02-28T01:53:29,4.7,3.0006844626967832,8,2010-02-28 01:53:29+00:00,True,173
83813,2010-02-28T11:18:20,-74.098,-35.609,35.0,5.0,mw,,,,,,,,,,,,,,,,,USGS,,outer_rise,,outer_rise,2010-02-28T11:18:20,4.7,3.0006844626967832,8,2010-02-28 11:18:20+00:00,True,148
84700,2010-03-05T04:37:02,-73.827,-35.281,35.0,4.8,mw,,,,,,,,,,,,,,,,,USGS,,outer_rise,,outer_rise,2010-03-05T04:37:02,4.7,3.0006844626967832,8,2010-03-05 04:37:02+00:00,True,202
84928,2010-03-07T03:11:24,-74.648,-35.011,35.0,4.7,mw,,,,,,,,,,,,,,,,,USGS,,outer_rise,,outer_rise,2010-03-07T03:11:24,4.7,3.0006844626967832,8,2010-03-07 03:11:24+00:00,True,228
85320,2010-03-11T15:19:04,-74.588,-37.184,35.0,5.2,mw,,,,,,,,,,,,,,,,,USGS,,outer_rise,,outer_rise,2010-03-11T15:19:04,4.7,3.0006844626967832,8,2010-03-11 15:19:04+00:00,True,111
85775,2010-03-15T11:08:00,-74.748,-35.82,197.3702,6.1,mw,,,,,21.0,15.0,103.0,187.0,76.0,87.0,1.15e+18,-3.2e+16,-1.12e+18,-2.45e+17,-2.11e+18,-2.86e+17,CSN-improved,,outer_rise,,outer_rise,2010-03-15T11:08:00,4.7,3.0006844626967832,8,2010-03-15 11:08:00+00:00,True,19
87524,2010-04-08T07:08:39,-74.655,-37.607,30.5,5.1,mw,,,,,,,,,,,,,,,,,USGS,,outer_rise,,outer_rise,2010-04-08T07:08:39,4.7,3.0006844626967832,8,2010-04-08 07:08:39+00:00,True,133
87582,2010-04-09T05:53:38,-72.729,-29.915,20.5729,4.8,mw,,,,,,,,,,,,,,,,,CSN-improved,,outer_rise,,outer_rise,2010-04-09T05:53:38,4.7,3.0006844626967832,8,2010-04-09 05:53:38+00:00,True,203
88844,2010-05-09T13:43:00,-74.556,-36.605,28.3,5.2,mw,,,,,,,,,,,,,,,,,USGS,,outer_rise,,outer_rise,2010-05-09T13:43:00,4.7,3.0006844626967832,8,2010-05-09 13:43:00+00:00,True,112
90174,2010-06-15T17:36:12,-72.298,-27.855,35.0,5.1,mw,,,,,,,,,,,,,,,,,USGS,,outer_rise,,outer_rise,2010-06-15T17:36:12,4.7,3.0006844626967832,8,2010-06-15 17:36:12+00:00,True,134
90577,2010-06-28T00:59:48,-75.131,-37.842,31.0,5.6,mw,,,,,41.0,39.0,-59.0,184.0,57.0,-113.0,-2.53e+17,-2.88e+16,2.82e+17,-3.3600000000000004e+16,1.2e+17,1.43e+17,ISC,,outer_rise,,outer_rise,2010-06-28T00:59:48,4.7,3.0006844626967832,8,2010-06-28 00:59:48+00:00,True,46
90660,2010-07-01T06:50:57,-72.804,-31.882,35.0,5.0,mw,,,,,,,,,,,,,,,,,USGS,,outer_rise,,outer_rise,2010-07-01T06:50:57,4.7,3.0006844626967832,8,2010-07-01 06:50:57+00:00,True,149
97224,2011-02-11T21:10:12,-74.736,-37.227,35.0,4.7,mw,,,,,,,,,,,,,,,,,USGS,,outer_rise,,outer_rise,2011-02-11T21:10:12,4.7,3.0006844626967832,8,2011-02-11 21:10:12+00:00,True,229
97416,2011-02-15T00:26:33,-74.67,-16.12,37.0,5.2,mw,,,,,,,,,,,,,,,,,USGS,,outer_rise,,outer_rise,2011-02-15T00:26:33,4.7,3.0006844626967832,8,2011-02-15 00:26:33+00:00,True,113
99588,2011-04-20T12:04:45,-73.138,-33.985,28.5,5.1,mw,,,9.6,,,,,,,,,,,,,,USGS,,outer_rise,,outer_rise,2011-04-20T12:04:45,4.7,3.0006844626967832,8,2011-04-20 12:04:45+00:00,True,135
103158,2011-07-25T03:44:30,-74.617,-37.468,23.0,4.7,mw,,,5.1,,,,,,,,,,,,,,CSN-improved,,outer_rise,,outer_rise,2011-07-25T03:44:30,4.7,3.0006844626967832,8,2011-07-25 03:44:30+00:00,True,230
104622,2011-09-03T16:20:43,-74.753,-38.312,17.2,5.8,mw,,,4.7,,350.0,17.0,74.0,186.0,72.0,95.0,3.3e+17,5e+16,-3.8e+17,-7e+16,-5.2e+17,1e+16,CSN-improved,,outer_rise,,outer_rise,2011-09-03T16:20:43,4.7,3.0006844626967832,8,2011-09-03 16:20:43+00:00,True,28
104843,2011-09-09T02:18:31,-74.79,-36.405,21.0,4.9,mw,,,20.1,,,,,,,,,,,,,,USGS,,outer_rise,,outer_rise,2011-09-09T02:18:31,4.7,3.0006844626967832,8,2011-09-09 02:18:31+00:00,True,174
107074,2011-12-03T10:29:45,-71.75,-21.48,31.1,5.0,mw,0.03,0.02,0.9,,3.0,44.0,-126.0,229.0,55.0,-60.0,-3.56e+16,6500000000000000.0,2.91e+16,2.2e+16,-3300000000000000.0,1.27e+16,GCMT,,outer_rise,,outer_rise,2011-12-03T10:29:45,4.7,3.0006844626967832,8,2011-12-03 10:29:45+00:00,True,150
108186,2012-01-06T08:08:42,-74.691,-37.802,18.0,4.9,mw,,,3.3,,,,,,,,,,,,,,CSN-improved,,outer_rise,,outer_rise,2012-01-06T08:08:42,4.7,3.0006844626967832,8,2012-01-06 08:08:42+00:00,True,175
109589,2012-02-15T14:08:47,-73.926,-35.209,18.6,5.1,mw,,,16.8,,,,,,,,,,,,,,USGS,,outer_rise,,outer_rise,2012-02-15T14:08:47,4.7,3.0006844626967832,8,2012-02-15 14:08:47+00:00,True,136
113421,2012-06-26T17:01:37,-74.82,-37.758,35.0,5.0,mw,,,,,,,,,,,,,,,,,USGS,,outer_rise,,outer_rise,2012-06-26T17:01:37,4.7,3.0006844626967832,8,2012-06-26 17:01:37+00:00,True,151
113561,2012-07-01T17:45:00,-71.249,-20.59,32.4,5.3,mw,,,2.0,,,,,,,,,,,,,,CSN-improved,,outer_rise,,outer_rise,2012-07-01T17:45:00,4.7,3.0006844626967832,8,2012-07-01 17:45:00+00:00,True,92
114299,2012-07-30T18:49:45,-74.163,-35.771,44.2,5.2,mw,,,14.8,,,,,,,,,,,,,,USGS,,outer_rise,,outer_rise,2012-07-30T18:49:45,4.7,3.0006844626967832,8,2012-07-30 18:49:45+00:00,True,114
116539,2012-10-14T10:50:17,-73.932,-35.31,21.4,5.2,mw,,,11.6,,,,,,,,,,,,,,USGS,,outer_rise,,outer_rise,2012-10-14T10:50:17,4.7,3.0006844626967832,8,2012-10-14 10:50:17+00:00,True,115
116741,2012-10-19T22:48:13,-72.642,-31.75,18.0,5.0,mw,,,18.6,,,,,,,,,,,,,,CSN-improved,,outer_rise,,outer_rise,2012-10-19T22:48:13,4.7,3.0006844626967832,8,2012-10-19 22:48:13+00:00,True,152
119108,2012-12-23T03:00:41,-74.674,-38.051,40.0,5.0,mw,,,,,,,,,,,,,,,,,USGS,,outer_rise,,outer_rise,2012-12-23T03:00:41,4.7,3.0006844626967832,8,2012-12-23 03:00:41+00:00,True,153
119570,2013-01-03T06:39:51,-71.481,-25.208,15.0,4.5,mw,,,,,,,,,,,,,,,,,ISC,,outer_rise,,outer_rise,2013-01-03T06:39:51,,,-1,2013-01-03 06:39:51+00:00,True,263
119572,2013-01-03T06:39:54,-71.539,-24.889,35.0,4.0,mw,,,5.0,,,,,,,,,,,,,,CSN-improved,,outer_rise,,outer_rise,2013-01-03T06:39:54,,,-1,2013-01-03 06:39:54+00:00,True,312
119642,2013-01-05T22:03:25,-72.497,-30.183,25.0,4.0,mw,,,,,,,,,,,,,,,,,ISC,,outer_rise,,outer_rise,2013-01-05T22:03:25,,,-1,2013-01-05 22:03:25+00:00,True,313
119944,2013-01-13T05:50:39,-74.011,-34.861,10.0,5.0,mw,,,,,,,,,,,,,,,,,USGS,,outer_rise,,outer_rise,2013-01-13T05:50:39,,,-1,2013-01-13 05:50:39+00:00,True,154
120042,2013-01-15T19:45:20,-74.683,-37.321,21.0,4.5,mw,,,4.0,,,,,,,,,,,,,,CSN-improved,,outer_rise,,outer_rise,2013-01-15T19:45:20,,,-1,2013-01-15 19:45:20+00:00,True,264
120506,2013-01-27T12:50:40,-72.862,-29.688,35.0,4.5,mw,,,,,,,,,,,,,,,,,ISC,,outer_rise,,outer_rise,2013-01-27T12:50:40,,,-1,2013-01-27 12:50:40+00:00,True,265
120542,2013-01-28T01:46:02,-73.657,-34.623,35.0,4.0,mw,,,,,,,,,,,,,,,,,ISC,,outer_rise,,outer_rise,2013-01-28T01:46:02,,,-1,2013-01-28 01:46:02+00:00,True,314
120821,2013-02-04T03:29:44,-73.346,-33.901,31.7787,4.1,mw,,,,,,,,,,,,,,,,,CSN-improved,,outer_rise,,outer_rise,2013-02-04T03:29:44,,,-1,2013-02-04 03:29:44+00:00,True,308
120996,2013-02-09T07:48:59,-72.114,-27.469,35.0,4.3,mw,,,,,,,,,,,,,,,,,ISC,,outer_rise,,outer_rise,2013-02-09T07:48:59,,,-1,2013-02-09 07:48:59+00:00,True,304
122195,2013-03-16T16:17:20,-73.714,-34.213,49.952,4.5,mw,,,,,,,,,,,,,,,,,CSN-improved,,outer_rise,,outer_rise,2013-03-16T16:17:20,,,-1,2013-03-16 16:17:20+00:00,True,266
123052,2013-04-11T22:54:28,-73.145,-18.587,0.0,4.4,mw,,,,,,,,,,,,,,,,,ISC,,outer_rise,,outer_rise,2013-04-11T22:54:28,,,-1,2013-04-11 22:54:28+00:00,True,277
123790,2013-05-03T09:18:16,-72.263,-28.139,20.0,4.9,mw,,,0.0,,359.0,45.0,-108.0,204.0,47.0,-73.0,-6.69e+16,2520000000000000.0,6.44e+16,1.59e+16,-859999999999999.9,1.32e+16,CSN-improved,,outer_rise,,outer_rise,2013-05-03T09:18:16,,,-1,2013-05-03 09:18:16+00:00,True,176
123789,2013-05-03T09:18:21,-72.71,-28.26,12.0,5.2,mw,0.01,0.01,0.0,,359.0,45.0,-108.0,204.0,47.0,-73.0,-6.69e+16,2520000000000000.0,6.44e+16,1.59e+16,-859999999999999.9,1.32e+16,GCMT,,outer_rise,,outer_rise,2013-05-03T09:18:21,,,-1,2013-05-03 09:18:21+00:00,True,116
124785,2013-06-04T12:23:27,-71.492,-20.976,35.0,4.1,mw,,,,,,,,,,,,,,,,,ISC,,outer_rise,,outer_rise,2013-06-04T12:23:27,,,-1,2013-06-04 12:23:27+00:00,True,309
124850,2013-06-06T21:20:32,-73.308,-34.143,30.2105,4.4,mw,,,,,,,,,,,,,,,,,CSN-improved,,outer_rise,,outer_rise,2013-06-06T21:20:32,,,-1,2013-06-06 21:20:32+00:00,True,278
125243,2013-06-19T21:23:41,-73.443,-33.59,35.0,4.0,mw,,,,,,,,,,,,,,,,,ISC,,outer_rise,,outer_rise,2013-06-19T21:23:41,,,-1,2013-06-19 21:23:41+00:00,True,315
125521,2013-06-29T16:50:53,-75.04,-39.338,35.0,4.6,mw,,,,,,,,,,,,,,,,,ISC,,outer_rise,,outer_rise,2013-06-29T16:50:53,,,-1,2013-06-29 16:50:53+00:00,True,246
125605,2013-07-02T16:47:25,-73.936,-35.005,37.5,4.2,mw,,,18.8,,,,,,,,,,,,,,CSN-improved,,outer_rise,,outer_rise,2013-07-02T16:47:25,,,-1,2013-07-02 16:47:25+00:00,True,307
125687,2013-07-05T07:53:58,-74.752,-37.319,27.1,4.4,mw,,,4.8,,,,,,,,,,,,,,CSN-improved,,outer_rise,,outer_rise,2013-07-05T07:53:58,,,-1,2013-07-05 07:53:58+00:00,True,279
126685,2013-08-05T05:08:34,-74.794,-38.289,21.6,4.6,mw,,,8.6,,,,,,,,,,,,,,CSN-improved,,outer_rise,,outer_rise,2013-08-05T05:08:34,,,-1,2013-08-05 05:08:34+00:00,True,247
127779,2013-09-13T15:25:30,-72.802,-33.062,28.7,4.0,mw,,,4.1,,,,,,,,,,,,,,CSN-improved,,outer_rise,,outer_rise,2013-09-13T15:25:30,,,-1,2013-09-13 15:25:30+00:00,True,316
128114,2013-09-25T16:42:52,-74.81,-16.03,46.1,7.0,mw,0.01,0.0,0.3,,307.0,31.0,84.0,133.0,59.0,93.0,3.61e+19,-2.25e+19,-1.36e+19,1.54e+19,-1.54e+19,2.65e+19,GCMT,,outer_rise,,outer_rise,2013-09-25T16:42:52,,,-1,2013-09-25 16:42:52+00:00,True,4
128331,2013-10-01T02:56:44,-73.912,-34.501,18.95,4.6,mw,,,3.1,0.235,,,,,,,,,,,,,USGS,,outer_rise,,outer_rise,2013-10-01T02:56:44,,,-1,2013-10-01 02:56:44+00:00,True,248
128556,2013-10-07T03:53:49,-72.214,-26.484,35.0,4.1,mw,,,,,,,,,,,,,,,,,ISC,,outer_rise,,outer_rise,2013-10-07T03:53:49,,,-1,2013-10-07 03:53:49+00:00,True,310
128668,2013-10-10T15:09:28,-75.488,-36.756,10.0,4.3,mw,,,,,,,,,,,,,,,,,ISC,,outer_rise,,outer_rise,2013-10-10T15:09:28,,,-1,2013-10-10 15:09:28+00:00,True,305
129032,2013-10-21T18:17:24,-75.204,-37.926,35.0,5.1,mw,,,,,201.0,38.0,-61.0,346.0,57.0,-111.0,-3.41e+16,-1770000000000000.0,3.59e+16,1.19e+16,-1.28e+16,2590000000000000.0,ISC,,outer_rise,,outer_rise,2013-10-21T18:17:24,,,-1,2013-10-21 18:17:24+00:00,True,137
129371,2013-10-30T03:06:31,-73.848,-35.215,20.2,4.4,mw,,,16.8,,,,,,,,,,,,,,CSN-improved,,outer_rise,,outer_rise,2013-10-30T03:06:31,,,-1,2013-10-30 03:06:31+00:00,True,280
129776,2013-11-08T15:16:23,-72.293,-18.914,20.3,4.3,mw,,,3.6,,,,,,,,,,,,,,CSN-improved,,outer_rise,,outer_rise,2013-11-08T15:16:23,,,-1,2013-11-08 15:16:23+00:00,True,306
129905,2013-11-11T22:28:38,-71.87,-19.231,26.2,4.8,mw,,,4.4,0.149,,,,,,,,,,,,,USGS,,outer_rise,,outer_rise,2013-11-11T22:28:38,,,-1,2013-11-11 22:28:38+00:00,True,204
130264,2013-11-19T22:45:46,-72.975,-25.77,34.0,4.1,mw,,,,,,,,,,,,,,,,,ISC,,outer_rise,,outer_rise,2013-11-19T22:45:46,,,-1,2013-11-19 22:45:46+00:00,True,311
130734,2013-11-29T05:38:21,-73.222,-33.222,47.5295,4.7,mw,,,,,,,,,,,,,,,,,CSN-improved,,outer_rise,,outer_rise,2013-11-29T05:38:21,,,-1,2013-11-29 05:38:21+00:00,True,231
130729,2013-11-29T14:04:34,-73.236,-34.113,16.91,5.0,mw,,,4.8,0.182,,,,,,,,,,,,,USGS,,outer_rise,,outer_rise,2013-11-29T14:04:34,,,-1,2013-11-29 14:04:34+00:00,True,155
131557,2013-12-20T09:11:49,-73.674,-17.627,32.43,4.6,mw,,,4.8,0.265,,,,,,,,,,,,,USGS,,outer_rise,,outer_rise,2013-12-20T09:11:49,,,-1,2013-12-20 09:11:49+00:00,True,249
132944,2014-02-02T20:47:22,-72.502,-30.811,35.0,4.4,mw,,,,,,,,,,,,,,,,,ISC,,outer_rise,,outer_rise,2014-02-02T20:47:22,4.4,1.998631074606434,9,2014-02-02 20:47:22+00:00,True,281
133292,2014-02-12T01:10:58,-74.971,-36.992,18.2,4.4,mw,,,6.8,,,,,,,,,,,,,,CSN-improved,,outer_rise,,outer_rise,2014-02-12T01:10:58,4.4,1.998631074606434,9,2014-02-12 01:10:58+00:00,True,282
133899,2014-03-04T11:39:04,-72.965,-33.714,10.0,4.4,mw,,,,,,,,,,,,,,,,,ISC,,outer_rise,,outer_rise,2014-03-04T11:39:04,4.4,1.998631074606434,9,2014-03-04 11:39:04+00:00,True,283
134056,2014-03-10T18:33:09,-72.349,-29.118,10.0,4.4,mw,,,,,,,,,,,,,,,,,ISC,,outer_rise,,outer_rise,2014-03-10T18:33:09,4.4,1.998631074606434,9,2014-03-10 18:33:09+00:00,True,284
134383,2014-03-18T03:54:35,-74.364,-17.151,32.41,4.9,mw,,,6.5,0.313,,,,,,,,,,,,,USGS,,outer_rise,,outer_rise,2014-03-18T03:54:35,4.4,1.998631074606434,9,2014-03-18 03:54:35+00:00,True,177
135107,2014-04-01T23:58:11,-71.39,-19.85,20.6,7.0,mw,0.02,0.02,1.3,,347.0,26.0,81.0,177.0,65.0,94.0,1.935e+19,-8e+17,-1.855e+19,5.32e+18,-1.292e+19,6.77e+18,GCMT,,outer_rise,,outer_rise,2014-04-01T23:58:11,4.4,1.998631074606434,9,2014-04-01 23:58:11+00:00,True,5
137531,2014-06-03T17:55:31,-75.143,-37.166,35.0,4.4,mw,,,,,,,,,,,,,,,,,ISC,,outer_rise,,outer_rise,2014-06-03T17:55:31,4.4,1.998631074606434,9,2014-06-03 17:55:31+00:00,True,285
138293,2014-07-14T11:24:40,-73.6,-17.89,12.0,5.2,mw,0.01,0.01,0.0,,125.0,42.0,-95.0,312.0,48.0,-85.0,-8.769e+16,5.64e+16,3.129e+16,-7410000000000000.0,-1.203e+16,-3.381e+16,GCMT,,outer_rise,,outer_rise,2014-07-14T11:24:40,4.4,1.998631074606434,9,2014-07-14 11:24:40+00:00,True,117
138393,2014-07-21T20:11:37,-73.695,-31.35,35.0,4.6,mw,,,,,,,,,,,,,,,,,ISC,,outer_rise,,outer_rise,2014-07-21T20:11:37,4.4,1.998631074606434,9,2014-07-21 20:11:37+00:00,True,250
138392,2014-07-21T20:11:42,-72.991,-31.46,25.0,4.8,mw,,,0.0,,,,,,,,,,,,,,CSN-improved,,outer_rise,,outer_rise,2014-07-21T20:11:42,4.4,1.998631074606434,9,2014-07-21 20:11:42+00:00,True,205
138835,2014-08-18T06:49:24,-71.627,-25.926,28.9,4.4,mw,,,19.2,,,,,,,,,,,,,,CSN-improved,,outer_rise,,outer_rise,2014-08-18T06:49:24,4.4,1.998631074606434,9,2014-08-18 06:49:24+00:00,True,286
139302,2014-09-15T00:44:13,-73.736,-34.958,27.4,4.6,mw,,,2.8,0.304,,,,,,,,,,,,,USGS,,outer_rise,,outer_rise,2014-09-15T00:44:13,4.4,1.998631074606434,9,2014-09-15 00:44:13+00:00,True,251
139447,2014-09-24T06:34:39,-73.76,-34.36,20.5,4.9,mw,0.02,0.03,0.9,,359.0,39.0,-99.0,190.0,52.0,-83.0,-2.176e+16,-390000000000000.0,2.215e+16,-770000000000000.0,-2.966e+16,2350000000000000.0,GCMT,,outer_rise,,outer_rise,2014-09-24T06:34:39,4.4,1.998631074606434,9,2014-09-24 06:34:39+00:00,True,178
140063,2014-11-02T01:19:16,-74.584,-37.434,15.2,4.4,mw,,,10.9,,,,,,,,,,,,,,CSN-improved,,outer_rise,,outer_rise,2014-11-02T01:19:16,4.4,1.998631074606434,9,2014-11-02 01:19:16+00:00,True,287
140263,2014-11-16T07:19:43,-71.166,-21.32,14.0,4.6,mw,,,,,,,,,,,,,,,,,ISC,,outer_rise,,outer_rise,2014-11-16T07:19:43,4.4,1.998631074606434,9,2014-11-16 07:19:43+00:00,True,252
140297,2014-11-18T10:28:29,-71.693,-20.926,35.0,4.8,mw,,,1.9,0.155,,,,,,,,,,,,,USGS,,outer_rise,,outer_rise,2014-11-18T10:28:29,4.4,1.998631074606434,9,2014-11-18 10:28:29+00:00,True,206
141491,2015-01-28T11:34:57,-74.895,-37.774,5.0,4.6,mw,,,9.0,,,,,,,,,,,,,,CSN-improved,,outer_rise,,outer_rise,2015-01-28T11:34:57,4.4,1.998631074606434,9,2015-01-28 11:34:57+00:00,True,253
142188,2015-03-09T07:53:38,-73.79,-34.48,14.8,4.9,mw,0.02,0.03,1.1,,41.0,42.0,-69.0,193.0,51.0,-108.0,,,,,,,GCMT,,outer_rise,,outer_rise,2015-03-09T07:53:38,4.4,1.998631074606434,9,2015-03-09 07:53:38+00:00,True,179
142205,2015-03-10T17:48:23,-73.432,-34.229,30.0,5.1,mw,,,4.2,0.166,,,,,,,,,,,,,USGS,,outer_rise,,outer_rise,2015-03-10T17:48:23,4.4,1.998631074606434,9,2015-03-10 17:48:23+00:00,True,138
142290,2015-03-15T23:27:36,-72.526,-28.224,9.0,4.4,mw,,,,,,,,,,,,,,,,,ISC,,outer_rise,,outer_rise,2015-03-15T23:27:36,4.4,1.998631074606434,9,2015-03-15 23:27:36+00:00,True,288
142849,2015-04-16T23:36:48,-72.784,-29.062,10.0,4.9,mw,,,,,,,,,,,,,,,,,ISC,,outer_rise,,outer_rise,2015-04-16T23:36:48,4.4,1.998631074606434,9,2015-04-16 23:36:48+00:00,True,180
143331,2015-05-16T13:42:33,-71.827,-22.832,20.13,5.0,mw,,,5.4,0.223,,,,,,,,,,,,,USGS,,outer_rise,,outer_rise,2015-05-16T13:42:33,4.4,1.998631074606434,9,2015-05-16 13:42:33+00:00,True,156
143416,2015-05-21T16:54:11,-71.859,-27.245,25.1,4.8,mw,,,14.9,,,,,,,,,,,,,,CSN-improved,,outer_rise,,outer_rise,2015-05-21T16:54:11,4.4,1.998631074606434,9,2015-05-21 16:54:11+00:00,True,207
143456,2015-05-23T02:45:42,-74.686,-37.216,35.0,4.5,mw,,,,,,,,,,,,,,,,,ISC,,outer_rise,,outer_rise,2015-05-23T02:45:42,4.4,1.998631074606434,9,2015-05-23 02:45:42+00:00,True,267
144328,2015-07-20T09:47:40,-74.322,-35.669,10.0,5.3,mw,,,1.8,0.046,16.0,43.0,-97.0,205.0,47.0,-84.0,-5.35e+16,7210000000000000.0,4.62e+16,5180000000000000.0,1540000000000000.0,1.67e+16,USGS,,outer_rise,,outer_rise,2015-07-20T09:47:40,4.4,1.998631074606434,9,2015-07-20 09:47:40+00:00,True,93
144934,2015-08-30T04:17:56,-74.741,-35.945,10.0,4.7,mw,,,0.0,,,,,,,,,,,,,,CSN-improved,,outer_rise,,outer_rise,2015-08-30T04:17:56,4.4,1.998631074606434,9,2015-08-30 04:17:56+00:00,True,232
145135,2015-09-12T18:25:27,-75.294,-38.616,16.0,4.9,mw,,,,,,,,,,,,,,,,,ISC,,outer_rise,,outer_rise,2015-09-12T18:25:27,4.4,1.998631074606434,9,2015-09-12 18:25:27+00:00,True,181
145235,2015-09-17T02:21:06,-72.851,-31.982,10.0,5.4,mw,,,1.9,0.08,,,,,,,,,,,,,USGS,,outer_rise,,outer_rise,2015-09-17T02:21:06,4.4,1.998631074606434,9,2015-09-17 02:21:06+00:00,True,74
145240,2015-09-17T02:38:50,-72.525,-30.657,10.0,5.3,mw,,,1.9,0.058,,,,,,,,,,,,,USGS,,outer_rise,,outer_rise,2015-09-17T02:38:50,4.4,1.998631074606434,9,2015-09-17 02:38:50+00:00,True,94
145241,2015-09-17T04:43:41,-72.552,-31.08,3.95,5.3,mw,,,3.7,0.057,,,,,,,,,,,,,USGS,,outer_rise,,outer_rise,2015-09-17T04:43:41,4.4,1.998631074606434,9,2015-09-17 04:43:41+00:00,True,95
145462,2015-09-18T22:35:21,-72.95,-30.33,12.3,4.9,mw,0.01,0.02,0.8,,203.0,41.0,-72.0,360.0,51.0,-105.0,,,,,,,GCMT,,outer_rise,,outer_rise,2015-09-18T22:35:21,4.4,1.998631074606434,9,2015-09-18 22:35:21+00:00,True,182
145649,2015-09-19T20:57:07,-73.101,-31.502,10.0,5.0,mw,,,1.8,0.084,,,,,,,,,,,,,USGS,,outer_rise,,outer_rise,2015-09-19T20:57:07,4.4,1.998631074606434,9,2015-09-19 20:57:07+00:00,True,157
146943,2015-10-06T04:51:45,-72.52,-30.26,24.0,5.0,mw,0.03,0.03,1.0,,342.0,34.0,75.0,181.0,57.0,100.0,3.22e+16,600000000000000.0,-3.28e+16,-3480000000000000.0,-1.5e+16,5080000000000000.0,GCMT,,outer_rise,,outer_rise,2015-10-06T04:51:45,4.4,1.998631074606434,9,2015-10-06 04:51:45+00:00,True,158
148198,2015-11-14T01:25:16,-73.897,-35.116,35.0,4.7,mw,,,0.0,,,,,,,,,,,,,,CSN-improved,,outer_rise,,outer_rise,2015-11-14T01:25:16,4.4,1.998631074606434,9,2015-11-14 01:25:16+00:00,True,233
148575,2015-11-27T19:51:30,-72.936,-29.642,10.0,5.0,mw,,,1.9,0.192,,,,,,,,,,,,,USGS,,outer_rise,,outer_rise,2015-11-27T19:51:30,4.4,1.998631074606434,9,2015-11-27 19:51:30+00:00,True,159
149697,2016-01-16T09:42:34,-75.286,-37.99,14.0,5.2,mw,,,,,,,,,,,,,,,,,ISC,,outer_rise,,outer_rise,2016-01-16T09:42:34,4.4,6.997675171749436,10,2016-01-16 09:42:34+00:00,True,118
150473,2016-02-19T09:26:10,-73.059,-31.066,28.3074,4.4,mw,,,,,,,,,,,,,,,,,CSN-improved,,outer_rise,,outer_rise,2016-02-19T09:26:10,4.4,6.997675171749436,10,2016-02-19 09:26:10+00:00,True,289
150472,2016-02-19T21:50:49,-77.756,-45.718,10.0,4.7,mw,,,,,80.0,72.0,-163.0,344.0,74.0,-19.0,-6800000000000000.0,2.08e+16,-1.4e+16,-8030000000000000.0,-1.48e+16,-3.51e+16,ISC,,outer_rise,,outer_rise,2016-02-19T21:50:49,4.4,6.997675171749436,10,2016-02-19 21:50:49+00:00,True,234
150678,2016-02-26T20:19:17,-74.634,-36.832,122.0098,4.7,mw,,,,,,,,,,,,,,,,,CSN-improved,,outer_rise,,outer_rise,2016-02-26T20:19:17,4.4,6.997675171749436,10,2016-02-26 20:19:17+00:00,True,235
152130,2016-04-30T06:36:25,-72.693,-30.038,10.0,4.9,mw,,,1.9,0.205,,,,,,,,,,,,,USGS,,outer_rise,,outer_rise,2016-04-30T06:36:25,4.4,6.997675171749436,10,2016-04-30 06:36:25+00:00,True,183
152411,2016-05-12T17:47:40,-73.365,-34.0,10.0,5.0,mw,,,1.7,0.072,,,,,,,,,,,,,USGS,,outer_rise,,outer_rise,2016-05-12T17:47:40,4.4,6.997675171749436,10,2016-05-12 17:47:40+00:00,True,160
152627,2016-05-21T18:23:36,-71.621,-21.588,10.0,4.9,mw,,,1.7,0.171,,,,,,,,,,,,,USGS,,outer_rise,,outer_rise,2016-05-21T18:23:36,4.4,6.997675171749436,10,2016-05-21 18:23:36+00:00,True,184
153108,2016-06-12T17:07:42,-74.799,-37.817,10.0,5.1,mw,,,,,,,,,,,,,,,,,ISC,,outer_rise,,outer_rise,2016-06-12T17:07:42,4.4,6.997675171749436,10,2016-06-12 17:07:42+00:00,True,139
153634,2016-07-06T10:18:54,-74.759,-16.013,59.68,4.9,mw,,,7.4,0.27,,,,,,,,,,,,,USGS,,outer_rise,,outer_rise,2016-07-06T10:18:54,4.4,6.997675171749436,10,2016-07-06 10:18:54+00:00,True,185
154854,2016-08-24T10:28:51,-74.101,-35.227,10.0,4.7,mw,,,1.9,0.177,,,,,,,,,,,,,USGS,,outer_rise,,outer_rise,2016-08-24T10:28:51,4.4,6.997675171749436,10,2016-08-24 10:28:51+00:00,True,236
157554,2016-12-10T03:01:11,-73.976,-34.813,21.1,4.7,mw,,,8.6,,,,,,,,,,,,,,CSN-improved,,outer_rise,,outer_rise,2016-12-10T03:01:11,4.4,6.997675171749436,10,2016-12-10 03:01:11+00:00,True,237
157897,2016-12-23T00:30:09,-73.154,-33.985,5.0,4.4,mw,,,,,,,,,,,,,,,,,ISC,,outer_rise,,outer_rise,2016-12-23T00:30:09,4.4,6.997675171749436,10,2016-12-23 00:30:09+00:00,True,290
157957,2016-12-25T08:24:06,-72.468,-28.396,10.0,4.7,mw,,,,,,,,,,,,,,,,,ISC,,outer_rise,,outer_rise,2016-12-25T08:24:06,4.4,6.997675171749436,10,2016-12-25 08:24:06+00:00,True,238
160123,2017-03-12T07:26:15,-75.281,-39.536,10.0,4.5,mw,,,,,,,,,,,,,,,,,ISC,,outer_rise,,outer_rise,2017-03-12T07:26:15,4.4,6.997675171749436,10,2017-03-12 07:26:15+00:00,True,268
160250,2017-03-17T02:20:28,-74.875,-38.498,41.5,4.4,mw,,,5.8,,,,,,,,,,,,,,CSN-improved,,outer_rise,,outer_rise,2017-03-17T02:20:28,4.4,6.997675171749436,10,2017-03-17 02:20:28+00:00,True,291
160650,2017-03-31T09:54:38,-74.362,-16.201,23.94,5.2,mw,,,4.2,0.077,,,,,,,,,,,,,USGS,,outer_rise,,outer_rise,2017-03-31T09:54:38,4.4,6.997675171749436,10,2017-03-31 09:54:38+00:00,True,119
160831,2017-04-07T04:38:40,-72.631,-31.385,33.05,4.7,mw,,,12.2,0.237,,,,,,,,,,,,,USGS,,outer_rise,,outer_rise,2017-04-07T04:38:40,4.4,6.997675171749436,10,2017-04-07 04:38:40+00:00,True,239
161397,2017-04-24T21:45:58,-72.662,-32.416,25.9,5.6,mw,,,8.7,,,,,,,,,,,,,,CSN-improved,,outer_rise,,outer_rise,2017-04-24T21:45:58,4.4,6.997675171749436,10,2017-04-24 21:45:58+00:00,True,47
161913,2017-04-28T15:52:36,-73.434,-33.194,25.55,4.8,mw,,,13.6,0.309,,,,,,,,,,,,,USGS,,outer_rise,,outer_rise,2017-04-28T15:52:36,4.4,6.997675171749436,10,2017-04-28 15:52:36+00:00,True,208
163373,2017-06-07T04:33:20,-73.633,-17.9,25.68,5.3,mw,,,5.5,0.04,,,,,,,,,,,,,USGS,,outer_rise,,outer_rise,2017-06-07T04:33:20,4.4,6.997675171749436,10,2017-06-07 04:33:20+00:00,True,96
164354,2017-07-11T21:03:27,-72.302,-28.986,34.4,4.6,mw,,,9.2,,,,,,,,,,,,,,CSN-improved,,outer_rise,,outer_rise,2017-07-11T21:03:27,4.4,6.997675171749436,10,2017-07-11 21:03:27+00:00,True,254
164470,2017-07-15T06:35:10,-72.426,-28.354,34.7,4.4,mw,,,7.6,,,,,,,,,,,,,,CSN-improved,,outer_rise,,outer_rise,2017-07-15T06:35:10,4.4,6.997675171749436,10,2017-07-15 06:35:10+00:00,True,292
165260,2017-08-11T08:53:17,-73.868,-35.345,19.0,4.4,mw,,,0.0,,,,,,,,,,,,,,CSN-improved,,outer_rise,,outer_rise,2017-08-11T08:53:17,4.4,6.997675171749436,10,2017-08-11 08:53:17+00:00,True,293
167744,2017-10-29T15:09:44,-72.691,-30.393,10.0,4.6,mw,,,2.0,0.264,,,,,,,,,,,,,USGS,,outer_rise,,outer_rise,2017-10-29T15:09:44,4.4,6.997675171749436,10,2017-10-29 15:09:44+00:00,True,255
168728,2017-12-01T23:26:53,-73.817,-34.785,37.8873,4.6,mw,,,,,,,,,,,,,,,,,CSN-improved,,outer_rise,,outer_rise,2017-12-01T23:26:53,4.4,6.997675171749436,10,2017-12-01 23:26:53+00:00,True,256
168854,2017-12-06T08:30:38,-74.624,-37.493,35.0,4.9,mw,,,3.9,,,,,,,,,,,,,,CSN-improved,,outer_rise,,outer_rise,2017-12-06T08:30:38,4.4,6.997675171749436,10,2017-12-06 08:30:38+00:00,True,186
169676,2018-01-04T20:48:58,-71.591,-19.8,12.4,4.9,mw,,,6.4,0.272,,,,,,,,,,,,,USGS,,outer_rise,,outer_rise,2018-01-04T20:48:58,4.4,6.997675171749436,10,2018-01-04 20:48:58+00:00,True,187
170032,2018-01-18T13:46:50,-72.578,-28.403,10.0,5.0,mw,,,2.0,0.222,,,,,,,,,,,,,USGS,,outer_rise,,outer_rise,2018-01-18T13:46:50,4.4,6.997675171749436,10,2018-01-18 13:46:50+00:00,True,161
170412,2018-01-30T14:23:55,-74.78,-16.12,39.5,5.5,mw,0.01,0.01,0.4,,315.0,42.0,93.0,131.0,48.0,87.0,1.97e+17,-1.1000000000000002e+17,-8.64e+16,2.14e+16,-1.19e+16,1.3700000000000002e+17,GCMT,,outer_rise,,outer_rise,2018-01-30T14:23:55,4.4,6.997675171749436,10,2018-01-30 14:23:55+00:00,True,61
170618,2018-02-06T04:48:46,-74.202,-35.294,13.0,5.1,mw,,,,,,,,,,,,,,,,,ISC,,outer_rise,,outer_rise,2018-02-06T04:48:46,4.4,6.997675171749436,10,2018-02-06 04:48:46+00:00,True,140
170648,2018-02-07T12:36:20,-72.92,-29.33,12.0,5.1,mw,0.01,0.01,0.0,,25.0,41.0,-88.0,202.0,49.0,-92.0,-5.7945e+16,1.3948e+16,4.3997e+16,-9004000000000000.0,2057000000000000.0,2.0093e+16,GCMT,,outer_rise,,outer_rise,2018-02-07T12:36:20,4.4,6.997675171749436,10,2018-02-07 12:36:20+00:00,True,141
170760,2018-02-11T04:11:14,-74.26,-16.77,24.9,5.4,mw,0.01,0.01,0.6,,15.0,51.0,-180.0,285.0,90.0,-39.0,-1.077e+16,4.133e+16,-3.056e+16,9.568e+16,210000000000000.0,1.009e+17,GCMT,,outer_rise,,outer_rise,2018-02-11T04:11:14,4.4,6.997675171749436,10,2018-02-11 04:11:14+00:00,True,75
171021,2018-02-19T05:21:39,-72.527,-29.178,4.0,4.9,mw,,,,,,,,,,,,,,,,,ISC,,outer_rise,,outer_rise,2018-02-19T05:21:39,4.4,6.997675171749436,10,2018-02-19 05:21:39+00:00,True,188
172467,2018-04-11T16:44:05,-72.175,-27.171,12.0,5.0,mw,,,,,,,,,,,,,,,,,ISC,,outer_rise,,outer_rise,2018-04-11T16:44:05,4.4,6.997675171749436,10,2018-04-11 16:44:05+00:00,True,162
174738,2018-06-26T12:55:06,-72.17,-27.935,10.0,4.8,mw,,,,,,,,,,,,,,,,,ISC,,outer_rise,,outer_rise,2018-06-26T12:55:06,4.4,6.997675171749436,10,2018-06-26 12:55:06+00:00,True,209
175125,2018-07-10T22:53:08,-73.98,-34.764,15.37,4.7,mw,,,5.3,0.237,,,,,,,,,,,,,USGS,,outer_rise,,outer_rise,2018-07-10T22:53:08,4.4,6.997675171749436,10,2018-07-10 22:53:08+00:00,True,240
175491,2018-07-25T02:57:39,-73.469,-34.318,10.0,4.8,mw,,,1.9,0.179,,,,,,,,,,,,,USGS,,outer_rise,,outer_rise,2018-07-25T02:57:39,4.4,6.997675171749436,10,2018-07-25 02:57:39+00:00,True,210
176240,2018-08-23T23:30:18,-74.012,-35.179,28.1,4.4,mw,,,3.6,,,,,,,,,,,,,,CSN-improved,,outer_rise,,outer_rise,2018-08-23T23:30:18,4.4,6.997675171749436,10,2018-08-23 23:30:18+00:00,True,294
177494,2018-10-17T04:01:41,-72.683,-32.5,32.28,4.8,mw,,,6.5,0.17,,,,,,,,,,,,,USGS,,outer_rise,,outer_rise,2018-10-17T04:01:41,4.4,6.997675171749436,10,2018-10-17 04:01:41+00:00,True,211
179930,2018-12-08T08:10:02,-71.339,-21.95,21.8,4.5,mw,,,5.0,,,,,,,,,,,,,,CSN-improved,,outer_rise,,outer_rise,2018-12-08T08:10:02,4.4,6.997675171749436,10,2018-12-08 08:10:02+00:00,True,269
182596,2019-01-20T08:12:53,-72.84,-23.55,20.0,4.5,mw,,,,,,,,,,,,,,,,,CSN-improved,,outer_rise,,outer_rise,2019-01-20T08:12:53,4.4,6.997675171749436,10,2019-01-20 08:12:53+00:00,True,270
182595,2019-01-20T08:13:02,-71.708,-23.416,10.0,4.5,mw,,,,,,,,,,,,,,,,,ISC,,outer_rise,,outer_rise,2019-01-20T08:13:02,4.4,6.997675171749436,10,2019-01-20 08:13:02+00:00,True,271
183033,2019-01-24T10:55:37,-72.846,-30.511,10.0,4.6,mw,,,2.0,0.372,,,,,,,,,,,,,USGS,,outer_rise,,outer_rise,2019-01-24T10:55:37,4.4,6.997675171749436,10,2019-01-24 10:55:37+00:00,True,257
183666,2019-02-03T20:08:36,-74.648,-16.187,112.6,4.4,mw,,,17.4,0.367,,,,,,,,,,,,,USGS,,outer_rise,,outer_rise,2019-02-03T20:08:36,4.4,6.997675171749436,10,2019-02-03 20:08:36+00:00,True,295
185465,2019-03-07T15:34:32,-72.82,-29.51,31.5,5.7,mw,0.01,0.01,0.3,,185.0,38.0,114.0,335.0,55.0,72.0,3.8269e+17,1.1864e+17,-5.0133e+17,-8.989e+16,1.3594e+17,8.027e+16,GCMT,,outer_rise,,outer_rise,2019-03-07T15:34:32,4.4,6.997675171749436,10,2019-03-07 15:34:32+00:00,True,35
185922,2019-03-23T17:20:35,-71.805,-24.69,10.0,4.5,mw,,,,,,,,,,,,,,,,,ISC,,outer_rise,,outer_rise,2019-03-23T17:20:35,4.4,6.997675171749436,10,2019-03-23 17:20:35+00:00,True,272
187524,2019-05-17T05:27:33,-74.15,-35.2,12.0,5.2,mw,0.01,0.01,0.0,,25.0,43.0,-88.0,203.0,47.0,-92.0,-7.2733e+16,1.6979e+16,5.5754e+16,-1.913e+16,8642000000000000.0,3.0976e+16,GCMT,,outer_rise,,outer_rise,2019-05-17T05:27:33,4.4,6.997675171749436,10,2019-05-17 05:27:33+00:00,True,120
188144,2019-06-08T21:09:15,-74.51,-17.258,10.0,4.8,mw,,,2.0,0.218,,,,,,,,,,,,,USGS,,outer_rise,,outer_rise,2019-06-08T21:09:15,4.4,6.997675171749436,10,2019-06-08 21:09:15+00:00,True,212
188444,2019-06-16T00:58:43,-72.615,-31.458,10.0,4.9,mw,,,1.9,0.164,,,,,,,,,,,,,USGS,,outer_rise,,outer_rise,2019-06-16T00:58:43,4.4,6.997675171749436,10,2019-06-16 00:58:43+00:00,True,189
188777,2019-06-29T05:00:25,-74.43,-16.2,40.2,5.0,mw,0.03,0.02,1.3,,339.0,31.0,96.0,152.0,59.0,86.0,3.57e+16,-1530000000000000.0,-3.42e+16,1.09e+16,-1.86e+16,1.92e+16,GCMT,,outer_rise,,outer_rise,2019-06-29T05:00:25,4.4,6.997675171749436,10,2019-06-29 05:00:25+00:00,True,163
189062,2019-07-10T10:53:15,-73.734,-34.665,10.0,4.6,mw,,,2.0,0.187,,,,,,,,,,,,,USGS,,outer_rise,,outer_rise,2019-07-10T10:53:15,4.4,6.997675171749436,10,2019-07-10 10:53:15+00:00,True,258
189060,2019-07-10T14:58:16,-73.087,-33.306,10.0,4.8,mw,,,1.8,0.138,,,,,,,,,,,,,USGS,,outer_rise,,outer_rise,2019-07-10T14:58:16,4.4,6.997675171749436,10,2019-07-10 14:58:16+00:00,True,213
189916,2019-08-08T11:26:21,-74.922,-38.315,31.77,5.3,mw,,,5.0,0.144,,,,,,,,,,,,,USGS,,outer_rise,,outer_rise,2019-08-08T11:26:21,4.4,6.997675171749436,10,2019-08-08 11:26:21+00:00,True,97
190620,2019-09-01T05:00:08,-72.589,-30.218,10.0,4.7,mw,,,1.4,0.177,,,,,,,,,,,,,USGS,,outer_rise,,outer_rise,2019-09-01T05:00:08,4.4,6.997675171749436,10,2019-09-01 05:00:08+00:00,True,241
190988,2019-09-14T12:22:44,-73.353,-33.965,10.0,5.3,mw,,,1.9,0.042,,,,,,,,,,,,,USGS,,outer_rise,,outer_rise,2019-09-14T12:22:44,4.4,6.997675171749436,10,2019-09-14 12:22:44+00:00,True,98
194493,2020-01-14T02:04:03,-74.011,-34.786,10.0,4.9,mw,,,1.9,0.15,,,,,,,,,,,,,USGS,,outer_rise,,outer_rise,2020-01-14T02:04:03,4.4,6.997675171749436,10,2020-01-14 02:04:03+00:00,True,190
196108,2020-03-11T17:04:30,-72.52,-30.31,32.2,4.9,mw,0.04,0.04,1.1,,2.0,28.0,91.0,181.0,62.0,90.0,,,,,,,GCMT,,outer_rise,,outer_rise,2020-03-11T17:04:30,4.4,6.997675171749436,10,2020-03-11 17:04:30+00:00,True,191
196553,2020-03-27T01:10:01,-74.116,-35.353,10.0,5.0,mw,,,1.8,0.098,,,,,,,,,,,,,USGS,,outer_rise,,outer_rise,2020-03-27T01:10:01,4.4,6.997675171749436,10,2020-03-27 01:10:01+00:00,True,164
199252,2020-07-02T20:05:27,-73.411,-34.511,10.0,4.7,mw,,,1.9,0.201,,,,,,,,,,,,,USGS,,outer_rise,,outer_rise,2020-07-02T20:05:27,4.4,6.997675171749436,10,2020-07-02 20:05:27+00:00,True,242
199835,2020-07-24T10:08:37,-74.653,-16.579,10.0,4.6,mw,,,1.9,0.187,,,,,,,,,,,,,USGS,,outer_rise,,outer_rise,2020-07-24T10:08:37,4.4,6.997675171749436,10,2020-07-24 10:08:37+00:00,True,259
201747,2020-09-17T18:44:47,-72.872,-31.104,10.08,4.8,mw,,,2.0,0.203,,,,,,,,,,,,,USGS,,outer_rise,,outer_rise,2020-09-17T18:44:47,4.4,6.997675171749436,10,2020-09-17 18:44:47+00:00,True,214
202296,2020-10-06T05:06:40,-75.162,-38.343,10.0,5.2,mw,,,,,,,,,,,,,,,,,ISC,,outer_rise,,outer_rise,2020-10-06T05:06:40,4.4,6.997675171749436,10,2020-10-06 05:06:40+00:00,True,121
204507,2020-12-19T10:38:54,-72.726,-28.837,8.0,4.9,mw,,,,,,,,,,,,,,,,,ISC,,outer_rise,,outer_rise,2020-12-19T10:38:54,4.4,6.997675171749436,10,2020-12-19 10:38:54+00:00,True,192
204788,2020-12-27T07:11:14,-74.33,-16.22,39.4,5.7,mw,0.01,0.01,0.3,,276.0,41.0,65.0,128.0,53.0,110.0,3.7737e+17,-3.816e+17,4230000000000000.0,4300000000000000.0,1.545e+16,1.2154e+17,GCMT,,outer_rise,,outer_rise,2020-12-27T07:11:14,4.4,6.997675171749436,10,2020-12-27 07:11:14+00:00,True,36
204794,2020-12-27T22:02:41,-75.099,-39.356,35.0,4.4,mw,,,,,,,,,,,,,,,,,ISC,,outer_rise,,outer_rise,2020-12-27T22:02:41,4.4,6.997675171749436,10,2020-12-27 22:02:41+00:00,True,296
205088,2021-01-05T16:05:40,-72.445,-27.472,10.0,4.4,mw,,,0.0,,,,,,,,,,,,,,CSN-improved,,outer_rise,,outer_rise,2021-01-05T16:05:40,4.4,6.997675171749436,10,2021-01-05 16:05:40+00:00,True,297
205539,2021-01-21T16:00:35,-71.775,-27.23,35.4,4.4,mw,,,5.4,,,,,,,,,,,,,,CSN-improved,,outer_rise,,outer_rise,2021-01-21T16:00:35,4.4,6.997675171749436,10,2021-01-21 16:00:35+00:00,True,298
206446,2021-02-24T17:05:50,-72.243,-28.589,26.0,4.5,mw,,,4.8,,,,,,,,,,,,,,CSN-improved,,outer_rise,,outer_rise,2021-02-24T17:05:50,4.4,6.997675171749436,10,2021-02-24 17:05:50+00:00,True,273
206585,2021-03-02T03:43:47,-73.27,-31.252,35.0,4.5,mw,,,2.0,0.262,,,,,,,,,,,,,USGS,,outer_rise,,outer_rise,2021-03-02T03:43:47,4.4,6.997675171749436,10,2021-03-02 03:43:47+00:00,True,274
207343,2021-04-04T17:50:23,-74.994,-37.286,35.0,4.4,mw,,,,,,,,,,,,,,,,,ISC,,outer_rise,,outer_rise,2021-04-04T17:50:23,4.4,6.997675171749436,10,2021-04-04 17:50:23+00:00,True,299
207784,2021-04-21T00:38:44,-71.419,-21.349,5.0,4.8,mw,,,,,,,,,,,,,,,,,ISC,,outer_rise,,outer_rise,2021-04-21T00:38:44,4.4,6.997675171749436,10,2021-04-21 00:38:44+00:00,True,215
208861,2021-05-28T10:00:29,-73.276,-33.811,20.0,4.4,mw,,,0.0,,,,,,,,,,,,,,CSN-improved,,outer_rise,,outer_rise,2021-05-28T10:00:29,4.4,6.997675171749436,10,2021-05-28 10:00:29+00:00,True,300
208929,2021-05-31T11:04:35,-71.82,-23.363,10.0,4.9,mw,,,1.8,0.06,,,,,,,,,,,,,USGS,,outer_rise,,outer_rise,2021-05-31T11:04:35,4.4,6.997675171749436,10,2021-05-31 11:04:35+00:00,True,193
209072,2021-06-05T03:05:00,-74.1,-35.01,19.0,5.4,mw,,,,,19.0,33.0,-114.0,226.0,60.0,-75.0,-1.0279e+17,3.203e+16,7.076e+16,1.0888e+17,5.789e+16,5.71e+16,GCMT,,outer_rise,,outer_rise,2021-06-05T03:05:00,4.4,6.997675171749436,10,2021-06-05 03:05:00+00:00,True,76
209149,2021-06-08T07:21:47,-74.155,-16.689,10.0,5.2,mw,,,1.8,0.066,,,,,,,,,,,,,USGS,,outer_rise,,outer_rise,2021-06-08T07:21:47,4.4,6.997675171749436,10,2021-06-08 07:21:47+00:00,True,122
210641,2021-07-24T13:55:59,-73.487,-34.355,11.0,5.0,mw,,,,,,,,,,,,,,,,,ISC,,outer_rise,,outer_rise,2021-07-24T13:55:59,4.4,6.997675171749436,10,2021-07-24 13:55:59+00:00,True,165
210785,2021-07-30T00:18:36,-71.845,-27.137,2.0,4.8,mw,,,,,,,,,,,,,,,,,ISC,,outer_rise,,outer_rise,2021-07-30T00:18:36,4.4,6.997675171749436,10,2021-07-30 00:18:36+00:00,True,216
210890,2021-08-03T05:17:32,-74.923,-38.662,10.0,4.6,mw,,,1.9,0.176,,,,,,,,,,,,,USGS,,outer_rise,,outer_rise,2021-08-03T05:17:32,4.4,6.997675171749436,10,2021-08-03 05:17:32+00:00,True,260
211147,2021-08-12T05:29:24,-71.351,-19.877,14.0,4.9,mw,,,,,,,,,,,,,,,,,ISC,,outer_rise,,outer_rise,2021-08-12T05:29:24,4.4,6.997675171749436,10,2021-08-12 05:29:24+00:00,True,194
211304,2021-08-16T10:14:47,-74.744,-36.014,10.0,5.2,mw,,,,,,,,,,,,,,,,,ISC,,outer_rise,,outer_rise,2021-08-16T10:14:47,4.4,6.997675171749436,10,2021-08-16 10:14:47+00:00,True,123
211563,2021-08-24T16:20:43,-72.801,-30.889,10.0,4.8,mw,,,1.9,0.22,,,,,,,,,,,,,USGS,,outer_rise,,outer_rise,2021-08-24T16:20:43,4.4,6.997675171749436,10,2021-08-24 16:20:43+00:00,True,217
211888,2021-09-02T15:25:06,-72.856,-32.107,10.0,5.2,mw,,,1.9,0.135,,,,,,,,,,,,,USGS,,outer_rise,,outer_rise,2021-09-02T15:25:06,4.4,6.997675171749436,10,2021-09-02 15:25:06+00:00,True,124
212263,2021-09-13T11:22:04,-74.902,-37.345,16.7,4.6,mw,,,5.1,,,,,,,,,,,,,,CSN-improved,,outer_rise,,outer_rise,2021-09-13T11:22:04,4.4,6.997675171749436,10,2021-09-13 11:22:04+00:00,True,261
212616,2021-09-21T15:27:17,-74.538,-36.548,14.1,4.9,mw,,,,,,,,,,,,,,,,,CSN-improved,,outer_rise,,outer_rise,2021-09-21T15:27:17,4.4,6.997675171749436,10,2021-09-21 15:27:17+00:00,True,195
214772,2021-11-08T06:16:27,-73.343,-33.99,10.0,4.8,mw,,,1.5,0.048,39.0,32.0,-100.0,231.0,59.0,-84.0,-3.63e+16,1.81e+16,1.82e+16,1.6e+16,9660000000000000.0,1.57e+16,USGS,,outer_rise,,outer_rise,2021-11-08T06:16:27,4.4,6.997675171749436,10,2021-11-08 06:16:27+00:00,True,218
215115,2021-11-16T18:10:30,-72.3,-26.6,31.0,4.4,mw,,,,,,,,,,,,,,,,,CSN-improved,,outer_rise,,outer_rise,2021-11-16T18:10:30,4.4,6.997675171749436,10,2021-11-16 18:10:30+00:00,True,301
215821,2021-12-02T23:31:28,-74.747,-16.529,10.0,4.5,mw,,,2.0,0.262,,,,,,,,,,,,,USGS,,outer_rise,,outer_rise,2021-12-02T23:31:28,4.4,6.997675171749436,10,2021-12-02 23:31:28+00:00,True,275
216185,2021-12-11T00:55:10,-72.746,-30.387,10.0,4.5,mw,,,1.5,0.198,,,,,,,,,,,,,USGS,,outer_rise,,outer_rise,2021-12-11T00:55:10,4.4,6.997675171749436,10,2021-12-11 00:55:10+00:00,True,276
217202,2022-01-07T02:14:52,-75.174,-37.702,10.0,4.8,mw,,,,,,,,,,,,,,,,,ISC,,outer_rise,,outer_rise,2022-01-07T02:14:52,4.4,6.997675171749436,10,2022-01-07 02:14:52+00:00,True,219
218428,2022-02-09T14:30:31,-74.573,-16.01,10.0,4.8,mw,,,,,,,,,,,,,,,,,ISC,,outer_rise,,outer_rise,2022-02-09T14:30:31,4.4,6.997675171749436,10,2022-02-09 14:30:31+00:00,True,220
221464,2022-05-05T21:05:00,-73.07,-33.14,38.0,5.2,mw,,,,,218.0,45.0,118.0,1.0,51.0,65.0,3.851e+16,8030000000000000.0,-4.654e+16,-1.6496e+16,1.0784e+16,-1.6799e+16,GCMT,,outer_rise,,outer_rise,2022-05-05T21:05:00,4.4,6.997675171749436,10,2022-05-05 21:05:00+00:00,True,125
221803,2022-05-15T04:29:02,-74.25,-35.026,21.6,4.7,mw,,,8.3,,,,,,,,,,,,,,CSN-improved,,outer_rise,,outer_rise,2022-05-15T04:29:02,4.4,6.997675171749436,10,2022-05-15 04:29:02+00:00,True,243
221830,2022-05-16T13:33:45,-73.071,-17.918,10.0,5.0,mw,,,1.9,0.137,,,,,,,,,,,,,USGS,,outer_rise,,outer_rise,2022-05-16T13:33:45,4.4,6.997675171749436,10,2022-05-16 13:33:45+00:00,True,166
222118,2022-05-26T12:14:23,-73.683,-34.627,35.0,5.3,mw,,,3.9,,,,,,,,,,,,,,CSN-improved,,outer_rise,,outer_rise,2022-05-26T12:14:23,4.4,6.997675171749436,10,2022-05-26 12:14:23+00:00,True,99
222981,2022-06-21T07:33:56,-74.198,-16.252,35.0,5.2,mw,,,1.847,0.049,,,,,,,,,,,,,USGS,,outer_rise,,outer_rise,2022-06-21T07:33:56,4.4,6.997675171749436,10,2022-06-21 07:33:56+00:00,True,126
223030,2022-06-22T07:52:57,-73.576,-29.239,26.9,4.7,mw,,,0.0,,,,,,,,,,,,,,CSN-improved,,outer_rise,,outer_rise,2022-06-22T07:52:57,4.4,6.997675171749436,10,2022-06-22 07:52:57+00:00,True,244
223078,2022-06-23T06:52:40,-74.043,-29.001,10.0,4.4,mw,,,1.954,,,,,,,,,,,,,,USGS,,outer_rise,,outer_rise,2022-06-23T06:52:40,4.4,6.997675171749436,10,2022-06-23 06:52:40+00:00,True,302
223184,2022-06-26T02:02:00,-73.94,-17.24,12.0,5.6,mw,,,,,103.0,35.0,-89.0,281.0,55.0,-91.0,-4.2773e+17,3.5098e+17,7.675e+16,8.738e+16,-3.308e+16,-2.367e+16,GCMT,,outer_rise,,outer_rise,2022-06-26T02:02:00,4.4,6.997675171749436,10,2022-06-26 02:02:00+00:00,True,48
225230,2022-08-23T03:09:18,-74.718,-37.897,10.0,4.9,mw,,,1.893,0.11,,,,,,,,,,,,,USGS,,outer_rise,,outer_rise,2022-08-23T03:09:18,4.4,6.997675171749436,10,2022-08-23 03:09:18+00:00,True,196
226737,2022-09-30T12:09:28,-75.347,-16.112,0.0,4.6,mw,,,,,,,,,,,,,,,,,ISC,,outer_rise,,outer_rise,2022-09-30T12:09:28,4.4,6.997675171749436,10,2022-09-30 12:09:28+00:00,True,262
227358,2022-10-18T20:02:21,-74.73,-17.056,10.0,4.4,mw,,,,,,,,,,,,,,,,,ISC,,outer_rise,,outer_rise,2022-10-18T20:02:21,4.4,6.997675171749436,10,2022-10-18 20:02:21+00:00,True,303
229702,2022-12-27T23:43:54,-72.716,-32.659,33.8,4.7,mw,,,4.0,,,,,,,,,,,,,,CSN-improved,,outer_rise,,outer_rise,2022-12-27T23:43:54,4.4,6.997675171749436,10,2022-12-27 23:43:54+00:00,True,245
