id,time_iso,longitude,latitude,depth,mag,mag_type,lon_error,lat_error,depth_error,mag_error,strike1,dip1,rake1,strike2,dip2,rake2,Mrr,Mtt,Mpp,Mrt,Mrp,Mtp,source,dups,class_raw,sub_depth,class,time,mc_window,tc_years,mc_window_index,time_dt,is_mainshock,cluster_id
197,1907-06-13T09:18:11,-72.153,-40.055,15.0,6.9,mw,,,25.0,0.28,,,,,,,,,,,,,ISC-GEM,,intraarc_shallow,,intraarc,1907-06-13T09:18:11,6.8,49.99863107460644,1,1907-06-13 09:18:11+00:00,True,5
258,1922-03-28T03:57:54,-68.0,-21.0,90.0,7.2,mw,,,,0.2,,,,,,,,,,,,,CERESIS-GEM,,intraarc_deep,,intraarc,1922-03-28T03:57:54,6.8,49.99863107460644,1,1922-03-28 03:57:54+00:00,True,2
331,1927-11-21T23:12:34,-72.686,-44.861,15.0,7.0,mw,,,25.0,0.2,,,,,,,,,,,,,ISC-GEM,,intraarc_shallow,,intraarc,1927-11-21T23:12:34,6.8,49.99863107460644,1,1927-11-21 23:12:34+00:00,True,4
669,1949-04-25T13:55:00,-69.107,-19.753,69.6,7.2,mw,,,,0.29,,,,,,,,,,,,,CERESIS-GEM,,intraarc_deep,,intraarc,1949-04-25T13:55:00,6.8,49.99863107460644,1,1949-04-25 13:55:00+00:00,True,3
729,1953-07-31T22:57:36,-69.905,-34.25,15.0,6.0,mw,,,3.8,0.73,,,,,,,,,,,,,USGS,,intraarc_shallow,,intraarc,1953-07-31T22:57:36,5.9,25.998631074606436,2,1953-07-31 22:57:36+00:00,True,18
767,1955-07-28T01:59:34,-72.026,-40.8,15.0,6.1,mw,,,25.0,0.27,,,,,,,,,,,,,ISC-GEM,,intraarc_shallow,,intraarc,1955-07-28T01:59:34,5.9,25.998631074606436,2,1955-07-28 01:59:34+00:00,True,14
804,1957-09-06T00:17:55,-68.0,-20.0,100.0,6.0,mw,,,,0.29,,,,,,,,,,,,,CERESIS-GEM,,intraarc_deep,,intraarc,1957-09-06T00:17:55,5.9,25.998631074606436,2,1957-09-06 00:17:55+00:00,True,19
835,1958-09-04T21:51:16,-69.958,-33.832,15.0,6.8,mw,,,3.8,0.22,,,,,,,,,,,,,ISC-GEM,,intraarc_shallow,,intraarc,1958-09-04T21:51:16,5.9,25.998631074606436,2,1958-09-04 21:51:16+00:00,True,6
918,1960-06-02T05:58:07,-74.058,-46.215,15.0,6.1,mw,,,25.0,0.2,,,,,,,,,,,,,ISC-GEM,,intraarc_shallow,,intraarc,1960-06-02T05:58:07,5.9,25.998631074606436,2,1960-06-02 05:58:07+00:00,True,15
922,1960-06-06T05:55:49,-72.889,-45.785,15.0,7.7,mw,,,25.0,0.2,,,,,,,,,,,,,ISC-GEM,,intraarc_shallow,,intraarc,1960-06-06T05:55:49,5.9,25.998631074606436,2,1960-06-06 05:55:49+00:00,True,1
1001,1961-11-09T04:19:42,-67.9,-22.9,84.0,6.3,mw,,,,0.2,,,,,,,,,,,,,CERESIS-GEM,,intraarc_deep,,intraarc,1961-11-09T04:19:42,5.9,25.998631074606436,2,1961-11-09 04:19:42+00:00,True,9
1035,1962-09-29T05:21:50,-68.0,-20.0,26.0,6.0,mw,,,,0.29,,,,,,,,,,,,,CERESIS-GEM,,intraarc_shallow,,intraarc,1962-09-29T05:21:50,5.9,25.998631074606436,2,1962-09-29 05:21:50+00:00,True,20
1607,1965-11-28T03:56:47,-72.958,-45.847,25.0,6.2,mw,,,25.0,0.3,22.0,58.0,-162.0,282.0,75.0,-33.0,,,,,,,ISC-GEM,,intraarc_shallow,,intraarc,1965-11-28T03:56:47,5.9,25.998631074606436,2,1965-11-28 03:56:47+00:00,True,13
4189,1973-11-03T14:17:41,-67.613,-25.974,17.5,6.0,mw,,,25.0,0.3,31.0,52.0,148.0,142.0,65.0,43.0,,,,,,,ISC-GEM,,intraarc_shallow,,intraarc,1973-11-03T14:17:41,5.9,25.998631074606436,2,1973-11-03 14:17:41+00:00,True,21
5078,1976-11-30T00:40:59,-68.76,-20.443,78.0,6.7,mw,,,,,181.0,27.0,-73.0,342.0,64.0,-99.0,-1.79e+20,-3.5e+19,2.14e+20,5.500000000000001e+19,-1.42e+20,-4.4e+19,ISC,,intraarc_deep,,intraarc,1976-11-30T00:40:59,5.8,10.001368925393566,3,1976-11-30 00:40:59+00:00,True,7
5114,1976-12-28T13:51:57,-68.478,-21.305,75.0,6.1,mw,,,5.0,0.39,,,,,,,,,,,,,ISC-GEM,,intraarc_deep,,intraarc,1976-12-28T13:51:57,5.8,10.001368925393566,3,1976-12-28 13:51:57+00:00,True,16
5393,1977-11-28T18:40:17,-69.084,-32.032,86.0,5.9,mw,,,,,,,,,,,,,,,,,USGS,,intraarc_deep,,intraarc,1977-11-28T18:40:17,5.8,10.001368925393566,3,1977-11-28 18:40:17+00:00,True,24
6270,1981-06-16T05:41:49,-68.337,-21.486,76.1,5.8,mw,,,3.8,,118.0,40.0,-128.0,344.0,59.0,-62.0,-1.2430000000000002e+17,3.1e+16,9.33e+16,-700000000000000.0,-7.019999999999999e+16,-1.165e+17,USGS,,intraarc_deep,,intraarc,1981-06-16T05:41:49,5.8,10.001368925393566,3,1981-06-16 05:41:49+00:00,True,28
6664,1982-12-31T03:47:34,-67.8,-20.53,10.1,6.0,mw,0.09,0.12,0.0,,340.0,11.0,130.0,119.0,82.0,83.0,4.358e+17,-9.05e+16,-3.453e+17,9.568e+17,-4.646e+17,3.44e+16,GCMT,,intraarc_shallow,,intraarc,1982-12-31T03:47:34,5.8,10.001368925393566,3,1982-12-31 03:47:34+00:00,True,22
9583,1987-09-13T20:08:53,-70.0,-34.59,15.0,5.9,mw,0.04,0.03,0.0,,27.0,58.0,176.0,119.0,87.0,32.0,-2200000000000000.0,5.529e+17,-5.507e+17,4.011e+17,-1.2410000000000002e+17,3.47e+17,GCMT,,intraarc_shallow,,intraarc,1987-09-13T20:08:53,5.8,11.000684462696784,4,1987-09-13 20:08:53+00:00,True,25
15462,1991-08-15T12:16:16,-72.815,-45.884,10.0,5.9,mw,,,4.5,0.2,,,,,,,,,,,,,ISC-GEM,,intraarc_shallow,,intraarc,1991-08-15T12:16:16,5.8,11.000684462696784,4,1991-08-15 12:16:16+00:00,True,26
27606,1997-07-25T15:03:52,-69.266,-26.021,52.5,5.4,mw,,,12.9,,,,,,,,,,,,,,USGS,,intraarc_deep,,intraarc,1997-07-25T15:03:52,5.4,4.999315537303217,5,1997-07-25 15:03:52+00:00,True,36
28885,1998-02-20T08:34:00,-69.048,-31.965,31.6,5.5,mw,,,,,,,,,,,,,,,,,USGS,,intraarc_shallow,,intraarc,1998-02-20T08:34:00,5.4,4.999315537303217,5,1998-02-20 08:34:00+00:00,True,33
32080,1999-03-05T03:35:19,-70.25,-34.75,15.0,5.9,mw,0.04,0.04,0.0,,170.0,12.0,69.0,12.0,79.0,94.0,3.858e+17,-2.7300000000000004e+16,-3.585e+17,2.023e+17,8.644e+17,4500000000000000.0,GCMT,,intraarc_shallow,,intraarc,1999-03-05T03:35:19,5.4,4.999315537303217,5,1999-03-05 03:35:19+00:00,True,27
32273,1999-03-27T11:13:35,-71.85,-40.32,15.0,5.4,mw,0.07,0.05,0.0,,174.0,72.0,174.0,266.0,85.0,18.0,-1.28e+16,-2e+16,3.27e+16,-5.779999999999999e+16,-3.24e+16,1.7e+17,GCMT,,intraarc_shallow,,intraarc,1999-03-27T11:13:35,5.4,4.999315537303217,5,1999-03-27 11:13:35+00:00,True,37
38398,2001-07-24T05:00:16,-69.18,-19.44,15.0,6.3,mw,0.01,0.01,0.0,,14.0,46.0,-169.0,276.0,82.0,-44.0,-6.47e+17,1.159e+18,-5.12e+17,2.351e+18,-6.64e+17,2.424e+18,GCMT,,intraarc_shallow,,intraarc,2001-07-24T05:00:16,5.4,5.9986310746064335,6,2001-07-24 05:00:16+00:00,True,10
40400,2002-01-14T15:36:32,-68.6,-19.22,38.4,5.6,mw,0.05,0.04,3.0,,13.0,53.0,-167.0,275.0,80.0,-37.0,-9.39e+16,1.443e+17,-5.04e+16,1.617e+17,-9700000000000000.0,2.347e+17,GCMT,,intraarc_shallow,,intraarc,2002-01-14T15:36:32,5.4,5.9986310746064335,6,2002-01-14 15:36:32+00:00,True,30
52159,2004-08-28T13:41:35,-70.36,-35.21,16.0,6.5,mw,0.01,0.01,0.0,,21.0,61.0,-178.0,290.0,88.0,-29.0,-2e+17,4.190000000000001e+18,-3.99e+18,3.18e+18,-1.36e+18,4.78e+18,CSN-improved,,intraarc_shallow,,intraarc,2004-08-28T13:41:35,5.4,5.9986310746064335,6,2004-08-28 13:41:35+00:00,True,8
64738,2006-12-31T14:55:06,-71.4,-38.04,17.7,5.5,mw,0.01,0.01,0.7,,31.0,86.0,178.0,121.0,88.0,4.0,1.64e+16,2.15e+17,-2.32e+17,1.7100000000000002e+16,-600000000000000.0,1.16e+17,GCMT,,intraarc_shallow,,intraarc,2006-12-31T14:55:06,5.4,5.9986310746064335,6,2006-12-31 14:55:06+00:00,True,34
66379,2007-04-21T17:53:48,-72.95,-45.48,12.0,6.24,mw,0.01,0.0,0.0,,84.0,86.0,2.0,354.0,88.0,176.0,-9.12e+17,-1.2e+17,1.03e+18,1.85e+17,2.8000000000000003e+17,2.77e+18,CSN-improved,,intraarc_shallow,,intraarc,2007-04-21T17:53:48,5.3,3.0006844626967832,7,2007-04-21 17:53:48+00:00,True,12
72999,2008-05-28T18:16:13,-72.508,-42.054,21.8,5.5,mw,,,3.6,,,,,,,,,,,,,,CSN-improved,,intraarc_shallow,,intraarc,2008-05-28T18:16:13,5.3,3.0006844626967832,7,2008-05-28 18:16:13+00:00,True,35
76110,2008-11-16T19:12:45,-72.439,-43.548,36.0,5.3,mw,,,11.3,,,,,,,,,,,,,,USGS,,intraarc_shallow,,intraarc,2008-11-16T19:12:45,5.3,3.0006844626967832,7,2008-11-16 19:12:45+00:00,True,45
83400,2010-02-27T06:51:14,-69.211,-31.68,15.0,6.1,mw,,,9.9,0.49,,,,,,,,,,,,,ISC-GEM,,intraarc_shallow,,intraarc,2010-02-27T06:51:14,5.3,3.0006844626967832,8,2010-02-27 06:51:14+00:00,True,17
83479,2010-02-27T09:25:19,-71.837,-37.701,35.0,5.3,mw,,,,,,,,,,,,,,,,,USGS,,intraarc_shallow,,intraarc,2010-02-27T09:25:19,5.3,3.0006844626967832,8,2010-02-27 09:25:19+00:00,True,46
84252,2010-03-02T21:56:42,-69.148,-30.358,31.5,5.4,mw,,,4.7,0.29,,,,,,,,,,,,,ISC-GEM,,intraarc_shallow,,intraarc,2010-03-02T21:56:42,5.3,3.0006844626967832,8,2010-03-02 21:56:42+00:00,True,38
84561,2010-03-04T10:53:54,-69.919,-35.869,35.0,5.4,mw,,,,,,,,,,,,,,,,,USGS,,intraarc_shallow,,intraarc,2010-03-04T10:53:54,5.3,3.0006844626967832,8,2010-03-04 10:53:54+00:00,True,39
85575,2010-03-13T16:33:16,-69.708,-34.137,25.7,5.3,mw,,,21.2,,,,,,,,,,,,,,USGS,,intraarc_shallow,,intraarc,2010-03-13T16:33:16,5.3,3.0006844626967832,8,2010-03-13 16:33:16+00:00,True,47
85952,2010-03-17T17:38:34,-72.507,-43.999,15.0,5.4,mw,,,25.0,0.1,100.0,88.0,-22.0,191.0,68.0,-178.0,-9300000000000000.0,6.34e+16,-5.41e+16,-6.19e+16,1.26e+16,1.47e+17,ISC-GEM,,intraarc_shallow,,intraarc,2010-03-17T17:38:34,5.3,3.0006844626967832,8,2010-03-17 17:38:34+00:00,True,40
85953,2010-03-17T17:38:37,-73.03,-44.36,12.0,5.4,mw,0.01,0.01,0.0,,191.0,68.0,-178.0,100.0,88.0,-22.0,-9300000000000000.0,6.34e+16,-5.41e+16,-6.19e+16,1.26e+16,1.47e+17,GCMT,,intraarc_shallow,,intraarc,2010-03-17T17:38:37,5.3,3.0006844626967832,8,2010-03-17 17:38:37+00:00,True,41
91882,2010-08-15T07:50:37,-71.337,-36.975,32.7,5.6,mw,,,5.5,,290.0,58.0,-9.0,25.0,82.0,-148.0,-1.84e+16,6.08e+16,-4.24e+16,-1.49e+16,-4.18e+16,5.540000000000001e+16,CSN-improved,,intraarc_shallow,,intraarc,2010-08-15T07:50:37,5.3,3.0006844626967832,8,2010-08-15 07:50:37+00:00,True,31
92510,2010-09-06T10:47:45,-70.491,-35.322,13.4,5.3,mw,,,8.1,,,,,,,,,,,,,,CSN-improved,,intraarc_shallow,,intraarc,2010-09-06T10:47:45,5.3,3.0006844626967832,8,2010-09-06 10:47:45+00:00,True,48
101279,2011-06-04T13:58:56,-72.177,-40.444,12.7,5.3,mw,,,,,,,,,,,,,,,,,USGS,,intraarc_shallow,,intraarc,2011-06-04T13:58:56,5.3,3.0006844626967832,8,2011-06-04 13:58:56+00:00,True,49
105966,2011-10-11T20:17:12,-69.23,-26.542,20.8,5.4,mw,,,14.4,,,,,,,,,,,,,,USGS,,intraarc_shallow,,intraarc,2011-10-11T20:17:12,5.3,3.0006844626967832,8,2011-10-11 20:17:12+00:00,True,42
112856,2012-06-07T04:05:10,-70.97,-36.23,16.8,6.0,mw,0.01,0.01,0.5,,2.0,69.0,-173.0,269.0,84.0,-21.0,-2.67e+17,1.78e+17,8.9e+16,3.92e+17,-1.6e+16,1.15e+18,GCMT,,intraarc_shallow,,intraarc,2012-06-07T04:05:10,5.3,3.0006844626967832,8,2012-06-07 04:05:10+00:00,True,23
119948,2013-01-13T23:28:31,-69.262,-32.901,20.0,4.0,mw,,,,,,,,,,,,,,,,,ISC,,intraarc_shallow,,intraarc,2013-01-13T23:28:31,,,-1,2013-01-13 23:28:31+00:00,True,68
120620,2013-01-30T21:13:58,-69.46,-29.896,8.8,4.8,mw,,,7.1,,,,,,,,,,,,,,CSN-improved,,intraarc_shallow,,intraarc,2013-01-30T21:13:58,,,-1,2013-01-30 21:13:58+00:00,True,56
122297,2013-03-19T11:41:55,-69.567,-27.873,8.5,4.9,mw,,,5.2,,,,,,,,,,,,,,CSN-improved,,intraarc_shallow,,intraarc,2013-03-19T11:41:55,,,-1,2013-03-19 11:41:55+00:00,True,55
124055,2013-05-11T15:39:29,-69.4,-26.2,15.2,5.3,mw,0.01,0.01,0.5,,11.0,48.0,53.0,240.0,54.0,124.0,9.19e+16,-2.84e+16,-6.35e+16,-5.45e+16,2.71e+16,-4.53e+16,GCMT,,intraarc_shallow,,intraarc,2013-05-11T15:39:29,,,-1,2013-05-11 15:39:29+00:00,True,50
124483,2013-05-24T18:50:32,-69.258,-30.51,42.7,5.0,mw,,,5.5,,,,,,,,,,,,,,USGS,,intraarc_deep,,intraarc,2013-05-24T18:50:32,,,-1,2013-05-24 18:50:32+00:00,True,54
125080,2013-06-13T04:30:29,-69.582,-17.386,0.0,4.1,mw,,,,,,,,,,,,,,,,,ISC,,intraarc_shallow,,intraarc,2013-06-13T04:30:29,,,-1,2013-06-13 04:30:29+00:00,True,63
125275,2013-06-20T01:15:52,-67.403,-22.922,0.0,4.1,mw,,,,,,,,,,,,,,,,,ISC,,intraarc_shallow,,intraarc,2013-06-20T01:15:52,,,-1,2013-06-20 01:15:52+00:00,True,64
125522,2013-06-29T16:10:52,-69.225,-31.905,26.7903,4.2,mw,,,,,,,,,,,,,,,,,CSN-improved,,intraarc_shallow,,intraarc,2013-06-29T16:10:52,,,-1,2013-06-29 16:10:52+00:00,True,60
125854,2013-07-11T10:30:19,-69.156,-19.821,3.5951,4.1,mw,,,,,,,,,,,,,,,,,CSN-improved,,intraarc_shallow,,intraarc,2013-07-11T10:30:19,,,-1,2013-07-11 10:30:19+00:00,True,65
126210,2013-07-22T13:54:45,-69.54,-26.771,8.8062,5.2,mw,,,,,,,,,,,,,,,,,CSN-improved,,intraarc_shallow,,intraarc,2013-07-22T13:54:45,,,-1,2013-07-22 13:54:45+00:00,True,53
126585,2013-08-02T15:33:03,-69.526,-30.202,15.8,4.6,mw,,,5.7,,,,,,,,,,,,,,CSN-improved,,intraarc_shallow,,intraarc,2013-08-02T15:33:03,,,-1,2013-08-02 15:33:03+00:00,True,58
128292,2013-09-30T06:51:24,-66.912,-23.256,139.9001,4.2,mw,,,,,,,,,,,,,,,,,CSN-improved,,intraarc_deep,,intraarc,2013-09-30T06:51:24,,,-1,2013-09-30 06:51:24+00:00,True,61
128936,2013-10-18T22:53:08,-67.861,-26.213,35.0,4.2,mw,,,,,,,,,,,,,,,,,ISC,,intraarc_shallow,,intraarc,2013-10-18T22:53:08,,,-1,2013-10-18 22:53:08+00:00,True,62
128934,2013-10-18T22:53:10,-67.47,-26.042,49.57,4.7,mw,,,7.1,0.265,,,,,,,,,,,,,USGS,,intraarc_deep,,intraarc,2013-10-18T22:53:10,,,-1,2013-10-18 22:53:10+00:00,True,57
129908,2013-11-11T16:16:55,-69.638,-31.836,14.3,4.0,mw,,,10.2,,,,,,,,,,,,,,CSN-improved,,intraarc_shallow,,intraarc,2013-11-11T16:16:55,,,-1,2013-11-11 16:16:55+00:00,True,69
130042,2013-11-14T04:20:57,-71.202,-36.71,36.8932,4.4,mw,,,,,,,,,,,,,,,,,CSN-improved,,intraarc_shallow,,intraarc,2013-11-14T04:20:57,,,-1,2013-11-14 04:20:57+00:00,True,59
130382,2013-11-22T02:25:29,-70.564,-36.838,7.2139,4.1,mw,,,,,,,,,,,,,,,,,CSN-improved,,intraarc_shallow,,intraarc,2013-11-22T02:25:29,,,-1,2013-11-22 02:25:29+00:00,True,66
131407,2013-12-15T09:37:51,-70.341,-33.998,10.0,4.1,mw,,,,,,,,,,,,,,,,,ISC,,intraarc_shallow,,intraarc,2013-12-15T09:37:51,,,-1,2013-12-15 09:37:51+00:00,True,67
131810,2013-12-27T21:07:12,-67.913,-25.144,40.0,4.0,mw,,,,,,,,,,,,,,,,,ISC,,intraarc_shallow,,intraarc,2013-12-27T21:07:12,,,-1,2013-12-27 21:07:12+00:00,True,70
134944,2014-03-27T23:51:00,-68.74,-29.31,27.5,5.7,mw,0.01,0.01,0.7,,185.0,63.0,177.0,277.0,87.0,28.0,3.55e+16,-3.78e+16,2300000000000000.0,-7.39e+16,-2.623e+17,3.394e+17,GCMT,,intraarc_shallow,,intraarc,2014-03-27T23:51:00,5.3,1.998631074606434,9,2014-03-27 23:51:00+00:00,True,29
159114,2017-02-03T00:52:31,-69.51,-33.07,19.5,5.4,mw,0.01,0.01,0.6,,138.0,46.0,-15.0,238.0,79.0,-135.0,-6.798e+16,1.7209e+17,-1.0411e+17,4.469e+16,6.922e+16,-7630000000000000.0,GCMT,,intraarc_shallow,,intraarc,2017-02-03T00:52:31,5.3,6.997675171749436,10,2017-02-03 00:52:31+00:00,True,43
173941,2018-05-28T21:00:46,-66.92,-24.42,10.0,5.3,mw,,,,,,,,,,,,,,,,,ISC,,intraarc_shallow,,intraarc,2018-05-28T21:00:46,5.3,6.997675171749436,10,2018-05-28 21:00:46+00:00,True,51
174476,2018-06-16T11:35:25,-70.492,-33.993,10.0,5.3,mw,,,1.9,0.108,,,,,,,,,,,,,USGS,,intraarc_shallow,,intraarc,2018-06-16T11:35:25,5.3,6.997675171749436,10,2018-06-16 11:35:25+00:00,True,52
205472,2021-01-19T02:46:22,-69.031,-31.833,5.3,6.3,mw,,,3.7,,226.96,57.09,174.66,319.87,85.52,33.02,5.964e+17,4.5685e+18,-5.1649e+18,-2.2109e+18,2.2255e+18,-5.427e+17,CSN-improved,,intraarc_shallow,,intraarc,2021-01-19T02:46:22,5.3,6.997675171749436,10,2021-01-19 02:46:22+00:00,True,11
211494,2021-08-22T20:19:58,-68.801,-18.677,26.0,5.4,mw,,,,,,,,,,,,,,,,,ISC,,intraarc_shallow,,intraarc,2021-08-22T20:19:58,5.3,6.997675171749436,10,2021-08-22 20:19:58+00:00,True,44
212998,2021-10-01T17:54:25,-71.661,-44.232,20.0,5.6,mw,,,,,,,,,,,,,,,,,CSN-improved,,intraarc_shallow,,intraarc,2021-10-01T17:54:25,5.3,6.997675171749436,10,2021-10-01 17:54:25+00:00,True,32
