,campaign,mean,q5,q95,change_pct
iquique,1.2,1.1824782743580422,0.8839221091998444,1.5091715637675533,-1.460143803496483
antofagasta,1.39,1.3741841248253968,0.993974392533838,1.8341274754127028,-1.1378327463743232
copiapo,1.07,1.0288335899991812,0.7537797919244437,1.3230811448741935,-3.8473280374597074
valparaiso,1.51,1.3727049955805117,1.0684651018240907,1.7851885394795055,-9.092384398641606
santiago_centro,0.88,0.8073258984987767,0.6187309858425671,1.0243814522954127,-8.258420625139017
santiago_penalolen,0.81,0.7421864438627864,0.568302103796477,0.9309085967224203,-8.372043967557241
concepcion,1.42,1.2223926834165453,0.9438216495935526,1.6314235348889443,-13.916008210102436
pucon,0.54,0.508795953641596,0.3681065641742589,0.6212394474501134,-5.778527103408148
puerto_montt,0.63,0.6297987369774196,0.4789482736508988,0.8693201268988278,-0.031946511520697385
puerto_aysen,0.48,0.5029722271163976,0.2336233605723762,0.6776477830915817,4.7858806492494965
