site,mean,q5,q50,q95,var_interface,var_in-slab,var_crustal,varshare_interface,varshare_in-slab,varshare_crustal,q95_over_q5,mean_over_median
iquique,1.1825701769767678,0.8839221091998444,1.143687169880313,1.5091715637675533,0.014612801947962037,0.010076776070931284,3.191932152013345e-05,0.591096960946365,0.4076118825722696,0.0012911564813654455,1.7073580896553266,1.0339979394020167
antofagasta,1.3743082077824598,0.993974392533838,1.3148630232104292,1.8341274754127028,0.02867641102338722,0.0030488616437236798,2.23355738645544e-09,0.9038979524424281,0.09610197715448184,7.040309007404032e-08,1.8452462047207754,1.0452101728641563
copiapo,1.028910728912311,0.7537797919244437,0.9981374470882981,1.3230811448741935,0.020465604086698442,0.006922564800624474,4.868161898167318e-07,0.7472292290736133,0.25275299655311745,1.7774373269232604e-05,1.7552621588544983,1.030830705644581
valparaiso,1.3728012615765106,1.0684651018240907,1.3363910541845745,1.7851885394795055,0.01949984960545327,0.004650213117290097,4.0039748052814773e-07,0.8074317046584442,0.1925517160536748,1.6579287880937152e-05,1.6707972365515915,1.0272451744404654
santiago_centro,0.8073781822598226,0.6187309858425671,0.7838805646458233,1.0243814522954127,0.010245798079512912,0.013738295668168067,5.696707441320058e-06,0.42708993639105464,0.572672599782324,0.0002374638266214492,1.6556168605334098,1.029976017615153
santiago_penalolen,0.7422345826691459,0.568302103796477,0.7258269766783436,0.9309085967224203,0.007899773044332845,0.01501832245004564,8.649256869692851e-05,0.3433998914769852,0.6528403120659004,0.003759796457114459,1.6380523501560036,1.0226053956631505
concepcion,1.2224983651290633,0.9438216495935526,1.163649081275196,1.6314235348889443,0.02647351958941402,0.0021108982440446174,4.642279918585921e-07,0.9261370934643857,0.07384666620301959,1.6240332594712673e-05,1.7285294690914332,1.0505730505878772
pucon,0.508827071456614,0.3681065641742589,0.5014982106934044,0.6212394474501134,0.00599487917135103,0.0014914531155666038,0.01374605885793729,0.2823459275242168,0.07024423699579478,0.6474098354799884,1.6876619650716775,1.0146139320279453
puerto_montt,0.6298472184556094,0.4789482736508988,0.5956430002122025,0.8693201268988278,0.030339690352908413,0.0007144237542293067,1.0182694035244776e-06,0.9769621969419371,0.02300501397215024,3.278908591269341e-05,1.8150605706796379,1.0574240245100193
puerto_aysen,0.5030551997694293,0.2336233605723762,0.48976967302490293,0.6776477830915817,0.00047862799321128456,6.849100067788241e-07,0.09811759537558386,0.004854391497326375,6.946566771060487e-06,0.9951386619359025,2.90059941536389,1.0271260706333094
hornopiren,0.6497622864896436,0.42258522110690183,0.6400915317973346,0.8143909371268179,0.0032464411543435883,0.00011830027149396086,0.03308123171713055,0.08907544165739906,0.003245907882055984,0.907678650460545,1.9271637919415088,1.0151083934279745
puerto_williams,0.019503907852309384,0.017453314217653403,0.01989007464627338,0.02077938269583898,0.0,0.0,0.0042655006618453365,0.0,0.0,1.0,1.1905694492580312,0.9805849499898006
calama,0.8266755462734459,0.5742445471742051,0.8638578650176262,1.0300702522019463,0.001052850305676672,0.039001648619071,2.81463987160435e-07,0.02628525972327587,0.9737077133005573,7.026976166859601e-06,1.7937832536169647,0.9569578280757777
la_serena,1.3739148563428418,1.04270938445121,1.3175343115499396,1.7553079741147526,0.014543924130390656,0.009664662620031246,3.8458277825277706e-07,0.600765886753938,0.3992182272849049,1.588596115710876e-05,1.6834105459198407,1.042792467944593
