site,imt,T,poe,return_period,mean,q5,q50,q95,share_interface,share_in-slab,share_crustal,pga_nofaults,faults_pct
iquique,PGA,0.0,0.002105,475 yr,1.1824782743580422,0.8839221091998444,1.143687169880313,1.5091715637675533,0.580726594763696,0.3996849824201638,0.01958842281614007,1.1745349353342696,0.6762965310616265
antofagasta,PGA,0.0,0.002105,475 yr,1.3741841248253968,0.993974392533838,1.3148630232104292,1.8341274754127028,0.7883350050709527,0.21118432281867397,0.00048067211037322035,1.3744854642080986,-0.021923795525580214
copiapo,PGA,0.0,0.002105,475 yr,1.0288335899991812,0.7537797919244437,0.9981374470882981,1.3230811448741935,0.6575037091194629,0.3349995929487167,0.0074966979318204785,1.0288335903210455,-3.1284386192709235e-08
valparaiso,PGA,0.0,0.002105,475 yr,1.3727049955805117,1.0684651018240907,1.3363910541845745,1.7851885394795055,0.7023735653284235,0.29320214727252564,0.004424287399050867,1.373399068873056,-0.050536898435049604
santiago_centro,PGA,0.0,0.002105,475 yr,0.8073258984987767,0.6187309858425671,0.7838805646458233,1.0243814522954127,0.47454183021566726,0.49721228312772714,0.028245886656605542,0.8076845371515506,-0.04440330800918879
santiago_penalolen,PGA,0.0,0.002105,475 yr,0.7421864438627864,0.568302103796477,0.7258269766783436,0.9309085967224203,0.40110468838081087,0.5416052088858494,0.05729010273333972,0.7376218458239694,0.6188263084478063
concepcion,PGA,0.0,0.002105,475 yr,1.2223926834165453,0.9438216495935526,1.163649081275196,1.6314235348889443,0.7912969597241218,0.20328882622551497,0.005414214050363009,1.2223926841094968,-5.668812086412345e-08
pucon,PGA,0.0,0.002105,475 yr,0.508795953641596,0.3681065641742589,0.5014982106934044,0.6212394474501134,0.36518682127201546,0.19997484102082166,0.434838337707163,0.4013590203313876,26.768286712854163
puerto_montt,PGA,0.0,0.002105,475 yr,0.6297987369774196,0.4789482736508988,0.5956430002122025,0.8693201268988278,0.8773124196876901,0.11267981964493902,0.010007760667370781,0.6297649314278726,0.005367963165303635
puerto_aysen,PGA,0.0,0.002105,475 yr,0.5029722271163976,0.2336233605723762,0.48976967302490293,0.6776477830915817,0.07251007692716809,0.0036196298243050605,0.9238702932485268,0.17580269224257822,186.10041217251685
hornopiren,PGA,0.0,0.002105,475 yr,0.6497117591442874,0.42258522110690183,0.6400915317973346,0.8143909371268179,0.28255374247311876,0.05296590321192034,0.6644803543149609,0.39366920821725104,65.04002486923899
puerto_williams,PGA,0.0,0.002105,475 yr,0.019503785795297643,0.017453314217653403,0.01989007464627338,0.02077938269583898,4.745553565619805e-298,4.745553565619805e-298,1.0,0.019503791970956263,-3.16638868458341e-05
calama,PGA,0.0,0.002105,475 yr,0.8265940912137433,0.5742445471742051,0.8638578650176262,1.0300702522019463,0.13862130201944686,0.854379111036333,0.006999586944220246,0.8265940908056071,4.937565911689035e-08
la_serena,PGA,0.0,0.002105,475 yr,1.3738115916529032,1.04270938445121,1.3175343115499396,1.7553079741147526,0.5695712651242298,0.4252116287205367,0.0052171061552333,1.3738115912874174,2.660378584096179e-08
iquique,PGA,0.0,0.000404,2475 yr,2.1623325169080747,1.606601900678112,2.062264925521791,2.701630671039973,0.566340537153099,0.4271863324988324,0.006473130348068538,2.158202164298912,0.19137931920778506
antofagasta,PGA,0.0,0.000404,2475 yr,2.5544476563189287,1.853644095988,2.4159494453840558,,0.7942915722197157,0.20564585992795323,6.256785233113991e-05,2.554512967822484,-0.0025567105893742337
copiapo,PGA,0.0,0.000404,2475 yr,1.9025605429412422,1.3562667001131492,1.8244898040467952,2.5246604607831027,0.6400280358388923,0.35778007265006073,0.0021918915110469847,1.9025605429731751,-1.6784129641678192e-09
valparaiso,PGA,0.0,0.000404,2475 yr,2.5741881516139253,1.9773223826269952,2.438403015436086,,0.7253136004048786,0.2742256176175951,0.00046078197752629006,2.5744355573566935,-0.009610096553447356
santiago_centro,PGA,0.0,0.000404,2475 yr,1.5128642649070179,1.068050505245288,1.4728329394941393,1.90477761878305,0.4643771967142307,0.5256950312770734,0.009927772008695938,1.513019041365064,-0.010229643766179741
santiago_penalolen,PGA,0.0,0.000404,2475 yr,1.3804712719003915,0.9755016464741135,1.356019938190479,1.7197584431049904,0.3783129592886203,0.586760162666174,0.034926878045205674,1.3724689795837093,0.5830581554644221
concepcion,PGA,0.0,0.000404,2475 yr,2.3552277312332603,1.808758571300731,2.169006299025144,,0.8139226218105537,0.18526196311031334,0.0008154150791329595,2.3552277311934064,1.692135320752186e-09
pucon,PGA,0.0,0.000404,2475 yr,0.8987705789384706,0.6870472880638396,0.8838278737279954,1.0780715471180145,0.4281008112661273,0.2677149380065206,0.3041842507273521,0.8017813234556549,12.096721717686654
puerto_montt,PGA,0.0,0.000404,2475 yr,1.323777934833105,0.9913126631105703,1.237582853759563,1.753019597522679,0.8905918025656029,0.10656390645706086,0.002844290977336298,1.3237782886941454,-2.6731140967406475e-05
puerto_aysen,PGA,0.0,0.000404,2475 yr,0.903562521178704,0.5257974975027321,0.8796205889533157,1.1145074066289276,0.06187976780170228,0.0043997710325929884,0.9337204611657047,0.38227493092494097,136.3645764038126
hornopiren,PGA,0.0,0.000404,2475 yr,1.1473058825152693,0.8360059414776924,1.1342445008560533,1.345642069606889,0.313780778187172,0.066894680130444,0.619324541682384,0.8216460496287952,39.63505125273849
puerto_williams,PGA,0.0,0.000404,2475 yr,0.049183242417110334,0.04356126044905486,0.050309069949829775,0.05281758843864458,2.474735375683652e-297,2.474735375683652e-297,1.0,0.04918325403266074,-2.361688065111167e-05
calama,PGA,0.0,0.000404,2475 yr,1.4974808979704302,0.9390777994354315,1.5619912047238025,1.8542945111519318,0.08554645156663127,0.9112997340864896,0.003153814346879184,1.4974808981647718,-1.2977907637434782e-08
la_serena,PGA,0.0,0.000404,2475 yr,2.469266673691329,1.8299343024633046,2.3422801348176217,,0.5400611429654342,0.4590167178795549,0.00092213915501083,2.4692666736663877,1.0100809078039674e-09
iquique,SA(0.1),0.1,0.002105,475 yr,3.1671905102280435,2.2834221206346568,2.932168120587263,,0.47741553536064985,0.5091155084723463,0.013468956167003833,3.151969015750814,0.48292018104130197
antofagasta,SA(0.1),0.1,0.002105,475 yr,3.5869924099515087,2.492128623950314,3.50424651721474,,0.7072864932568462,0.29230786050618823,0.00040564623696546424,3.587623247057178,-0.017583705484869316
copiapo,SA(0.1),0.1,0.002105,475 yr,2.696516678876079,2.005282967410572,2.565503961781075,3.4918655294853376,0.5536526618667983,0.4406494393556332,0.00569789877756843,2.6965166794978863,-2.3059654186141643e-08
valparaiso,SA(0.1),0.1,0.002105,475 yr,3.611311846316411,2.668701376763263,3.508578833678548,,0.6002083675776501,0.39616760009994195,0.0036240323224079963,3.612503324187084,-0.032982056035657514
santiago_centro,SA(0.1),0.1,0.002105,475 yr,2.113441773097808,1.6427175634153568,1.9689380155056246,2.805641347670755,0.34828877020509635,0.6301514281658925,0.021559801629011114,2.1141951040593643,-0.03563204550564025
santiago_penalolen,SA(0.1),0.1,0.002105,475 yr,1.9542631664079908,1.525901065450254,1.8219418318577878,2.59316530542074,0.2830110304130688,0.6748784827675691,0.04211048681936213,1.9454451641754222,0.4532639827093732
concepcion,SA(0.1),0.1,0.002105,475 yr,3.1186883241273766,2.3137265360550847,3.0808644622768044,3.9047428266241484,0.707253056309312,0.2880814238238189,0.004665519866869099,3.1186883254086144,-4.108258178092683e-08
pucon,SA(0.1),0.1,0.002105,475 yr,1.2104608348578323,0.8848043881980326,1.1883370692599389,1.491408095568948,0.3018018246701796,0.2940729831386847,0.40412519219113574,0.9681817324324957,25.024134861192394
puerto_montt,SA(0.1),0.1,0.002105,475 yr,1.4956833050563405,1.1494667957395477,1.4717690038179003,1.8759782618442071,0.8241078889274089,0.16567736483343365,0.010214746239157363,1.495587505586612,0.006405474060922067
puerto_aysen,SA(0.1),0.1,0.002105,475 yr,1.127949762569276,0.49780730100191506,1.0841430200014686,1.6085479242336895,0.0653348205143302,0.006345237757577381,0.9283199417280924,0.3777892946790397,198.56583509798864
hornopiren,SA(0.1),0.1,0.002105,475 yr,1.4795159841696661,0.976400435070313,1.44215881083975,1.922114379340435,0.27103819898871806,0.08813682247692062,0.6408249785343613,0.9101936915041537,62.5495757638872
puerto_williams,SA(0.1),0.1,0.002105,475 yr,0.0385022612127958,0.034049074580280635,0.03988197457002982,0.04253348405809972,4.745559830756263e-298,4.745559830756263e-298,1.0,0.03850225212254885,2.360964994618797e-05
calama,SA(0.1),0.1,0.002105,475 yr,2.3330498897618526,1.6843645022090963,2.1213734207856283,3.247898640320324,0.07517216498913172,0.920778635188572,0.004049199822296447,2.3330498894561487,1.3103185203533485e-08
la_serena,SA(0.1),0.1,0.002105,475 yr,3.7326315991904244,2.7103033551458404,3.4798664767132164,,0.4611179743289626,0.5353594542111074,0.003522571459929994,3.7326315978595686,3.565463480015296e-08
iquique,SA(0.1),0.1,0.000404,2475 yr,,,,,,,,,
antofagasta,SA(0.1),0.1,0.000404,2475 yr,,,,,,,,,
copiapo,SA(0.1),0.1,0.000404,2475 yr,,3.6399980961328517,,,,,,,
valparaiso,SA(0.1),0.1,0.000404,2475 yr,,,,,,,,,
santiago_centro,SA(0.1),0.1,0.000404,2475 yr,,2.9477833154534516,3.725813452561197,,,,,,
santiago_penalolen,SA(0.1),0.1,0.000404,2475 yr,3.796297181355796,2.700800270185719,3.4833980068404147,,0.22617233299753023,0.7522964708407708,0.021531196161699077,3.7823359468785434,0.3691167223994096
concepcion,SA(0.1),0.1,0.000404,2475 yr,,,,,,,,,
pucon,SA(0.1),0.1,0.000404,2475 yr,2.2413801458095888,1.7164538015305013,2.198049538899247,2.732128891106,0.3201257721882491,0.4042110317536707,0.27566319605808015,2.0074891642637795,11.650921245773493
puerto_montt,SA(0.1),0.1,0.000404,2475 yr,3.221147658009879,2.578878601175392,3.150605742509099,3.963339923919785,0.8224833551762434,0.1742852718676672,0.0032313729560894335,3.221148439461431,-2.4260029207745504e-05
puerto_aysen,SA(0.1),0.1,0.000404,2475 yr,2.121732539669439,1.157833004219539,2.011237265119767,2.7766373777506415,0.05242327182485361,0.007815382357524814,0.9397613458176216,0.8439313636601374,151.4105567148811
hornopiren,SA(0.1),0.1,0.000404,2475 yr,2.7472260860332893,2.0257840317179117,2.6819092313846022,3.3251865867523955,0.2822382870978648,0.11681685016532824,0.600944862736807,1.9584640591799929,40.27452141161836
puerto_williams,SA(0.1),0.1,0.000404,2475 yr,0.10475877686454098,0.09361812273167593,0.10660012667900415,0.11632444228945553,2.4747397966297126e-297,2.4747397966297126e-297,1.0,0.10475880385537256,-2.5764738231792705e-05
calama,SA(0.1),0.1,0.000404,2475 yr,,2.81234981414462,,,,,,,
la_serena,SA(0.1),0.1,0.000404,2475 yr,,,,,,,,,
iquique,SA(0.2),0.2,0.002105,475 yr,2.8557821188293198,1.9785523348428466,2.783347219494084,3.8109518402850573,0.6006954629003187,0.37962377445921486,0.01968076264046641,2.8357520922406265,0.7063391275810238
antofagasta,SA(0.2),0.2,0.002105,475 yr,3.3328746560734173,2.2817554018247215,3.1451220634600983,,0.8050306006864312,0.19445507683227878,0.0005143224812899925,3.3337116630885473,-0.025107360795406652
copiapo,SA(0.2),0.2,0.002105,475 yr,2.488397703198753,1.762533088191248,2.4333888379648623,3.2196349123776966,0.6765041449281799,0.31619969288835903,0.007296162183460937,2.488397703683517,-1.9480983493025406e-08
valparaiso,SA(0.2),0.2,0.002105,475 yr,3.3053963830788367,2.3593613967679516,3.1699796814927805,,0.7279871411664987,0.26703992685203104,0.004972931981470413,3.3070441504495336,-0.04982598646204872
santiago_centro,SA(0.2),0.2,0.002105,475 yr,1.923214483518991,1.4131244033371286,1.9454667116538187,2.4042621774908266,0.4904447407412827,0.4825998287324978,0.026955430526219393,1.9242779559549992,-0.05526605097341264
santiago_penalolen,SA(0.2),0.2,0.002105,475 yr,1.7587930096409126,1.292518063403007,1.798156280153599,2.1617851180937686,0.41527535396836124,0.5312391080353845,0.053485537996254225,1.7492939555274625,0.5430221766578924
concepcion,SA(0.2),0.2,0.002105,475 yr,2.9441785282271704,2.1002076499728544,2.7502145370960287,,0.8142361770718735,0.18022786537730667,0.005535957550819899,2.9441785269688032,4.274085529942795e-08
pucon,SA(0.2),0.2,0.002105,475 yr,1.201492625276373,0.8675012092259372,1.2009542717607364,1.430961641705536,0.3614958145161827,0.19357247435008915,0.4449317111337282,0.9317557099822398,28.949317122969354
puerto_montt,SA(0.2),0.2,0.002105,475 yr,1.5022017366111202,1.1057837302233198,1.4276796743560427,2.007436297106106,0.8863110055605867,0.10441949136979199,0.009269503069621406,1.5020763928916951,0.008344696715711919
puerto_aysen,SA(0.2),0.2,0.002105,475 yr,1.1780666750331266,0.5226957478589122,1.163448509133632,1.5682356889263975,0.06958399662587736,0.0037974272087130737,0.9266185761654095,0.3946217564748856,198.5305943485406
hornopiren,SA(0.2),0.2,0.002105,475 yr,1.5292700890563347,0.9939767150916965,1.5062198037910621,1.9267591454216573,0.29214449053853164,0.05221766987683609,0.6556378395846323,0.921445337786975,65.96427659281076
puerto_williams,SA(0.2),0.2,0.002105,475 yr,0.041050215741718465,0.037526110699195675,0.04148289596339259,0.04441651490725824,4.74556056019754e-298,4.74556056019754e-298,1.0,0.041050203052487556,3.091149365364032e-05
calama,SA(0.2),0.2,0.002105,475 yr,1.9666622904614999,1.2357468311330642,2.1294814564493523,2.3874738487016525,0.1450019310281991,0.8481653028231059,0.006832766148695135,1.966662289543294,4.6688541921469096e-08
la_serena,SA(0.2),0.2,0.002105,475 yr,3.307794146463641,2.4071207473275673,3.2273355669512633,,0.6014684846654499,0.3929745718132364,0.005556943521313734,3.3077941476405237,-3.5579073021096974e-08
iquique,SA(0.2),0.2,0.000404,2475 yr,,3.7032090303320397,,,,,,,
antofagasta,SA(0.2),0.2,0.000404,2475 yr,,,,,,,,,
copiapo,SA(0.2),0.2,0.000404,2475 yr,,3.1468950547689736,,,,,,,
valparaiso,SA(0.2),0.2,0.000404,2475 yr,,,,,,,,,
santiago_centro,SA(0.2),0.2,0.000404,2475 yr,3.7119776943545144,2.6114943534591046,3.7399312992530924,,0.47857725379805444,0.5114294878767824,0.009993258325163018,3.7124521781056994,-0.012780871737105848
santiago_penalolen,SA(0.2),0.2,0.000404,2475 yr,3.3722587491465466,2.3351078833102896,3.467126718621682,,0.3886510916276446,0.5781359807154186,0.0332129276569367,3.3541203997997413,0.540778123167196
concepcion,SA(0.2),0.2,0.000404,2475 yr,,,,,,,,,
pucon,SA(0.2),0.2,0.000404,2475 yr,2.1726793521253467,1.6987687412987795,2.158882019942352,2.529000968943505,0.4138965378194411,0.26066064170729547,0.3254428204732634,1.9050212948614957,14.050134661791859
puerto_montt,SA(0.2),0.2,0.000404,2475 yr,3.270036065783708,2.462641024734237,3.00889819765936,,0.8994850906805649,0.09779778797288571,0.002717121346549299,3.2700369002189102,-2.551760813762627e-05
puerto_aysen,SA(0.2),0.2,0.000404,2475 yr,2.178654922706779,1.2136923996994384,2.176717547094746,2.6594407071657487,0.05521669926963503,0.004554016680981488,0.9402292840493834,0.8751278483003699,148.95275895265527
hornopiren,SA(0.2),0.2,0.000404,2475 yr,2.790465389625501,2.059783060929263,2.7725570451157444,3.2696871938522483,0.3143819323745347,0.0650280556087156,0.6205900120167497,1.973802457596393,41.37510969682361
puerto_williams,SA(0.2),0.2,0.000404,2475 yr,0.10783737671417334,0.10006187660467378,0.10969833208184208,0.11273521475221267,2.4747361389789387e-297,2.4747361389789387e-297,1.0,0.10783736692220529,9.080310792164425e-06
calama,SA(0.2),0.2,0.000404,2475 yr,3.672734271392236,2.0808939661449624,3.874382188809731,,0.085953339666814,0.9109075536312503,0.003139106701935681,3.67273427176706,-1.0205591927103796e-08
la_serena,SA(0.2),0.2,0.000404,2475 yr,,,,,,,,,
iquique,SA(0.5),0.5,0.002105,475 yr,1.402385713165454,0.9325875490650849,1.2902233370611373,2.1833204721452604,0.7342432695756076,0.2376106902183847,0.02814604020600776,1.3884899087999223,1.0007854056024001
antofagasta,SA(0.5),0.5,0.002105,475 yr,1.641490449717343,1.0922043285654148,1.475266799200208,2.6446775844515025,0.8878712047363538,0.11119068329582293,0.0009381119678233708,1.6421490227990319,-0.04010434330534718
copiapo,SA(0.5),0.5,0.002105,475 yr,1.265779605863313,0.8717083058339697,1.1709297867418715,1.832889427823789,0.8038863194132975,0.18719640724606124,0.008917273340641147,1.265779607640826,-1.4042832452432208e-07
valparaiso,SA(0.5),0.5,0.002105,475 yr,1.6221892868760686,1.1613910146278479,1.4321034239024737,2.4880567787399155,0.8401008335675676,0.1512872156841717,0.008611950748260716,1.6235524266848336,-0.08396031975070883
santiago_centro,SA(0.5),0.5,0.002105,475 yr,1.010773849078882,0.6694031731868856,0.9438967858685119,1.4358481203823728,0.6866131290686528,0.2878830092478604,0.025503861683486676,1.011322220967619,-0.054223261129593414
santiago_penalolen,SA(0.5),0.5,0.002105,475 yr,0.9275669487350394,0.6087185331170569,0.8784516068678185,1.2883706201526728,0.6256282387187936,0.3226642045198089,0.051707556761397544,0.9211868046174305,0.6926004677475284
concepcion,SA(0.5),0.5,0.002105,475 yr,1.5026868207157678,1.0524087915068223,1.2959023109368286,2.3907011849917073,0.8983286303561345,0.09396616177197403,0.007705207871891367,1.5026868195905094,7.48830997210348e-08
pucon,SA(0.5),0.5,0.002105,475 yr,0.6912846144671775,0.4784287008767407,0.6729044946233905,0.9097869448934598,0.5280016070532609,0.10429320526813082,0.36770518767860827,0.5609065683727829,23.244164615976537
puerto_montt,SA(0.5),0.5,0.002105,475 yr,0.8523900536058934,0.5796026841130029,0.7526844173664272,1.2925709548493833,0.9401948762416293,0.053156824176613056,0.0066482995817575,0.8522404241097724,0.01755719300422509
puerto_aysen,SA(0.5),0.5,0.002105,475 yr,0.6616253362666609,0.335560412151536,0.6548274313126615,0.877456865883855,0.13834551235031822,0.0024620715561568998,0.8591924160935249,0.26741346509613334,147.4166123343157
hornopiren,SA(0.5),0.5,0.002105,475 yr,0.8792001954775609,0.5550006374892903,0.8575950381825104,1.1482471362163995,0.3875561905824886,0.026118372603812685,0.5863254368136988,0.5666893806291879,55.14675685318051
puerto_williams,SA(0.5),0.5,0.002105,475 yr,0.025065397846206094,0.023717670282774828,0.02514962963538513,0.02640399057158363,4.7455285302428025e-298,4.7455285302428025e-298,1.0,0.025065391613852697,2.4864376713118475e-05
calama,SA(0.5),0.5,0.002105,475 yr,0.9439293046243467,0.4887826463306493,0.9567458561098204,1.2044640858809286,0.3465603825608771,0.6446369402875766,0.00880267715154617,0.9439287903063235,5.448695159504524e-05
la_serena,SA(0.5),0.5,0.002105,475 yr,1.5861285449374263,1.0977383235442335,1.4643641495215416,2.2629849255888086,0.7560884520596622,0.23375813312027116,0.010153414820066698,1.586128545271683,-2.1073742750843394e-08
iquique,SA(0.5),0.5,0.000404,2475 yr,2.6633366798366276,1.7360302838376265,2.3486318379860127,,0.7888074677652397,0.19607256315185914,0.015119969082901235,2.6514413869400744,0.4486349558826541
antofagasta,SA(0.5),0.5,0.000404,2475 yr,,2.0519498948366586,2.6867426988219085,,,,,,
copiapo,SA(0.5),0.5,0.000404,2475 yr,2.4375458882053147,1.5312759202437622,2.078747033567,,0.8437787409489509,0.15238135684887708,0.0038399022021720144,2.437545887929832,1.1301648505934736e-08
valparaiso,SA(0.5),0.5,0.000404,2475 yr,,2.1330754542308137,2.6534442230821305,,,,,,
santiago_centro,SA(0.5),0.5,0.000404,2475 yr,1.9783714740301326,1.2207671939028713,1.7536286572950424,2.7806371129101533,0.7502152419076251,0.2372677947545772,0.012516963337797714,1.9787984674282342,-0.021578417667589278
santiago_penalolen,SA(0.5),0.5,0.000404,2475 yr,1.7953901143163342,1.1003628591372492,1.6291465154930729,2.474050814719633,0.6785756798615037,0.27957000861547343,0.0418543115230228,1.7815606521505827,0.7762554785354814
concepcion,SA(0.5),0.5,0.000404,2475 yr,,1.9450017065462175,2.4990010549194,,,,,,
pucon,SA(0.5),0.5,0.000404,2475 yr,1.2864989516360437,0.8947515096808644,1.2051766187998911,1.7076595585668255,0.6405609658374357,0.10803721124682085,0.2514018229157435,1.1630488917894237,10.61434826326899
puerto_montt,SA(0.5),0.5,0.000404,2475 yr,1.8905339322253973,1.1699496371839875,1.618944271568345,2.742998177956031,0.961027934191822,0.03680049026259411,0.002171575545583984,1.8905339915355879,-3.1372189401857042e-06
puerto_aysen,SA(0.5),0.5,0.000404,2475 yr,1.254793317698902,0.7490547443365119,1.2426176709110937,1.5317025245068645,0.1310562118121245,0.0023198483402240688,0.8666239398476514,0.5993470352525969,109.36006084856413
hornopiren,SA(0.5),0.5,0.000404,2475 yr,1.6530446674141996,1.1125262626762438,1.6089981562802649,2.074946172709022,0.4336032573958556,0.023863516786083366,0.5425332258180611,1.2365423806991136,33.68281534188944
puerto_williams,SA(0.5),0.5,0.000404,2475 yr,0.06181621963601861,0.05849101220350812,0.06189699569175547,0.06522132302790765,2.4747347739642072e-297,2.4747347739642072e-297,1.0,0.06181620970598545,1.6063801400179045e-05
calama,SA(0.5),0.5,0.000404,2475 yr,1.71347613885428,0.875294172592433,1.6753974241258507,2.157235225796452,0.3376031076235997,0.6558799632287511,0.006516929147649175,1.713476135813709,1.7745045433059659e-07
la_serena,SA(0.5),0.5,0.000404,2475 yr,2.970373365520166,1.9006027332433093,2.5960601132019496,,0.8026693161883104,0.19368328820403732,0.003647395607652377,2.970373365357637,5.4716675634836065e-09
iquique,SA(1.0),1.0,0.002105,475 yr,0.6196886459550331,0.4230444331677871,0.5598509472284864,1.0062545559792229,0.8079075734175069,0.1543804701465757,0.0377119564359176,0.6118395900166345,1.2828617282162558
antofagasta,SA(1.0),1.0,0.002105,475 yr,0.7169793134825834,0.4752748464622771,0.6402804173524251,1.1692122162191458,0.924096004798926,0.07392185012566642,0.001982145075407669,0.717342189478308,-0.05058617784470254
copiapo,SA(1.0),1.0,0.002105,475 yr,0.573327927775311,0.38771625345075855,0.5161060943643525,0.8988687732407864,0.8721775658854178,0.11610591463171197,0.011716519482870096,0.5733279276200928,2.70732103402338e-08
valparaiso,SA(1.0),1.0,0.002105,475 yr,0.7153099637795604,0.5111524408940031,0.6344308331925809,1.1235498479218162,0.8830426092412857,0.101609507031509,0.015347883727205195,0.715923113775793,-0.08564467111542573
santiago_centro,SA(1.0),1.0,0.002105,475 yr,0.4756662794783676,0.3268059107449269,0.42037161506971227,0.7207166553986837,0.8055629949399504,0.16697665338589832,0.02746035167415128,0.4759405242564679,-0.05762164895051214
santiago_penalolen,SA(1.0),1.0,0.002105,475 yr,0.4406874457176095,0.30319171649169147,0.39561826840753533,0.6546284247734074,0.7611867468871414,0.18549410759615156,0.05331914551670707,0.4372252145832786,0.791864471409931
concepcion,SA(1.0),1.0,0.002105,475 yr,0.6786295691640215,0.4750163412685631,0.5841470695312929,1.1176657877606453,0.9272010252445682,0.0616238923172482,0.01117508243818362,0.6786295690436902,1.773150515305133e-08
pucon,SA(1.0),1.0,0.002105,475 yr,0.3572183502957067,0.24196930199689035,0.3380115976779525,0.5046966625530144,0.6185404925066506,0.05176941499520071,0.3296900924981488,0.29563092425552406,20.83253847522071
puerto_montt,SA(1.0),1.0,0.002105,475 yr,0.4123630358846992,0.28610679855396315,0.3593857330893556,0.649449158541279,0.9625203291593843,0.030679441005784923,0.0068002298348306045,0.41213865084753243,0.054444065536030095
puerto_aysen,SA(1.0),1.0,0.002105,475 yr,0.3407094813772367,0.18085118485539495,0.3337263533203288,0.4576451125974281,0.1938364746470454,0.001450444558214655,0.80471308079474,0.15244488812655047,123.49682273006128
hornopiren,SA(1.0),1.0,0.002105,475 yr,0.4538933409467075,0.2807411917184292,0.4404983399453269,0.6116050670071053,0.4201369166445962,0.012055294485672084,0.5678077888697318,0.29490972077443467,53.9092505173383
puerto_williams,SA(1.0),1.0,0.002105,475 yr,0.011849207517297278,0.0110290635639049,0.01161364593468067,0.013139947837159088,4.74550929528851e-298,4.74550929528851e-298,1.0,0.011849205760664405,1.4824899730037089e-05
calama,SA(1.0),1.0,0.002105,475 yr,0.42103203644158393,0.2455170115797538,0.40692376411517905,0.5921267939340679,0.5577778582601184,0.43138872946837487,0.010833412271506582,0.42102952743251554,0.0005959223533968938
la_serena,SA(1.0),1.0,0.002105,475 yr,0.6942217683016164,0.4876386235583403,0.6292160423279024,1.0328727859422329,0.8292124045874059,0.15425107970780091,0.016536515704793316,0.6942217676056152,1.0025633656596256e-07
iquique,SA(1.0),1.0,0.000404,2475 yr,1.1983992447502447,0.8020425798369981,1.0181988949564915,1.8965425174832862,0.8793278791699839,0.09508968048381888,0.025582440346197246,1.189182243909404,0.7750705064801577
antofagasta,SA(1.0),1.0,0.000404,2475 yr,1.4315940622702314,0.8757925587045895,1.177175768477212,,0.9621518689912882,0.03721873939551941,0.0006293916131923336,1.4319737480733317,-0.02651485780456042
copiapo,SA(1.0),1.0,0.000404,2475 yr,1.1257912994419852,0.6980861167873207,0.9142562119882636,1.867474379378695,0.9252425867422048,0.06825128119397814,0.006506132063816945,1.1257912997504236,-2.739747317903607e-08
valparaiso,SA(1.0),1.0,0.000404,2475 yr,1.4666358304045193,0.9491546711874654,1.1382168075541839,,0.9494384491465916,0.04640291232069766,0.004158638532710674,1.467871459806752,-0.08417831098067596
santiago_centro,SA(1.0),1.0,0.000404,2475 yr,0.9602672657609436,0.5946316261890058,0.7733944818582534,1.4800236910888256,0.8897357086769418,0.09451011362095506,0.015754177702102943,0.9606082406420436,-0.035495727256329435
santiago_penalolen,SA(1.0),1.0,0.000404,2475 yr,0.8808986415994632,0.5526719906589765,0.7259514912282721,1.3310894518904763,0.8414313862120687,0.11056968937175511,0.04799892441617617,0.8727912217242729,0.9289071284623418
concepcion,SA(1.0),1.0,0.000404,2475 yr,1.4242592500175515,0.894808287353521,1.1116695627540953,,0.9691272042049317,0.026983588607384163,0.003889207187684236,1.4242592502309486,-1.4983025931059046e-08
pucon,SA(1.0),1.0,0.000404,2475 yr,0.6867373406987877,0.44996455267176555,0.6103409698981154,0.9807488373480943,0.7412078946224014,0.03635423266529091,0.22243787271230755,0.6275274015503173,9.435434851480773
puerto_montt,SA(1.0),1.0,0.000404,2475 yr,0.9302124729430752,0.5854747573051389,0.7758151015690752,1.4132999504623815,0.9827248251327113,0.014814129203626054,0.0024610456636625583,0.9302091210521497,0.0003603373531335663
puerto_aysen,SA(1.0),1.0,0.000404,2475 yr,0.6696511528284453,0.4000258940642231,0.6555551846010222,0.8316757485602329,0.18805631474161089,0.0009411713210610297,0.8110025139373281,0.35005357594068726,91.29961778819549
hornopiren,SA(1.0),1.0,0.000404,2475 yr,0.883409251832675,0.5703032282742074,0.8489097524760298,1.1418167361975025,0.4565643086510871,0.006964225677671683,0.5364714656712412,0.6560459781904383,34.65660657952196
puerto_williams,SA(1.0),1.0,0.000404,2475 yr,0.029775344788696763,0.027996034893509148,0.029367146853950372,0.03247516493117152,2.4747342367373472e-297,2.4747342367373472e-297,1.0,0.029775342837984893,6.55143377326084e-06
calama,SA(1.0),1.0,0.000404,2475 yr,0.7753148517202488,0.4419846339512947,0.7073304139460693,1.0659967604363099,0.6341002480357871,0.3560473786747649,0.009852373289448029,0.7753145901789049,3.373357695402035e-05
la_serena,SA(1.0),1.0,0.000404,2475 yr,1.324305716657882,0.8689625023044757,1.0963450671977737,,0.8963115206683907,0.09519886612886097,0.008489613202748362,1.3243057166364578,1.6177725825627931e-09
iquique,SA(2.0),2.0,0.002105,475 yr,0.2519476415387567,0.15528215207808202,0.21455978524774466,0.4712312432702171,0.8592855595093788,0.11159178111517415,0.029122659375447058,0.24933980331068517,1.0458972829228141
antofagasta,SA(2.0),2.0,0.002105,475 yr,0.29141027430913247,0.17039549441895324,0.23975954960111676,0.5406532824287955,0.9418946677311121,0.05545881010269485,0.0026465221661930573,0.2914174939547527,-0.002477423548685742
copiapo,SA(2.0),2.0,0.002105,475 yr,0.23804635339840033,0.1385790823887848,0.199873574705857,0.4124945960896097,0.908366039282423,0.08184512463745225,0.009788836080124805,0.23804635013133513,1.3724491987332499e-06
valparaiso,SA(2.0),2.0,0.002105,475 yr,0.2889853596445156,0.1871542941338776,0.2400685209023028,0.5066146668632108,0.9039860361551162,0.08211400459162406,0.013899959253259531,0.28928863471079763,-0.10483476704337136
santiago_centro,SA(2.0),2.0,0.002105,475 yr,0.19984624242293822,0.12779902914353447,0.1672336697350619,0.3435128088024844,0.8654477581987243,0.11300105655939002,0.02155118524188576,0.1998765479730902,-0.015162134056900811
santiago_penalolen,SA(2.0),2.0,0.002105,475 yr,0.18633372322548086,0.11915934529739279,0.1577415248916936,0.31329551990409255,0.8323405926930336,0.12423077271211921,0.04342863459484716,0.18483399208946705,0.8113935748830681
concepcion,SA(2.0),2.0,0.002105,475 yr,0.27802994042258444,0.18111577784490446,0.22315956347744323,0.49814935063529797,0.9394838258300249,0.05065417836889718,0.00986199580107795,0.2780299280955354,4.433712996743111e-06
pucon,SA(2.0),2.0,0.002105,475 yr,0.15356522838030567,0.09930823039267571,0.13531606780181504,0.24153529730068954,0.7063198893360372,0.0354568010663986,0.2582233095975641,0.13213364788686324,16.21962371900365
puerto_montt,SA(2.0),2.0,0.002105,475 yr,0.17470977548968353,0.11473945283364201,0.14004825005588314,0.3126500403043418,0.9723535268112306,0.02150757104732352,0.00613890214144597,0.17450285648412447,0.11857628564255762
puerto_aysen,SA(2.0),2.0,0.002105,475 yr,0.14115391828183046,0.07678442563906782,0.14042243602192447,0.18496846595859748,0.2649409326825803,0.0014259834515030468,0.7336330838659167,0.07065691295263983,99.77368439015106
hornopiren,SA(2.0),2.0,0.002105,475 yr,0.18855463212662052,0.11448045678731432,0.17662528891047508,0.2711436240026473,0.49019524855873886,0.008819310428656631,0.5009854410126043,0.1296512785524507,45.43214246077822
puerto_williams,SA(2.0),2.0,0.002105,475 yr,0.004618001070945273,0.004211366730108188,0.004647774185280314,0.004927431692162327,4.7455723993018005e-298,4.7455723993018005e-298,1.0,0.004618001410985701,-7.363367782176056e-06
calama,SA(2.0),2.0,0.002105,475 yr,0.17445207874242122,0.09987622944531861,0.15900463869998704,0.28767893279984386,0.6940873910004984,0.29684741459895475,0.009065194400546893,0.17444745634750689,0.0026497347746401445
la_serena,SA(2.0),2.0,0.002105,475 yr,0.2834662242974231,0.17230369229081413,0.2402003042898487,0.4797476055635098,0.8699705349091719,0.1152411080400928,0.014788357050735331,0.28346619619028457,9.915516874237085e-06
iquique,SA(2.0),2.0,0.000404,2475 yr,0.5051248672012514,0.294951003442729,0.37851783139505,0.871235997918425,0.9287004337449287,0.05518135659701532,0.01611820965805602,0.5026998159989985,0.48240542866195835
antofagasta,SA(2.0),2.0,0.000404,2475 yr,0.6000751200901702,0.3217065868514592,0.43577666712879454,1.01596570720622,0.9745389692952029,0.02465787055005536,0.0008031601547417394,0.6001448937100196,-0.01162612905327709
copiapo,SA(2.0),2.0,0.000404,2475 yr,0.48238722658444255,0.24472846710290888,0.35231027531740355,0.8495529639858262,0.9568656786910674,0.038250919336454706,0.004883401972477822,0.4823872266436545,-1.2274781191479178e-08
valparaiso,SA(2.0),2.0,0.000404,2475 yr,0.6087157990322858,0.34612585657411415,0.44145090090505285,1.0317155711413868,0.9603833491084975,0.03586420307600891,0.0037524478154935107,0.6091461867821197,-0.07065426315930878
santiago_centro,SA(2.0),2.0,0.000404,2475 yr,0.41657670752573767,0.22883600442227142,0.3071764284625043,0.6923026838834707,0.9395294099841913,0.04939009355486826,0.011080496460940486,0.4166668799485716,-0.02164137040243652
santiago_penalolen,SA(2.0),2.0,0.000404,2475 yr,0.38475196349979424,0.21331394577272106,0.28954249279579813,0.6305718447471379,0.9064516271152117,0.05719431947050034,0.036354053414287955,0.3816148300212072,0.8220680203682607
concepcion,SA(2.0),2.0,0.000404,2475 yr,0.5953268246335095,0.34185340550810733,0.4232544655921809,0.9942293267502168,0.9750687533513683,0.021718303465146107,0.0032129431834856115,0.5953268246551534,-3.635636236509754e-09
pucon,SA(2.0),2.0,0.000404,2475 yr,0.30498433891926136,0.183781531328502,0.2458573316856956,0.48035433128496174,0.8327124644818698,0.019491984448649594,0.14779555106948059,0.2868263764690597,6.3306459725681385
puerto_montt,SA(2.0),2.0,0.000404,2475 yr,0.4022940049374401,0.22864069447206664,0.29234832923018844,0.6579567215769353,0.9899308388547219,0.008420483650123179,0.0016486774951549024,0.40228425985878646,0.0024224359802316187
puerto_aysen,SA(2.0),2.0,0.000404,2475 yr,0.2806257366474569,0.17330093559290743,0.27495259922129456,0.35412732045708417,0.28033356240159074,0.0008641595989562605,0.718802277999453,0.16646982748807312,68.57453442580311
hornopiren,SA(2.0),2.0,0.000404,2475 yr,0.37711009657965394,0.23728338626697745,0.33885272032594654,0.5228511155220446,0.5473784786071709,0.004129479195982937,0.44849204219684624,0.2959674506444932,27.416070841055664
puerto_williams,SA(2.0),2.0,0.000404,2475 yr,0.012136838031652034,0.011023168535089632,0.012314843886756178,0.012917446380860639,2.4747411860286877e-297,2.4747411860286877e-297,1.0,0.01213683715103516,7.255736100830745e-06
calama,SA(2.0),2.0,0.000404,2475 yr,0.33432198554871584,0.1725840180034203,0.2816003639048381,0.5292092385207086,0.7971900121195985,0.19549666489017362,0.007313322990227893,0.3343211836104393,0.00023987061421593125
la_serena,SA(2.0),2.0,0.000404,2475 yr,0.5610865139594707,0.2997363998044816,0.4231592328597255,0.9493178809286721,0.930997292077222,0.062262733501426956,0.0067399744213510115,0.5610865138391536,2.1443580244806526e-08
