site,domain,level,poe
iquique,total,0.005,0.993817331926525
iquique,total,0.006234021895737255,0.9864237566111607
iquique,total,0.007772605799306304,0.972512345951144
iquique,total,0.009690918947961973,0.9486986019232315
iquique,total,0.012082680182281997,0.9115831921537411
iquique,total,0.015064738563107317,0.8587722166043705
iquique,total,0.01878278201119368,0.7898931864859539
iquique,total,0.023418454864128246,0.7071179455195552
iquique,total,0.02919823207746202,0.6149213199768223
iquique,total,0.036404483617543226,0.5191341983360699
iquique,total,0.04538926959495454,0.42569511134740884
iquique,total,0.05659154009729356,0.33954307398689
iquique,total,0.07055858001600415,0.26397203011210074
iquique,total,0.08797274655037983,0.20051249336851754
iquique,total,0.10968480564464235,0.14919204653138304
iquique,total,0.13675549600367723,0.10900516748200162
iquique,total,0.17050735128986647,0.07837771117718659
iquique,total,0.21258931226503822,0.055556854136637364
iquique,total,0.2650572854919946,0.03886383330518734
iquique,total,0.3304745842763549,0.02683059806931123
iquique,total,0.412037158872693,0.0182638744559241
iquique,total,0.513729734053947,0.01223400710978457
iquique,total,0.6405204821167169,0.008039144580872381
iquique,total,0.7986037420367598,0.005162255063273184
iquique,total,0.9957026427749722,0.00322615548812864
iquique,total,1.2414464153405262,0.0019537547578001974
iquique,total,1.547840827123473,0.0011410698369400958
iquique,total,1.92985472148076,0.0006392452774100541
iquique,total,2.4061513178605933,0.00034138574675740763
iquique,total,3.0,0.0001725464725244022
antofagasta,total,0.005,0.9838280818406487
antofagasta,total,0.006234021895737255,0.9688928002366799
antofagasta,total,0.007772605799306304,0.9447082700493745
antofagasta,total,0.009690918947961973,0.9088092428864908
antofagasta,total,0.012082680182281997,0.8596679341941134
antofagasta,total,0.015064738563107317,0.797242445938289
antofagasta,total,0.01878278201119368,0.7231831009582615
antofagasta,total,0.023418454864128246,0.6406428069848564
antofagasta,total,0.02919823207746202,0.553749537277594
antofagasta,total,0.036404483617543226,0.46692008306691424
antofagasta,total,0.04538926959495454,0.38419526567994633
antofagasta,total,0.05659154009729356,0.30874867394193994
antofagasta,total,0.07055858001600415,0.2426397255880059
antofagasta,total,0.08797274655037983,0.18679292686681725
antofagasta,total,0.10968480564464235,0.14115553091021726
antofagasta,total,0.13675549600367723,0.10494867115628442
antofagasta,total,0.17050735128986647,0.07695352376725051
antofagasta,total,0.21258931226503822,0.05577150910397755
antofagasta,total,0.2650572854919946,0.04002057226430042
antofagasta,total,0.3304745842763549,0.028459167172361043
antofagasta,total,0.412037158872693,0.02004817364761548
antofagasta,total,0.513729734053947,0.013965257741407536
antofagasta,total,0.6405204821167169,0.009588110347723708
antofagasta,total,0.7986037420367598,0.006458958714641631
antofagasta,total,0.9957026427749722,0.004244808482041846
antofagasta,total,1.2414464153405262,0.002704571105928153
antofagasta,total,1.547840827123473,0.0016597975155769745
antofagasta,total,1.92985472148076,0.0009745509882688565
antofagasta,total,2.4061513178605933,0.0005434629710238373
antofagasta,total,3.0,0.00028528276151482693
copiapo,total,0.005,0.9548143590345048
copiapo,total,0.006234021895737255,0.9264743258740745
copiapo,total,0.007772605799306304,0.8866272999293177
copiapo,total,0.009690918947961973,0.8340879053314214
copiapo,total,0.012082680182281997,0.7690175219283439
copiapo,total,0.015064738563107317,0.6931550689580855
copiapo,total,0.01878278201119368,0.6096890318171121
copiapo,total,0.023418454864128246,0.5227865703254939
copiapo,total,0.02919823207746202,0.43690335854329165
copiapo,total,0.036404483617543226,0.3560697661030568
copiapo,total,0.04538926959495454,0.2833480708447751
copiapo,total,0.05659154009729356,0.22056816385032144
copiapo,total,0.07055858001600415,0.168340846831072
copiapo,total,0.08797274655037983,0.12629093941766759
copiapo,total,0.10968480564464235,0.0933789453455595
copiapo,total,0.13675549600367723,0.06822502541150893
copiapo,total,0.17050735128986647,0.04936673713345079
copiapo,total,0.21258931226503822,0.035436812687106425
copiapo,total,0.2650572854919946,0.025250300222123014
copiapo,total,0.3304745842763549,0.017847638905188073
copiapo,total,0.412037158872693,0.012486330955708391
copiapo,total,0.513729734053947,0.00861280123007018
copiapo,total,0.6405204821167169,0.005827278183528686
copiapo,total,0.7986037420367598,0.003844223850115664
copiapo,total,0.9957026427749722,0.0024571514422452325
copiapo,total,1.2414464153405262,0.0015119084540667243
copiapo,total,1.547840827123473,0.0008895547951091438
copiapo,total,1.92985472148076,0.0004968326626723866
copiapo,total,2.4061513178605933,0.00026109676991181886
copiapo,total,3.0,0.00012736447702463925
valparaiso,total,0.005,0.9831572251894511
valparaiso,total,0.006234021895737255,0.9705841639836319
valparaiso,total,0.007772605799306304,0.9511060122358606
valparaiso,total,0.009690918947961973,0.9226289967624474
valparaiso,total,0.012082680182281997,0.8833368148452583
valparaiso,total,0.015064738563107317,0.8321476387152447
valparaiso,total,0.01878278201119368,0.7691297838338643
valparaiso,total,0.023418454864128246,0.6957345189259391
valparaiso,total,0.02919823207746202,0.6147395585972815
valparaiso,total,0.036404483617543226,0.5298904301161409
valparaiso,total,0.04538926959495454,0.445320891076466
valparaiso,total,0.05659154009729356,0.3649154052107591
valparaiso,total,0.07055858001600415,0.2917825979079584
valparaiso,total,0.08797274655037983,0.22794476132774735
valparaiso,total,0.10968480564464235,0.17428247257859902
valparaiso,total,0.13675549600367723,0.13068296592119139
valparaiso,total,0.17050735128986647,0.09631530836058083
valparaiso,total,0.21258931226503822,0.06992750486368313
valparaiso,total,0.2650572854919946,0.050110536152898524
valparaiso,total,0.3304745842763549,0.03549026126572863
valparaiso,total,0.412037158872693,0.02485060493537746
valparaiso,total,0.513729734053947,0.017186007829860316
valparaiso,total,0.6405204821167169,0.011708990355189599
valparaiso,total,0.7986037420367598,0.007829013405554724
valparaiso,total,0.9957026427749722,0.005110455879077925
valparaiso,total,1.2414464153405262,0.003236507790132601
valparaiso,total,1.547840827123473,0.001975592793600298
valparaiso,total,1.92985472148076,0.0011543476441280291
valparaiso,total,2.4061513178605933,0.0006408547827381412
valparaiso,total,3.0,0.00033501651148721943
santiago_centro,total,0.005,0.9784356004687027
santiago_centro,total,0.006234021895737255,0.960173148890677
santiago_centro,total,0.007772605799306304,0.9309204478608442
santiago_centro,total,0.009690918947961973,0.8876279126541683
santiago_centro,total,0.012082680182281997,0.8284847564899354
santiago_centro,total,0.015064738563107317,0.7538460898456161
santiago_centro,total,0.01878278201119368,0.6666314403432426
santiago_centro,total,0.023418454864128246,0.5719257274359458
santiago_centro,total,0.02919823207746202,0.4758900404093786
santiago_centro,total,0.036404483617543226,0.38441787001602384
santiago_centro,total,0.04538926959495454,0.3020543494929558
santiago_centro,total,0.05659154009729356,0.23147181927978516
santiago_centro,total,0.07055858001600415,0.1735142663801554
santiago_centro,total,0.08797274655037983,0.1276151549093889
santiago_centro,total,0.10968480564464235,0.09234228531295664
santiago_centro,total,0.13675549600367723,0.06589277585250676
santiago_centro,total,0.17050735128986647,0.04644330759355796
santiago_centro,total,0.21258931226503822,0.03235843754464585
santiago_centro,total,0.2650572854919946,0.022282728465695973
santiago_centro,total,0.3304745842763549,0.015144517811236439
santiago_centro,total,0.412037158872693,0.010132889911703382
santiago_centro,total,0.513729734053947,0.006649877523925533
santiago_centro,total,0.6405204821167169,0.004261336168383788
santiago_centro,total,0.7986037420367598,0.002652708882210751
santiago_centro,total,0.9957026427749722,0.0015951794655832603
santiago_centro,total,1.2414464153405262,0.0009208239639712705
santiago_centro,total,1.547840827123473,0.0005065207409932099
santiago_centro,total,1.92985472148076,0.00026302262598288734
santiago_centro,total,2.4061513178605933,0.00012719970148427812
santiago_centro,total,3.0,5.611811158236142e-05
santiago_penalolen,total,0.005,0.9771169864549311
santiago_penalolen,total,0.006234021895737255,0.9577342550290747
santiago_penalolen,total,0.007772605799306304,0.9267769087325775
santiago_penalolen,total,0.009690918947961973,0.8811974319063125
santiago_penalolen,total,0.012082680182281997,0.8193857751289385
santiago_penalolen,total,0.015064738563107317,0.7420952035792167
santiago_penalolen,total,0.01878278201119368,0.6527269603678961
santiago_penalolen,total,0.023418454864128246,0.556758378394972
santiago_penalolen,total,0.02919823207746202,0.460515364458086
santiago_penalolen,total,0.036404483617543226,0.3697995952293744
santiago_penalolen,total,0.04538926959495454,0.28888087048283734
santiago_penalolen,total,0.05659154009729356,0.22010111875722657
santiago_penalolen,total,0.07055858001600415,0.16401703020101394
santiago_penalolen,total,0.08797274655037983,0.1198725368625716
santiago_penalolen,total,0.10968480564464235,0.0861396435487899
santiago_penalolen,total,0.13675549600367723,0.06098722937669369
santiago_penalolen,total,0.17050735128986647,0.04260223341652886
santiago_penalolen,total,0.21258931226503822,0.029380977028823665
santiago_penalolen,total,0.2650572854919946,0.019996329180887538
santiago_penalolen,total,0.3304745842763549,0.01340858387949703
santiago_penalolen,total,0.412037158872693,0.008833388698218907
santiago_penalolen,total,0.513729734053947,0.005694801699439264
santiago_penalolen,total,0.6405204821167169,0.003575437597532071
santiago_penalolen,total,0.7986037420367598,0.0021744620843281164
santiago_penalolen,total,0.9957026427749722,0.001273562200053037
santiago_penalolen,total,1.2414464153405262,0.0007138048687686934
santiago_penalolen,total,1.547840827123473,0.00037981786079894825
santiago_penalolen,total,1.92985472148076,0.00018978464829889395
santiago_penalolen,total,2.4061513178605933,8.760626090449502e-05
santiago_penalolen,total,3.0,3.665090608713866e-05
concepcion,total,0.005,0.9416980803059416
concepcion,total,0.006234021895737255,0.9166042298735115
concepcion,total,0.007772605799306304,0.8835713238917289
concepcion,total,0.009690918947961973,0.8416525961453097
concepcion,total,0.012082680182281997,0.7904561669888901
concepcion,total,0.015064738563107317,0.7303476902347981
concepcion,total,0.01878278201119368,0.662557364740688
concepcion,total,0.023418454864128246,0.5891531224424945
concepcion,total,0.02919823207746202,0.5128421093187294
concepcion,total,0.036404483617543226,0.4366568295296746
concepcion,total,0.04538926959495454,0.3635574925029187
concepcion,total,0.05659154009729356,0.29606479075979464
concepcion,total,0.07055858001600415,0.23600274756613637
concepcion,total,0.08797274655037983,0.18437435666960658
concepcion,total,0.10968480564464235,0.14139417726949316
concepcion,total,0.13675549600367723,0.10664002336319538
concepcion,total,0.17050735128986647,0.0792504328350304
concepcion,total,0.21258931226503822,0.05813510803209497
concepcion,total,0.2650572854919946,0.04214962260099125
concepcion,total,0.3304745842763549,0.03021592927890595
concepcion,total,0.412037158872693,0.021402386012766495
concepcion,total,0.513729734053947,0.014947456886130377
concepcion,total,0.6405204821167169,0.01025820190527011
concepcion,total,0.7986037420367598,0.006887899472122075
concepcion,total,0.9957026427749722,0.004500462385202982
concepcion,total,1.2414464153405262,0.0028441188337106718
concepcion,total,1.547840827123473,0.0017273316152684847
concepcion,total,1.92985472148076,0.0010014341896094254
concepcion,total,2.4061513178605933,0.0005500439385214123
concepcion,total,3.0,0.00028347339760439327
pucon,total,0.005,0.7781602165990508
pucon,total,0.006234021895737255,0.714066994360368
pucon,total,0.007772605799306304,0.642353422162775
pucon,total,0.009690918947961973,0.5656809888353567
pucon,total,0.012082680182281997,0.4873283989618066
pucon,total,0.015064738563107317,0.4107128694258161
pucon,total,0.01878278201119368,0.3388893355326729
pucon,total,0.023418454864128246,0.27414128241722946
pucon,total,0.02919823207746202,0.21779695132651836
pucon,total,0.036404483617543226,0.17026415214503643
pucon,total,0.04538926959495454,0.13122408415158282
pucon,total,0.05659154009729356,0.0998787276174641
pucon,total,0.07055858001600415,0.07517870339459042
pucon,total,0.08797274655037983,0.055994602109870166
pucon,total,0.10968480564464235,0.04124175481067504
pucon,total,0.13675549600367723,0.02996655236750083
pucon,total,0.17050735128986647,0.02138819837747725
pucon,total,0.21258931226503822,0.014905663950582675
pucon,total,0.2650572854919946,0.010072892816904638
pucon,total,0.3304745842763549,0.006556029406465314
pucon,total,0.412037158872693,0.0040845168224292105
pucon,total,0.513729734053947,0.0024242781255094078
pucon,total,0.6405204821167169,0.0013661036739744299
pucon,total,0.7986037420367598,0.0007300014322110652
pucon,total,0.9957026427749722,0.00036975170313767176
pucon,total,1.2414464153405262,0.0001766266374608676
pucon,total,1.547840827123473,7.866985563636036e-05
pucon,total,1.92985472148076,3.2945918868951194e-05
pucon,total,2.4061513178605933,1.2810610382768928e-05
pucon,total,3.0,4.594507766527488e-06
puerto_montt,total,0.005,0.6296386691041294
puerto_montt,total,0.006234021895737255,0.5674816621499134
puerto_montt,total,0.007772605799306304,0.5031136605867651
puerto_montt,total,0.009690918947961973,0.438506022874452
puerto_montt,total,0.012082680182281997,0.37561584942308224
puerto_montt,total,0.015064738563107317,0.31616089848782863
puerto_montt,total,0.01878278201119368,0.2614853978609667
puerto_montt,total,0.023418454864128246,0.2124940002877267
puerto_montt,total,0.02919823207746202,0.16967552586277002
puerto_montt,total,0.036404483617543226,0.1331563617278822
puerto_montt,total,0.04538926959495454,0.10277062692295291
puerto_montt,total,0.05659154009729356,0.0781145449901465
puerto_montt,total,0.07055858001600415,0.058597881846252135
puerto_montt,total,0.08797274655037983,0.043502189341041955
puerto_montt,total,0.10968480564464235,0.03205131037770772
puerto_montt,total,0.13675549600367723,0.023488952712443997
puerto_montt,total,0.17050735128986647,0.017139441707014348
puerto_montt,total,0.21258931226503822,0.012443786213760908
puerto_montt,total,0.2650572854919946,0.00896637424334913
puerto_montt,total,0.3304745842763549,0.006385310100921202
puerto_montt,total,0.412037158872693,0.004469528516428912
puerto_montt,total,0.513729734053947,0.0030560523906700836
puerto_montt,total,0.6405204821167169,0.0020283163285121177
puerto_montt,total,0.7986037420367598,0.0012986064361492026
puerto_montt,total,0.9957026427749722,0.0007969826902646677
puerto_montt,total,1.2414464153405262,0.00046575673739698636
puerto_montt,total,1.547840827123473,0.00025727526985428985
puerto_montt,total,1.92985472148076,0.00013295096566580462
puerto_montt,total,2.4061513178605933,6.328520569568351e-05
puerto_montt,total,3.0,2.6864039302517992e-05
puerto_aysen,total,0.005,0.29442292359776323
puerto_aysen,total,0.006234021895737255,0.2585157799777111
puerto_aysen,total,0.007772605799306304,0.22495747807302982
puerto_aysen,total,0.009690918947961973,0.1941513532253215
puerto_aysen,total,0.012082680182281997,0.16631469769292745
puerto_aysen,total,0.015064738563107317,0.14150280850840494
puerto_aysen,total,0.01878278201119368,0.11964056416446103
puerto_aysen,total,0.023418454864128246,0.10055747392340567
puerto_aysen,total,0.02919823207746202,0.08401754307888906
puerto_aysen,total,0.036404483617543226,0.06975062050389823
puerto_aysen,total,0.04538926959495454,0.05747288624158827
puerto_aysen,total,0.05659154009729356,0.046911561679677125
puerto_aysen,total,0.07055858001600415,0.037830667456710924
puerto_aysen,total,0.08797274655037983,0.03004676937425829
puerto_aysen,total,0.10968480564464235,0.023429928169690507
puerto_aysen,total,0.13675549600367723,0.01788626081369585
puerto_aysen,total,0.17050735128986647,0.013332111884612828
puerto_aysen,total,0.21258931226503822,0.009674006178614945
puerto_aysen,total,0.2650572854919946,0.006803210233219944
puerto_aysen,total,0.3304745842763549,0.004605698836528788
puerto_aysen,total,0.412037158872693,0.0029738017001889575
puerto_aysen,total,0.513729734053947,0.0018108734169807101
puerto_aysen,total,0.6405204821167169,0.0010270754239959843
puerto_aysen,total,0.7986037420367598,0.0005357499874917038
puerto_aysen,total,0.9957026427749722,0.0002536229366022439
puerto_aysen,total,1.2414464153405262,0.00010673563467957189
puerto_aysen,total,1.547840827123473,3.8239558788318837e-05
puerto_aysen,total,1.92985472148076,1.048850723011406e-05
puerto_aysen,total,2.4061513178605933,1.7198165414787322e-06
puerto_aysen,total,3.0,4.345071530796264e-08
iquique,Interface,0.005,0.3662084785103798
iquique,Interface,0.006234021895737255,0.3322044417262078
iquique,Interface,0.007772605799306304,0.29805430084466933
iquique,Interface,0.009690918947961973,0.26430001199245456
iquique,Interface,0.012082680182281997,0.2314832302927971
iquique,Interface,0.015064738563107317,0.2001235291361809
iquique,Interface,0.01878278201119368,0.17069242045283317
iquique,Interface,0.023418454864128246,0.1435878197848797
iquique,Interface,0.02919823207746202,0.1191108387708664
iquique,Interface,0.036404483617543226,0.09744972683489322
iquique,Interface,0.04538926959495454,0.07866987004876137
iquique,Interface,0.05659154009729356,0.06271810494363309
iquique,Interface,0.07055858001600415,0.049435003176331524
iquique,Interface,0.08797274655037983,0.0385760784894228
iquique,Interface,0.10968480564464235,0.029841635823249817
iquique,Interface,0.13675549600367723,0.022909828051924708
iquique,Interface,0.17050735128986647,0.017462946623563767
iquique,Interface,0.21258931226503822,0.013210722729563713
iquique,Interface,0.2650572854919946,0.009902906296774747
iquique,Interface,0.3304745842763549,0.007334756893105806
iquique,Interface,0.412037158872693,0.005346800470724703
iquique,Interface,0.513729734053947,0.0038170879986137154
iquique,Interface,0.6405204821167169,0.002653503881301731
iquique,Interface,0.7986037420367598,0.0017854548082686962
iquique,Interface,0.9957026427749722,0.0011557795223779976
iquique,Interface,1.2414464153405262,0.0007153821887914092
iquique,Interface,1.547840827123473,0.0004205838596681133
iquique,Interface,1.92985472148076,0.0002331053219677415
iquique,Interface,2.4061513178605933,0.00012055325554683805
iquique,Interface,3.0,5.724793827539543e-05
antofagasta,Interface,0.005,0.39599667817354206
antofagasta,Interface,0.006234021895737255,0.3630634015798569
antofagasta,Interface,0.007772605799306304,0.32978496760129933
antofagasta,Interface,0.009690918947961973,0.29655076593160634
antofagasta,Interface,0.012082680182281997,0.26377052634954457
antofagasta,Interface,0.015064738563107317,0.23187464371323585
antofagasta,Interface,0.01878278201119368,0.20130343645811083
antofagasta,Interface,0.023418454864128246,0.17248727872967723
antofagasta,Interface,0.02919823207746202,0.1458183790743351
antofagasta,Interface,0.036404483617543226,0.12161962144076825
antofagasta,Interface,0.04538926959495454,0.10011539198458196
antofagasta,Interface,0.05659154009729356,0.08140911176800728
antofagasta,Interface,0.07055858001600415,0.0654786490276456
antofagasta,Interface,0.08797274655037983,0.0521833299472928
antofagasta,Interface,0.10968480564464235,0.04128568764775992
antofagasta,Interface,0.13675549600367723,0.03248600549995899
antofagasta,Interface,0.17050735128986647,0.025455487221479417
antofagasta,Interface,0.21258931226503822,0.01987049812451005
antofagasta,Interface,0.2650572854919946,0.015437435675412418
antofagasta,Interface,0.3304745842763549,0.011908001182600856
antofagasta,Interface,0.412037158872693,0.009084559911862015
antofagasta,Interface,0.513729734053947,0.0068202084582299
antofagasta,Interface,0.6405204821167169,0.005009128171950579
antofagasta,Interface,0.7986037420367598,0.00357622669544071
antofagasta,Interface,0.9957026427749722,0.0024660664424300195
antofagasta,Interface,1.2414464153405262,0.0016322774009313434
antofagasta,Interface,1.547840827123473,0.0010306894406676291
antofagasta,Interface,1.92985472148076,0.0006169420274090954
antofagasta,Interface,2.4061513178605933,0.0003475681926647667
antofagasta,Interface,3.0,0.00018252264759212268
copiapo,Interface,0.005,0.3528950709104538
copiapo,Interface,0.006234021895737255,0.31604930937290193
copiapo,Interface,0.007772605799306304,0.2795345836877823
copiapo,Interface,0.009690918947961973,0.24403651878237725
copiapo,Interface,0.012082680182281997,0.2102035702764988
copiapo,Interface,0.015064738563107317,0.17860991463065148
copiapo,Interface,0.01878278201119368,0.14971847742795946
copiapo,Interface,0.023418454864128246,0.12385413385927678
copiapo,Interface,0.02919823207746202,0.10118862859904766
copiapo,Interface,0.036404483617543226,0.08174028545618058
copiapo,Interface,0.04538926959495454,0.06539009016007186
copiapo,Interface,0.05659154009729356,0.051908885017037394
copiapo,Interface,0.07055858001600415,0.0409849051386118
copiapo,Interface,0.08797274655037983,0.032261490616947414
copiapo,Interface,0.10968480564464235,0.025371767431497577
copiapo,Interface,0.13675549600367723,0.01996207870543003
copiapo,Interface,0.17050735128986647,0.01571370548568666
copiapo,Interface,0.21258931226503822,0.012355405120179058
copiapo,Interface,0.2650572854919946,0.009669472379609943
copiapo,Interface,0.3304745842763549,0.007492743497714401
copiapo,Interface,0.412037158872693,0.005711173666641116
copiapo,Interface,0.513729734053947,0.004251234945841134
copiapo,Interface,0.6405204821167169,0.0030678361258469527
copiapo,Interface,0.7986037420367598,0.0021311809960752725
copiapo,Interface,0.9957026427749722,0.0014159252401441337
copiapo,Interface,1.2414464153405262,0.0008941101608797909
copiapo,Interface,1.547840827123473,0.0005332379211904481
copiapo,Interface,1.92985472148076,0.00029813532397383825
copiapo,Interface,2.4061513178605933,0.00015458742636837998
copiapo,Interface,3.0,7.283677812665701e-05
valparaiso,Interface,0.005,0.3879434710741044
valparaiso,Interface,0.006234021895737255,0.35439275473356247
valparaiso,Interface,0.007772605799306304,0.32058543324470523
valparaiso,Interface,0.009690918947961973,0.2869723290205002
valparaiso,Interface,0.012082680182281997,0.25401659399271015
valparaiso,Interface,0.015064738563107317,0.22218469947576525
valparaiso,Interface,0.01878278201119368,0.1919281475245953
valparaiso,Interface,0.023418454864128246,0.16366223946213723
valparaiso,Interface,0.02919823207746202,0.13774044156074525
valparaiso,Interface,0.036404483617543226,0.11443023823201656
valparaiso,Interface,0.04538926959495454,0.09389283031225204
valparaiso,Interface,0.05659154009729356,0.07616998754441738
valparaiso,Interface,0.07055858001600415,0.061187356635928156
valparaiso,Interface,0.08797274655037983,0.048765215016901495
valparaiso,Interface,0.10968480564464235,0.03864030197262764
valparaiso,Interface,0.13675549600367723,0.030499864742159842
valparaiso,Interface,0.17050735128986647,0.02401352860033512
valparaiso,Interface,0.21258931226503822,0.0188626978173852
valparaiso,Interface,0.2650572854919946,0.014763315804302693
valparaiso,Interface,0.3304745842763549,0.01147900518961251
valparaiso,Interface,0.412037158872693,0.008826881810091437
valparaiso,Interface,0.513729734053947,0.0066747683938592674
valparaiso,Interface,0.6405204821167169,0.004931047032587231
valparaiso,Interface,0.7986037420367598,0.003534672698006034
valparaiso,Interface,0.9957026427749722,0.0024421555851586165
valparaiso,Interface,1.2414464153405262,0.0016159826528746636
valparaiso,Interface,1.547840827123473,0.0010177478892728687
valparaiso,Interface,1.92985472148076,0.0006061776011483744
valparaiso,Interface,2.4061513178605933,0.00033894739841343834
valparaiso,Interface,3.0,0.00017610396593227052
santiago_centro,Interface,0.005,0.28814643710851673
santiago_centro,Interface,0.006234021895737255,0.2500351844727993
santiago_centro,Interface,0.007772605799306304,0.21379930675029757
santiago_centro,Interface,0.009690918947961973,0.18019933670759203
santiago_centro,Interface,0.012082680182281997,0.1498046398162842
santiago_centro,Interface,0.015064738563107317,0.12296409189701082
santiago_centro,Interface,0.01878278201119368,0.0998027551919222
santiago_centro,Interface,0.023418454864128246,0.08024536609649659
santiago_centro,Interface,0.02919823207746202,0.06405525952577591
santiago_centro,Interface,0.036404483617543226,0.05088382132351399
santiago_centro,Interface,0.04538926959495454,0.0403209188953042
santiago_centro,Interface,0.05659154009729356,0.031940979175269606
santiago_centro,Interface,0.07055858001600415,0.02533794857561588
santiago_centro,Interface,0.08797274655037983,0.02014420557767153
santiago_centro,Interface,0.10968480564464235,0.016043145433068277
santiago_centro,Interface,0.13675549600367723,0.012773808259516954
santiago_centro,Interface,0.17050735128986647,0.010130855543538929
santiago_centro,Interface,0.21258931226503822,0.00796189410611987
santiago_centro,Interface,0.2650572854919946,0.006161647154949606
santiago_centro,Interface,0.3304745842763549,0.004663213100284338
santiago_centro,Interface,0.412037158872693,0.003426957398187369
santiago_centro,Interface,0.513729734053947,0.002428784796502441
santiago_centro,Interface,0.6405204821167169,0.0016494664689525964
santiago_centro,Interface,0.7986037420367598,0.001066875500837341
santiago_centro,Interface,0.9957026427749722,0.0006532937637530267
santiago_centro,Interface,1.2414464153405262,0.00037623953656293455
santiago_centro,Interface,1.547840827123473,0.00020197517296765
santiago_centro,Interface,1.92985472148076,9.956085283192807e-05
santiago_centro,Interface,2.4061513178605933,4.367984551208793e-05
santiago_centro,Interface,3.0,1.5858043857406303e-05
santiago_penalolen,Interface,0.005,0.26844231367111204
santiago_penalolen,Interface,0.006234021895737255,0.23054226338863373
santiago_penalolen,Interface,0.007772605799306304,0.19502163499593733
santiago_penalolen,Interface,0.009690918947961973,0.16260044127702714
santiago_penalolen,Interface,0.012082680182281997,0.13375937744975092
santiago_penalolen,Interface,0.015064738563107317,0.10872622266411781
santiago_penalolen,Interface,0.01878278201119368,0.08749232605099679
santiago_penalolen,Interface,0.023418454864128246,0.06985572524368763
santiago_penalolen,Interface,0.02919823207746202,0.055474160686135296
santiago_penalolen,Interface,0.036404483617543226,0.043924133218824865
santiago_penalolen,Interface,0.04538926959495454,0.034754467867314814
santiago_penalolen,Interface,0.05659154009729356,0.02752972234040499
santiago_penalolen,Interface,0.07055858001600415,0.021853527519851923
santiago_penalolen,Interface,0.08797274655037983,0.017383040692657233
santiago_penalolen,Interface,0.10968480564464235,0.013834002520889043
santiago_penalolen,Interface,0.13675549600367723,0.010980385979637505
santiago_penalolen,Interface,0.17050735128986647,0.008651657644659281
santiago_penalolen,Interface,0.21258931226503822,0.006727048680186273
santiago_penalolen,Interface,0.2650572854919946,0.005127517972141504
santiago_penalolen,Interface,0.3304745842763549,0.0038046029349789027
santiago_penalolen,Interface,0.412037158872693,0.0027292784675955776
santiago_penalolen,Interface,0.513729734053947,0.001880551080685109
santiago_penalolen,Interface,0.6405204821167169,0.0012369204685091972
santiago_penalolen,Interface,0.7986037420367598,0.0007720210257684812
santiago_penalolen,Interface,0.9957026427749722,0.00045440859743393956
santiago_penalolen,Interface,1.2414464153405262,0.00025026778312167155
santiago_penalolen,Interface,1.547840827123473,0.0001273937083897181
santiago_penalolen,Interface,1.92985472148076,5.8542299011605796e-05
santiago_penalolen,Interface,2.4061513178605933,2.303951513567881e-05
santiago_penalolen,Interface,3.0,6.84489700404356e-06
concepcion,Interface,0.005,0.3967670148611069
concepcion,Interface,0.006234021895737255,0.362337948679924
concepcion,Interface,0.007772605799306304,0.32755660325288777
concepcion,Interface,0.009690918947961973,0.29292432844638827
concepcion,Interface,0.012082680182281997,0.25895853728055956
concepcion,Interface,0.015064738563107317,0.22617577180266382
concepcion,Interface,0.01878278201119368,0.19506733879446983
concepcion,Interface,0.023418454864128246,0.16607313156127929
concepcion,Interface,0.02919823207746202,0.13955573603510857
concepcion,Interface,0.036404483617543226,0.11577833727002144
concepcion,Interface,0.04538926959495454,0.09488719619810582
concepcion,Interface,0.05659154009729356,0.07690306633710861
concepcion,Interface,0.07055858001600415,0.06172910243272782
concepcion,Interface,0.08797274655037983,0.049163525216281416
concepcion,Interface,0.10968480564464235,0.038925355747342114
concepcion,Interface,0.13675549600367723,0.030689757596701388
concepcion,Interface,0.17050735128986647,0.024119451977312568
concepcion,Interface,0.21258931226503822,0.018893326800316572
concepcion,Interface,0.2650572854919946,0.014728422248736023
concepcion,Interface,0.3304745842763549,0.011391178248450162
concepcion,Interface,0.412037158872693,0.008701292159967126
concepcion,Interface,0.513729734053947,0.006528168432414532
concepcion,Interface,0.6405204821167169,0.004779984382912517
concepcion,Interface,0.7986037420367598,0.0033934069355018442
concepcion,Interface,0.9957026427749722,0.0023206886963453143
concepcion,Interface,1.2414464153405262,0.0015193662396632136
concepcion,Interface,1.547840827123473,0.0009464802249567584
concepcion,Interface,1.92985472148076,0.0005573985754745081
concepcion,Interface,2.4061513178605933,0.00030793335186899643
concepcion,Interface,3.0,0.00015781389600306284
pucon,Interface,0.005,0.24391546085476878
pucon,Interface,0.006234021895737255,0.20525504812598233
pucon,Interface,0.007772605799306304,0.17006380811333657
pucon,Interface,0.009690918947961973,0.13892014399170877
pucon,Interface,0.012082680182281997,0.11207233659923077
pucon,Interface,0.015064738563107317,0.08947580702602864
pucon,Interface,0.01878278201119368,0.07085599802434445
pucon,Interface,0.023418454864128246,0.05578312687575818
pucon,Interface,0.02919823207746202,0.04374971855431795
pucon,Interface,0.036404483617543226,0.03423827882856131
pucon,Interface,0.04538926959495454,0.02676468471065164
pucon,Interface,0.05659154009729356,0.020902075879275797
pucon,Interface,0.07055858001600415,0.01629272410646081
pucon,Interface,0.08797274655037983,0.012648236807435752
pucon,Interface,0.10968480564464235,0.009745881035923958
pucon,Interface,0.13675549600367723,0.007420436153188348
pucon,Interface,0.17050735128986647,0.005552979628555477
pucon,Interface,0.21258931226503822,0.004060470391996205
pucon,Interface,0.2650572854919946,0.0028835310437716546
pucon,Interface,0.3304745842763549,0.0019766655704006554
pucon,Interface,0.412037158872693,0.0013000687374733388
pucon,Interface,0.513729734053947,0.0008155034622177482
pucon,Interface,0.6405204821167169,0.0004848266748012975
pucon,Interface,0.7986037420367598,0.0002712332716328092
pucon,Interface,0.9957026427749722,0.0001414089446188882
pucon,Interface,1.2414464153405262,6.758642448403408e-05
pucon,Interface,1.547840827123473,2.8556921970448458e-05
pucon,Interface,1.92985472148076,9.915518453453843e-06
pucon,Interface,2.4061513178605933,2.4471659548908068e-06
pucon,Interface,3.0,2.469914968550313e-07
puerto_montt,Interface,0.005,0.317883215546608
puerto_montt,Interface,0.006234021895737255,0.27910185486078265
puerto_montt,Interface,0.007772605799306304,0.24166608631610875
puerto_montt,Interface,0.009690918947961973,0.20634489670395853
puerto_montt,Interface,0.012082680182281997,0.17376381099224092
puerto_montt,Interface,0.015064738563107317,0.14437218323349954
puerto_montt,Interface,0.01878278201119368,0.11842834264039995
puerto_montt,Interface,0.023418454864128246,0.09600549817085266
puerto_montt,Interface,0.02919823207746202,0.07701272659003736
puerto_montt,Interface,0.036404483617543226,0.061224634796381
puerto_montt,Interface,0.04538926959495454,0.04832225397229195
puerto_montt,Interface,0.05659154009729356,0.03793171472847462
puerto_montt,Interface,0.07055858001600415,0.029663310106843713
puerto_montt,Interface,0.08797274655037983,0.02313851185142994
puerto_montt,Interface,0.10968480564464235,0.01801204193383455
puerto_montt,Interface,0.13675549600367723,0.013984576286748053
puerto_montt,Interface,0.17050735128986647,0.010808330224826933
puerto_montt,Interface,0.21258931226503822,0.008288146136328578
puerto_montt,Interface,0.2650572854919946,0.006277217050082982
puerto_montt,Interface,0.3304745842763549,0.004669659989885986
puerto_montt,Interface,0.412037158872693,0.0033912521461024877
puerto_montt,Interface,0.513729734053947,0.0023891598242335023
puerto_montt,Interface,0.6405204821167169,0.0016227171034552158
puerto_montt,Interface,0.7986037420367598,0.0010560807585716248
puerto_montt,Interface,0.9957026427749722,0.0006545786687638611
puerto_montt,Interface,1.2414464153405262,0.000383858518616762
puerto_montt,Interface,1.547840827123473,0.00021136373645276764
puerto_montt,Interface,1.92985472148076,0.0001080538624955807
puerto_montt,Interface,2.4061513178605933,5.032593682699371e-05
puerto_montt,Interface,3.0,2.0438049559743377e-05
puerto_aysen,Interface,0.005,0.10873250998556613
puerto_aysen,Interface,0.006234021895737255,0.08796563133597375
puerto_aysen,Interface,0.007772605799306304,0.07002441570162773
puerto_aysen,Interface,0.009690918947961973,0.05495217766612768
puerto_aysen,Interface,0.012082680182281997,0.042602126710116865
puerto_aysen,Interface,0.015064738563107317,0.032698311507701874
puerto_aysen,Interface,0.01878278201119368,0.024897300694137814
puerto_aysen,Interface,0.023418454864128246,0.01883792605251074
puerto_aysen,Interface,0.02919823207746202,0.014178312979638577
puerto_aysen,Interface,0.036404483617543226,0.010619012480601668
puerto_aysen,Interface,0.04538926959495454,0.007910520443692804
puerto_aysen,Interface,0.05659154009729356,0.005851242695935071
puerto_aysen,Interface,0.07055858001600415,0.004286655401811004
puerto_aysen,Interface,0.08797274655037983,0.003100147244986147
puerto_aysen,Interface,0.10968480564464235,0.002204706952907145
puerto_aysen,Interface,0.13675549600367723,0.0015349961223546415
puerto_aysen,Interface,0.17050735128986647,0.0010412237222772092
puerto_aysen,Interface,0.21258931226503822,0.000684593024197966
puerto_aysen,Interface,0.2650572854919946,0.00043394295440521094
puerto_aysen,Interface,0.3304745842763549,0.00026371754123829307
puerto_aysen,Interface,0.412037158872693,0.00015275741388904863
puerto_aysen,Interface,0.513729734053947,8.372802112717183e-05
puerto_aysen,Interface,0.6405204821167169,4.298821779229911e-05
puerto_aysen,Interface,0.7986037420367598,2.037039157585241e-05
puerto_aysen,Interface,0.9957026427749722,8.669506678415928e-06
puerto_aysen,Interface,1.2414464153405262,3.1942549048835646e-06
puerto_aysen,Interface,1.547840827123473,9.543994462291038e-07
puerto_aysen,Interface,1.92985472148076,1.9960980218058922e-07
puerto_aysen,Interface,2.4061513178605933,1.6144875729651178e-08
puerto_aysen,Interface,3.0,0.0
iquique,Intraslab,0.005,0.9822014683485032
iquique,Intraslab,0.006234021895737255,0.966488373875618
iquique,Intraslab,0.007772605799306304,0.940969911813736
iquique,Intraslab,0.009690918947961973,0.9027417248487473
iquique,Intraslab,0.012082680182281997,0.8498728209733963
iquique,Intraslab,0.015064738563107317,0.7822036647796632
iquique,Intraslab,0.01878278201119368,0.7017502522468567
iquique,Intraslab,0.023418454864128246,0.6124999576807022
iquique,Intraslab,0.02919823207746202,0.5196571224927903
iquique,Intraslab,0.036404483617543226,0.42861103951931
iquique,Intraslab,0.04538926959495454,0.3439873090386391
iquique,Intraslab,0.05659154009729356,0.2690327697992325
iquique,Intraslab,0.07055858001600415,0.20542714193463327
iquique,Intraslab,0.08797274655037983,0.15345473900437356
iquique,Intraslab,0.10968480564464235,0.11236330181360246
iquique,Intraslab,0.13675549600367723,0.08079271383583546
iquique,Intraslab,0.17050735128986647,0.05712834272533655
iquique,Intraslab,0.21258931226503822,0.039768064357340344
iquique,Intraslab,0.2650572854919946,0.027271342501044273
iquique,Intraslab,0.3304745842763549,0.018423885777592658
iquique,Intraslab,0.412037158872693,0.012257487010210753
iquique,Intraslab,0.513729734053947,0.008024928066879511
iquique,Intraslab,0.6405204821167169,0.005162555598653853
iquique,Intraslab,0.7986037420367598,0.0032568133797030896
iquique,Intraslab,0.9957026427749722,0.002010241179959849
iquique,Intraslab,1.2414464153405262,0.0012106928235152735
iquique,Intraslab,1.547840827123473,0.0007090710724878592
iquique,Intraslab,1.92985472148076,0.0004021912083408097
iquique,Intraslab,2.4061513178605933,0.00021984904447890587
iquique,Intraslab,3.0,0.00011516740655679314
antofagasta,Intraslab,0.005,0.9613134640455245
antofagasta,Intraslab,0.006234021895737255,0.9336553192138672
antofagasta,Intraslab,0.007772605799306304,0.8937803167104721
antofagasta,Intraslab,0.009690918947961973,0.840629757642746
antofagasta,Intraslab,0.012082680182281997,0.7747432965040207
antofagasta,Intraslab,0.015064738563107317,0.6983171677589417
antofagasta,Intraslab,0.01878278201119368,0.6148469519615174
antofagasta,Intraslab,0.023418454864128246,0.5285114538669586
antofagasta,Intraslab,0.02919823207746202,0.44349957883358004
antofagasta,Intraslab,0.036404483617543226,0.3634354647994042
antofagasta,Intraslab,0.04538926959495454,0.2910160863399506
antofagasta,Intraslab,0.05659154009729356,0.2278776760399342
antofagasta,Intraslab,0.07055858001600415,0.17465162664651873
antofagasta,Intraslab,0.08797274655037983,0.1311465647816658
antofagasta,Intraslab,0.10968480564464235,0.0965845424681902
antofagasta,Intraslab,0.13675549600367723,0.06983392268419267
antofagasta,Intraslab,0.17050735128986647,0.0496179136633873
antofagasta,Intraslab,0.21258931226503822,0.03467131108045578
antofagasta,Intraslab,0.2650572854919946,0.023840837031602863
antofagasta,Intraslab,0.3304745842763549,0.016137015949934722
antofagasta,Intraslab,0.412037158872693,0.01075089761056006
antofagasta,Intraslab,0.513729734053947,0.007045194120146335
antofagasta,Intraslab,0.6405204821167169,0.004536917337682099
antofagasta,Intraslab,0.7986037420367598,0.0028672190383076668
antofagasta,Intraslab,0.9957026427749722,0.001773925309535116
antofagasta,Intraslab,1.2414464153405262,0.0010710931423818693
antofagasta,Intraslab,1.547840827123473,0.0006288956428761594
antofagasta,Intraslab,1.92985472148076,0.00035760728686000224
antofagasta,Intraslab,2.4061513178605933,0.00019591712181863842
antofagasta,Intraslab,3.0,0.00010277068648065324
copiapo,Intraslab,0.005,0.8916586905717852
copiapo,Intraslab,0.006234021895737255,0.846037621498108
copiapo,Intraslab,0.007772605799306304,0.7894950520992279
copiapo,Intraslab,0.009690918947961973,0.7228384214639664
copiapo,Intraslab,0.012082680182281997,0.6480190241336823
copiapo,Intraslab,0.015064738563107317,0.5679432547092438
copiapo,Intraslab,0.01878278201119368,0.4861015537381172
copiapo,Intraslab,0.023418454864128246,0.4060891178250313
copiapo,Intraslab,0.02919823207746202,0.3311244654655457
copiapo,Intraslab,0.036404483617543226,0.26367071479558946
copiapo,Intraslab,0.04538926959495454,0.20523335561156275
copiapo,Intraslab,0.05659154009729356,0.15635695442557335
copiapo,Intraslab,0.07055858001600415,0.1167677790671587
copiapo,Intraslab,0.08797274655037983,0.08561630412936211
copiapo,Intraslab,0.10968480564464235,0.06172669366002083
copiapo,Intraslab,0.13675549600367723,0.0438174743577838
copiapo,Intraslab,0.17050735128986647,0.030656385477632286
copiapo,Intraslab,0.21258931226503822,0.021154799424111845
copiapo,Intraslab,0.2650572854919946,0.014400489684194325
copiapo,Intraslab,0.3304745842763549,0.009667520690709353
copiapo,Intraslab,0.412037158872693,0.006396562368609012
copiapo,Intraslab,0.513729734053947,0.004165560568217188
copiapo,Intraslab,0.6405204821167169,0.0026648827502503995
copiapo,Intraslab,0.7986037420367598,0.0016709595074644312
copiapo,Intraslab,0.9957026427749722,0.0010241226546349935
copiapo,Intraslab,1.2414464153405262,0.0006114902194531168
copiapo,Intraslab,1.547840827123473,0.00035425373200268954
copiapo,Intraslab,1.92985472148076,0.0001981511601843522
copiapo,Intraslab,2.4061513178605933,0.00010641632854458294
copiapo,Intraslab,3.0,5.4518980944067154e-05
valparaiso,Intraslab,0.005,0.9419288748502732
valparaiso,Intraslab,0.006234021895737255,0.9154482537508011
valparaiso,Intraslab,0.007772605799306304,0.8805281448364259
valparaiso,Intraslab,0.009690918947961973,0.8362772345542908
valparaiso,Intraslab,0.012082680182281997,0.7824393039941789
valparaiso,Intraslab,0.015064738563107317,0.7195894211530686
valparaiso,Intraslab,0.01878278201119368,0.6492148470878601
valparaiso,Intraslab,0.023418454864128246,0.5736353754997254
valparaiso,Intraslab,0.02919823207746202,0.49576017618179324
valparaiso,Intraslab,0.036404483617543226,0.41872190415859223
valparaiso,Intraslab,0.04538926959495454,0.3454728689789772
valparaiso,Intraslab,0.05659154009729356,0.2784356912970543
valparaiso,Intraslab,0.07055858001600415,0.2192810381948948
valparaiso,Intraslab,0.08797274655037983,0.16885523796081545
valparaiso,Intraslab,0.10968480564464235,0.12724609918892385
valparaiso,Intraslab,0.13675549600367723,0.09393639355897904
valparaiso,Intraslab,0.17050735128986647,0.06800691552460195
valparaiso,Intraslab,0.21258931226503822,0.04833429284393788
valparaiso,Intraslab,0.2650572854919946,0.03375434469431639
valparaiso,Intraslab,0.3304745842763549,0.023174055535346273
valparaiso,Intraslab,0.412037158872693,0.015643350239843132
valparaiso,Intraslab,0.513729734053947,0.010378088504076004
valparaiso,Intraslab,0.6405204821167169,0.006760013969615101
valparaiso,Intraslab,0.7986037420367598,0.004317780605051667
valparaiso,Intraslab,0.9957026427749722,0.0026980763347819446
valparaiso,Intraslab,1.2414464153405262,0.0016437518666498365
valparaiso,Intraslab,1.547840827123473,0.000972486141254194
valparaiso,Intraslab,1.92985472148076,0.0005561159655917436
valparaiso,Intraslab,2.4061513178605933,0.00030567598267225546
valparaiso,Intraslab,3.0,0.00016041942213632866
santiago_centro,Intraslab,0.005,0.9182536298036577
santiago_centro,Intraslab,0.006234021895737255,0.8799981153011323
santiago_centro,Intraslab,0.007772605799306304,0.8298573797941209
santiago_centro,Intraslab,0.009690918947961973,0.767411723136902
santiago_centro,Intraslab,0.012082680182281997,0.6936958903074264
santiago_centro,Intraslab,0.015064738563107317,0.6113410443067551
santiago_centro,Intraslab,0.01878278201119368,0.5243064624071121
santiago_centro,Intraslab,0.023418454864128246,0.4372296389937401
santiago_centro,Intraslab,0.02919823207746202,0.3545897275209427
santiago_centro,Intraslab,0.036404483617543226,0.2799598982930183
santiago_centro,Intraslab,0.04538926959495454,0.21556902229785918
santiago_centro,Intraslab,0.05659154009729356,0.16223970502614976
santiago_centro,Intraslab,0.07055858001600415,0.1196291621029377
santiago_centro,Intraslab,0.08797274655037983,0.08662016406655312
santiago_centro,Intraslab,0.10968480564464235,0.06171245209872723
santiago_centro,Intraslab,0.13675549600367723,0.04333013232797385
santiago_centro,Intraslab,0.17050735128986647,0.03001292195171118
santiago_centro,Intraslab,0.21258931226503822,0.020514986254274847
santiago_centro,Intraslab,0.2650572854919946,0.013836550023406745
santiago_centro,Intraslab,0.3304745842763549,0.009199784458614886
santiago_centro,Intraslab,0.412037158872693,0.006021282114088535
santiago_centro,Intraslab,0.513729734053947,0.0038721048273146156
santiago_centro,Intraslab,0.6405204821167169,0.002440660782158375
santiago_centro,Intraslab,0.7986037420367598,0.001503224162152037
santiago_centro,Intraslab,0.9957026427749722,0.0009012486423307565
santiago_centro,Intraslab,1.2414464153405262,0.0005235080001148163
santiago_centro,Intraslab,1.547840827123473,0.0002930354903219268
santiago_centro,Intraslab,1.92985472148076,0.00015707097632002842
santiago_centro,Intraslab,2.4061513178605933,8.004842080254093e-05
santiago_centro,Intraslab,3.0,3.8471025584101425e-05
santiago_penalolen,Intraslab,0.005,0.9116330665349961
santiago_penalolen,Intraslab,0.006234021895737255,0.8706931239366532
santiago_penalolen,Intraslab,0.007772605799306304,0.8174314749240875
santiago_penalolen,Intraslab,0.009690918947961973,0.7517141038179398
santiago_penalolen,Intraslab,0.012082680182281997,0.6749946922063828
santiago_penalolen,Intraslab,0.015064738563107317,0.5903641921281815
santiago_penalolen,Intraslab,0.01878278201119368,0.5021528786420822
santiago_penalolen,Intraslab,0.023418454864128246,0.4151686152815819
santiago_penalolen,Intraslab,0.02919823207746202,0.33381513535976415
santiago_penalolen,Intraslab,0.036404483617543226,0.26138720601797105
santiago_penalolen,Intraslab,0.04538926959495454,0.1997276502847672
santiago_penalolen,Intraslab,0.05659154009729356,0.14928170546889308
santiago_penalolen,Intraslab,0.07055858001600415,0.10940716810524465
santiago_penalolen,Intraslab,0.08797274655037983,0.07880465276539325
santiago_penalolen,Intraslab,0.10968480564464235,0.05589289765805006
santiago_penalolen,Intraslab,0.13675549600367723,0.039092302992939955
santiago_penalolen,Intraslab,0.17050735128986647,0.02698253506794572
santiago_penalolen,Intraslab,0.21258931226503822,0.018383665662258866
santiago_penalolen,Intraslab,0.2650572854919946,0.012356742480769754
santiago_penalolen,Intraslab,0.3304745842763549,0.008184199859388173
santiago_penalolen,Intraslab,0.412037158872693,0.005332201218698174
santiago_penalolen,Intraslab,0.513729734053947,0.003410021815216169
santiago_penalolen,Intraslab,0.6405204821167169,0.0021347468672320248
santiago_penalolen,Intraslab,0.7986037420367598,0.0013035625065094792
santiago_penalolen,Intraslab,0.9957026427749722,0.0007731101060926449
santiago_penalolen,Intraslab,1.2414464153405262,0.00044307759344519587
santiago_penalolen,Intraslab,1.547840827123473,0.00024387804596699426
santiago_penalolen,Intraslab,1.92985472148076,0.0001280653013373012
santiago_penalolen,Intraslab,2.4061513178605933,6.367525263215157e-05
santiago_penalolen,Intraslab,3.0,2.9696161670229594e-05
concepcion,Intraslab,0.005,0.8495702213048935
concepcion,Intraslab,0.006234021895737255,0.8109723836183549
concepcion,Intraslab,0.007772605799306304,0.7655761456489563
concepcion,Intraslab,0.009690918947961973,0.7135045778751374
concepcion,Intraslab,0.012082680182281997,0.6553661614656449
concepcion,Intraslab,0.015064738563107317,0.5922916048765183
concepcion,Intraslab,0.01878278201119368,0.5258974608778955
concepcion,Intraslab,0.023418454864128246,0.4581649380922318
concepcion,Intraslab,0.02919823207746202,0.3912515798211098
concepcion,Intraslab,0.036404483617543226,0.32726000070571903
concepcion,Intraslab,0.04538926959495454,0.2680152413249016
concepcion,Intraslab,0.05659154009729356,0.21489064171910288
concepcion,Intraslab,0.07055858001600415,0.16871510520577432
concepcion,Intraslab,0.08797274655037983,0.12976836368441583
concepcion,Intraslab,0.10968480564464235,0.09784654140472412
concepcion,Intraslab,0.13675549600367723,0.07238255344331265
concepcion,Intraslab,0.17050735128986647,0.052576927505433566
concepcion,Intraslab,0.21258931226503822,0.03753012306988239
concepcion,Intraslab,0.2650572854919946,0.026342827323824168
concepcion,Intraslab,0.3304745842763549,0.01818589197471738
concepcion,Intraslab,0.412037158872693,0.012345785144716502
concepcion,Intraslab,0.513729734053947,0.00823473747819662
concepcion,Intraslab,0.6405204821167169,0.005389179633930326
concepcion,Intraslab,0.7986037420367598,0.003454859568737447
concepcion,Intraslab,0.9957026427749722,0.0021636053954716774
concepcion,Intraslab,1.2414464153405262,0.0013187245407607407
concepcion,Intraslab,1.547840827123473,0.0007788091350812465
concepcion,Intraslab,1.92985472148076,0.000443441017268924
concepcion,Intraslab,2.4061513178605933,0.00024198068051191514
concepcion,Intraslab,3.0,0.00012562847990921
pucon,Intraslab,0.005,0.5271504324674607
pucon,Intraslab,0.006234021895737255,0.4599606263637543
pucon,Intraslab,0.007772605799306304,0.3935372138023377
pucon,Intraslab,0.009690918947961973,0.3299101021885872
pucon,Intraslab,0.012082680182281997,0.2708703228831291
pucon,Intraslab,0.015064738563107317,0.2178034119307995
pucon,Intraslab,0.01878278201119368,0.17157970905303954
pucon,Intraslab,0.023418454864128246,0.13252522632479669
pucon,Intraslab,0.02919823207746202,0.10047105111181737
pucon,Intraslab,0.036404483617543226,0.0748640774935484
pucon,Intraslab,0.04538926959495454,0.054905447699129584
pucon,Intraslab,0.05659154009729356,0.03968893468379975
pucon,Intraslab,0.07055858001600415,0.028312254548072815
pucon,Intraslab,0.08797274655037983,0.019950936026871206
pucon,Intraslab,0.10968480564464235,0.013896661736071111
pucon,Intraslab,0.13675549600367723,0.009569548973813654
pucon,Intraslab,0.17050735128986647,0.006513442783616484
pucon,Intraslab,0.21258931226503822,0.004377682120539248
pucon,Intraslab,0.2650572854919946,0.0029006367537658664
pucon,Intraslab,0.3304745842763549,0.001891080002533272
pucon,Intraslab,0.412037158872693,0.0012101024546427653
pucon,Intraslab,0.513729734053947,0.0007577221738756635
pucon,Intraslab,0.6405204821167169,0.0004625110565393698
pucon,Intraslab,0.7986037420367598,0.00027397391335398424
pucon,Intraslab,0.9957026427749722,0.00015666018263800653
pucon,Intraslab,1.2414464153405262,8.59400029094104e-05
pucon,Intraslab,1.547840827123473,4.490274822273932e-05
pucon,Intraslab,1.92985472148076,2.216188661321894e-05
pucon,Intraslab,2.4061513178605933,1.0236859597086977e-05
pucon,Intraslab,3.0,4.301830213080393e-06
puerto_montt,Intraslab,0.005,0.2683193288743496
puerto_montt,Intraslab,0.006234021895737255,0.22992514923214913
puerto_montt,Intraslab,0.007772605799306304,0.1944705480337143
puerto_montt,Intraslab,0.009690918947961973,0.16227549731731417
puerto_montt,Intraslab,0.012082680182281997,0.13352511160075664
puerto_montt,Intraslab,0.015064738563107317,0.10828238904476167
puerto_montt,Intraslab,0.01878278201119368,0.08650280326604844
puerto_montt,Intraslab,0.023418454864128246,0.06804855175316335
puerto_montt,Intraslab,0.02919823207746202,0.05270269457250834
puerto_montt,Intraslab,0.036404483617543226,0.04018572937697172
puerto_montt,Intraslab,0.04538926959495454,0.030173715222626928
puerto_montt,Intraslab,0.05659154009729356,0.02231981948018074
puerto_montt,Intraslab,0.07055858001600415,0.016274418253451585
puerto_montt,Intraslab,0.08797274655037983,0.01170486057177186
puerto_montt,Intraslab,0.10968480564464235,0.008309251200407744
puerto_montt,Intraslab,0.13675549600367723,0.005825595958158375
puerto_montt,Intraslab,0.17050735128986647,0.004035423630848528
puerto_montt,Intraslab,0.21258931226503822,0.002762517530936748
puerto_montt,Intraslab,0.2650572854919946,0.001868430229369551
puerto_montt,Intraslab,0.3304745842763549,0.0012479055603034795
puerto_montt,Intraslab,0.412037158872693,0.0008222843008115889
puerto_montt,Intraslab,0.513729734053947,0.0005335953005123884
puerto_montt,Intraslab,0.6405204821167169,0.00034020510080154056
puerto_montt,Intraslab,0.7986037420367598,0.00021251451980788263
puerto_montt,Intraslab,0.9957026427749722,0.00012960551510332152
puerto_montt,Intraslab,1.2414464153405262,7.683365100092488e-05
puerto_montt,Intraslab,1.547840827123473,4.4050620417692705e-05
puerto_montt,Intraslab,1.92985472148076,2.4275222231153747e-05
puerto_montt,Intraslab,2.4061513178605933,1.277084321259281e-05
puerto_montt,Intraslab,3.0,6.366095153396146e-06
puerto_aysen,Intraslab,0.005,0.016579419765621425
puerto_aysen,Intraslab,0.006234021895737255,0.013127329889684916
puerto_aysen,Intraslab,0.007772605799306304,0.010253989519551397
puerto_aysen,Intraslab,0.009690918947961973,0.007902498585171999
puerto_aysen,Intraslab,0.012082680182281997,0.006009766510687769
puerto_aysen,Intraslab,0.015064738563107317,0.004510858324356377
puerto_aysen,Intraslab,0.01878278201119368,0.0033424645941704514
puerto_aysen,Intraslab,0.023418454864128246,0.002445542134810239
puerto_aysen,Intraslab,0.02919823207746202,0.0017671036557294429
puerto_aysen,Intraslab,0.036404483617543226,0.0012611653294879945
puerto_aysen,Intraslab,0.04538926959495454,0.0008889704442117364
puerto_aysen,Intraslab,0.05659154009729356,0.000618731914437376
puerto_aysen,Intraslab,0.07055858001600415,0.0004250304284505546
puerto_aysen,Intraslab,0.08797274655037983,0.0002879495965316892
puerto_aysen,Intraslab,0.10968480564464235,0.00019222300543333406
puerto_aysen,Intraslab,0.13675549600367723,0.0001262832782958867
puerto_aysen,Intraslab,0.17050735128986647,8.155089897627477e-05
puerto_aysen,Intraslab,0.21258931226503822,5.169459629541962e-05
puerto_aysen,Intraslab,0.2650572854919946,3.21266572427703e-05
puerto_aysen,Intraslab,0.3304745842763549,1.955727105269034e-05
puerto_aysen,Intraslab,0.412037158872693,1.1654880445348681e-05
puerto_aysen,Intraslab,0.513729734053947,6.795893646085461e-06
puerto_aysen,Intraslab,0.6405204821167169,3.874973716619934e-06
puerto_aysen,Intraslab,0.7986037420367598,2.158806274792369e-06
puerto_aysen,Intraslab,0.9957026427749722,1.1732778429518477e-06
puerto_aysen,Intraslab,1.2414464153405262,6.206809597131269e-07
puerto_aysen,Intraslab,1.547840827123473,3.189954545046447e-07
puerto_aysen,Intraslab,1.92985472148076,1.5865875266363183e-07
puerto_aysen,Intraslab,2.4061513178605933,7.600125087492415e-08
puerto_aysen,Intraslab,3.0,3.436915079646497e-08
iquique,Crustal,0.005,0.4516099141910672
iquique,Crustal,0.006234021895737255,0.39306476479396224
iquique,Crustal,0.007772605799306304,0.336367872543633
iquique,Crustal,0.009690918947961973,0.28280057990923524
iquique,Crustal,0.012082680182281997,0.23345444188453257
iquique,Crustal,0.015064738563107317,0.18915166892111301
iquique,Crustal,0.01878278201119368,0.15038969868328422
iquique,Crustal,0.023418454864128246,0.11732957849744707
iquique,Crustal,0.02919823207746202,0.08982377441134304
iquique,Crustal,0.036404483617543226,0.06747929635457695
iquique,Crustal,0.04538926959495454,0.04973716620588675
iquique,Crustal,0.05659154009729356,0.03595398255856708
iquique,Crustal,0.07055858001600415,0.025472002977039665
iquique,Crustal,0.08797274655037983,0.017670044951955788
iquique,Crustal,0.10968480564464235,0.011990757455350831
iquique,Crustal,0.13675549600367723,0.00795392642612569
iquique,Crustal,0.17050735128986647,0.005157335494004656
iquique,Crustal,0.21258931226503822,0.003271171048254473
iquique,Crustal,0.2650572854919946,0.002032509866694454
iquique,Crustal,0.3304745842763549,0.0012376744257380778
iquique,Crustal,0.412037158872693,0.0007375055104148487
iquique,Crustal,0.513729734053947,0.00042743638971387554
iquique,Crustal,0.6405204821167169,0.00023855529798311181
iquique,Crustal,0.7986037420367598,0.00012640776981243107
iquique,Crustal,0.9957026427749722,6.26496740494531e-05
iquique,Crustal,1.2414464153405262,2.86001578082562e-05
iquique,Crustal,1.547840827123473,1.1726122806976491e-05
iquique,Crustal,1.92985472148076,4.04530694009253e-06
iquique,Crustal,2.4061513178605933,1.0104224951734686e-06
iquique,Crustal,3.0,1.3774213808610825e-07
antofagasta,Crustal,0.005,0.3065227400511503
antofagasta,Crustal,0.006234021895737255,0.2626052494160831
antofagasta,Crustal,0.007772605799306304,0.22220451151952147
antofagasta,Crustal,0.009690918947961973,0.18561118678189814
antofagasta,Crustal,0.012082680182281997,0.1529759152326733
antofagasta,Crustal,0.015064738563107317,0.1243212369736284
antofagasta,Crustal,0.01878278201119368,0.09955508378334343
antofagasta,Crustal,0.023418454864128246,0.07848772709257901
antofagasta,Crustal,0.02919823207746202,0.0608531889738515
antofagasta,Crustal,0.036404483617543226,0.04633315349929035
antofagasta,Crustal,0.04538926959495454,0.03458066959865391
antofagasta,Crustal,0.05659154009729356,0.02524175454163924
antofagasta,Crustal,0.07055858001600415,0.01797111995983869
antofagasta,Crustal,0.08797274655037983,0.012441978236893192
antofagasta,Crustal,0.10968480564464235,0.008349234856723342
antofagasta,Crustal,0.13675549600367723,0.005411802056187298
antofagasta,Crustal,0.17050735128986647,0.0033757061391952448
antofagasta,Crustal,0.21258931226503822,0.00201785297394963
antofagasta,Crustal,0.2650572854919946,0.0011499740094222943
antofagasta,Crustal,0.3304745842763549,0.0006211096911101777
antofagasta,Crustal,0.412037158872693,0.00031554970610159216
antofagasta,Crustal,0.513729734053947,0.00014956425911805127
antofagasta,Crustal,0.6405204821167169,6.52512587464571e-05
antofagasta,Crustal,0.7986037420367598,2.588041213869019e-05
antofagasta,Crustal,0.9957026427749722,9.218401537225418e-06
antofagasta,Crustal,1.2414464153405262,2.95668297045637e-06
antofagasta,Crustal,1.547840827123473,8.647106048975672e-07
antofagasta,Crustal,1.92985472148076,2.2103823438257564e-07
antofagasta,Crustal,2.4061513178605933,4.494641059338278e-08
antofagasta,Crustal,3.0,7.97355417803125e-09
copiapo,Crustal,0.005,0.3550368454307318
copiapo,Crustal,0.006234021895737255,0.30135865695774555
copiapo,Crustal,0.007772605799306304,0.2520960283000022
copiapo,Crustal,0.009690918947961973,0.2078300602734089
copiapo,Crustal,0.012082680182281997,0.1688435603864491
copiapo,Crustal,0.015064738563107317,0.13515838771127164
copiapo,Crustal,0.01878278201119368,0.10658297478221357
copiapo,Crustal,0.023418454864128246,0.0827686341945082
copiapo,Crustal,0.02919823207746202,0.06326402694685385
copiapo,Crustal,0.036404483617543226,0.04756258422276005
copiapo,Crustal,0.04538926959495454,0.03514101525070146
copiapo,Crustal,0.05659154009729356,0.02548776866751723
copiapo,Crustal,0.07055858001600415,0.0181225570559036
copiapo,Crustal,0.08797274655037983,0.012610412697540596
copiapo,Crustal,0.10968480564464235,0.008568465818825644
copiapo,Crustal,0.13675549600367723,0.005669628648320213
copiapo,Crustal,0.17050735128986647,0.003641174756921828
copiapo,Crustal,0.21258931226503822,0.002260680717881769
copiapo,Crustal,0.2650572854919946,0.001350617516436614
copiapo,Crustal,0.3304745842763549,0.0007723268863628618
copiapo,Crustal,0.412037158872693,0.0004199058676022105
copiapo,Crustal,0.513729734053947,0.00021540215493587311
copiapo,Crustal,0.6405204821167169,0.00010328917232982349
copiapo,Crustal,0.7986037420367598,4.581253460855805e-05
copiapo,Crustal,0.9957026427749722,1.8596312202134868e-05
copiapo,Crustal,1.2414464153405262,6.867340459848492e-06
copiapo,Crustal,1.547840827123473,2.2528545997602123e-06
copiapo,Crustal,1.92985472148076,6.056036134793885e-07
copiapo,Crustal,2.4061513178605933,1.0919835302658498e-07
copiapo,Crustal,3.0,1.249794776003732e-08
valparaiso,Crustal,0.005,0.526896211784333
valparaiso,Crustal,0.006234021895737255,0.4620865024626255
valparaiso,Crustal,0.007772605799306304,0.3987723267637193
valparaiso,Crustal,0.009690918947961973,0.33848213497549295
valparaiso,Crustal,0.012082680182281997,0.2824893626384437
valparaiso,Crustal,0.015064738563107317,0.23173890355974436
valparaiso,Crustal,0.01878278201119368,0.1868107309564948
valparaiso,Crustal,0.023418454864128246,0.1479286882095039
valparaiso,Crustal,0.02919823207746202,0.11501040915027261
valparaiso,Crustal,0.036404483617543226,0.087735531385988
valparaiso,Crustal,0.04538926959495454,0.06561543326824903
valparaiso,Crustal,0.05659154009729356,0.04805903625674546
valparaiso,Crustal,0.07055858001600415,0.034427264909027144
valparaiso,Crustal,0.08797274655037983,0.024077387701254338
valparaiso,Crustal,0.10968480564464235,0.016399361687945202
valparaiso,Crustal,0.13675549600367723,0.010841965646250173
valparaiso,Crustal,0.17050735128986647,0.0069272412583814
valparaiso,Crustal,0.21258931226503822,0.004254127481544856
valparaiso,Crustal,0.2650572854919946,0.0024942640047811437
valparaiso,Crustal,0.3304745842763549,0.0013853268619641312
valparaiso,Crustal,0.412037158872693,0.0007221964069685782
valparaiso,Crustal,0.513729734053947,0.00034947103949889424
valparaiso,Crustal,0.6405204821167169,0.0001547953524436707
valparaiso,Crustal,0.7986037420367598,6.175315694179062e-05
valparaiso,Crustal,0.9957026427749722,2.1670921228178486e-05
valparaiso,Crustal,1.2414464153405262,6.535220588688162e-06
valparaiso,Crustal,1.547840827123473,1.6377427520808396e-06
valparaiso,Crustal,1.92985472148076,3.344895492807254e-07
valparaiso,Crustal,2.4061513178605933,4.6826632085772424e-08
valparaiso,Crustal,3.0,6.947565314718851e-09
santiago_centro,Crustal,0.005,0.6295361435040832
santiago_centro,Crustal,0.006234021895737255,0.5576366777531803
santiago_centro,Crustal,0.007772605799306304,0.48381773103028536
santiago_centro,Crustal,0.009690918947961973,0.41096963500604033
santiago_centro,Crustal,0.012082680182281997,0.34175020502880216
santiago_centro,Crustal,0.015064738563107317,0.2782717722002417
santiago_centro,Crustal,0.01878278201119368,0.22193838679231703
santiago_centro,Crustal,0.023418454864128246,0.17343305074609816
santiago_centro,Crustal,0.02919823207746202,0.13281239417847246
santiago_centro,Crustal,0.036404483617543226,0.09965979389380664
santiago_centro,Crustal,0.04538926959495454,0.07325178093742579
santiago_centro,Crustal,0.05659154009729356,0.05270203680265695
santiago_centro,Crustal,0.07055858001600415,0.037073525512823835
santiago_centro,Crustal,0.08797274655037983,0.025457586511038244
santiago_centro,Crustal,0.10968480564464235,0.017024281580233946
santiago_centro,Crustal,0.13675549600367723,0.011051665896957275
santiago_centro,Crustal,0.17050735128986647,0.00693637926451629
santiago_centro,Crustal,0.21258931226503822,0.004188300539681222
santiago_centro,Crustal,0.2650572854919946,0.002419049547825125
santiago_centro,Crustal,0.3304745842763549,0.0013275464207254117
santiago_centro,Crustal,0.412037158872693,0.000686953289914527
santiago_centro,Crustal,0.513729734053947,0.0003319482932511164
santiago_centro,Crustal,0.6405204821167169,0.00014808594858095603
santiago_centro,Crustal,0.7986037420367598,6.0254214588439936e-05
santiago_centro,Crustal,0.9957026427749722,2.2165098322091126e-05
santiago_centro,Crustal,1.2414464153405262,7.360148948976075e-06
santiago_centro,Crustal,1.547840827123473,2.197730506914297e-06
santiago_centro,Crustal,1.92985472148076,5.568389136456631e-07
santiago_centro,Crustal,2.4061513178605933,1.0556994389787633e-07
santiago_centro,Crustal,3.0,1.9585309929404104e-08
santiago_penalolen,Crustal,0.005,0.6462241476401687
santiago_penalolen,Crustal,0.006234021895737255,0.5754781728610396
santiago_penalolen,Crustal,0.007772605799306304,0.5021172948181629
santiago_penalolen,Crustal,0.009690918947961973,0.4290277441032231
santiago_penalolen,Crustal,0.012082680182281997,0.3589490666054189
santiago_penalolen,Crustal,0.015064738563107317,0.29412573389708996
santiago_penalolen,Crustal,0.01878278201119368,0.23611013847403228
santiago_penalolen,Crustal,0.023418454864128246,0.1857219140511006
santiago_penalolen,Crustal,0.02919823207746202,0.14314077945891768
santiago_penalolen,Crustal,0.036404483617543226,0.10805754654575139
santiago_penalolen,Crustal,0.04538926959495454,0.0798390238196589
santiago_penalolen,Crustal,0.05659154009729356,0.05767074436880648
santiago_penalolen,Crustal,0.07055858001600415,0.04066653968766332
santiago_penalolen,Crustal,0.08797274655037983,0.027943106048041955
santiago_penalolen,Crustal,0.10968480564464235,0.018669873490580358
santiago_penalolen,Crustal,0.13675549600367723,0.012100144638679922
santiago_penalolen,Crustal,0.17050735128986647,0.0075885063779423945
santiago_penalolen,Crustal,0.21258931226503822,0.004594644338794751
santiago_penalolen,Crustal,0.2650572854919946,0.002681078971363604
santiago_penalolen,Crustal,0.3304745842763549,0.001506498086200736
santiago_penalolen,Crustal,0.412037158872693,0.0008148810975399101
santiago_penalolen,Crustal,0.513729734053947,0.0004241251274379465
santiago_penalolen,Crustal,0.6405204821167169,0.0002119011888339628
santiago_penalolen,Crustal,0.7986037420367598,0.00010143458530365024
santiago_penalolen,Crustal,0.9957026427749722,4.62998396386638e-05
santiago_penalolen,Crustal,1.2414464153405262,2.0033611825454045e-05
santiago_penalolen,Crustal,1.547840827123473,8.092305705531544e-06
santiago_penalolen,Crustal,1.92985472148076,2.901109711572758e-06
santiago_penalolen,Crustal,2.4061513178605933,7.837712936442642e-07
santiago_penalolen,Crustal,3.0,1.3143474587862247e-07
concepcion,Crustal,0.005,0.35692461393773556
concepcion,Crustal,0.006234021895737255,0.3075849711894989
concepcion,Crustal,0.007772605799306304,0.2609311684500426
concepcion,Crustal,0.009690918947961973,0.21790210693143308
concepcion,Crustal,0.012082680182281997,0.17914560437202454
concepcion,Crustal,0.015064738563107317,0.14499697752762586
concepcion,Crustal,0.01878278201119368,0.11551395326387137
concepcion,Crustal,0.023418454864128246,0.09054117801133543
concepcion,Crustal,0.02919823207746202,0.06977874779840931
concepcion,Crustal,0.036404483617543226,0.052834241883829236
concepcion,Crustal,0.04538926959495454,0.039265572995645925
concepcion,Crustal,0.05659154009729356,0.02861076101544313
concepcion,Crustal,0.07055858001600415,0.020412011348525994
concepcion,Crustal,0.08797274655037983,0.014235029797418974
concepcion,Crustal,0.10968480564464235,0.009683043899713084
concepcion,Crustal,0.13675549600367723,0.006407190427125897
concepcion,Crustal,0.17050735128986647,0.004110250094527146
concepcion,Crustal,0.21258931226503822,0.0025461214481765637
concepcion,Crustal,0.2650572854919946,0.0015159568556555314
concepcion,Crustal,0.3304745842763549,0.0008627930183138233
concepcion,Crustal,0.412037158872693,0.0004665627857320942
concepcion,Crustal,0.513729734053947,0.0002378760473220609
concepcion,Crustal,0.6405204821167169,0.00011342251309542917
concepcion,Crustal,0.7986037420367598,5.0125817779189674e-05
concepcion,Crustal,0.9957026427749722,2.035419970525254e-05
concepcion,Crustal,1.2414464153405262,7.526251124545524e-06
concepcion,Crustal,1.547840827123473,2.4986335063204024e-06
concepcion,Crustal,1.92985472148076,6.919119641679572e-07
concepcion,Crustal,2.4061513178605933,1.3033031720510735e-07
concepcion,Crustal,3.0,1.6872504005061018e-08
pucon,Crustal,0.005,0.37915318412706256
pucon,Crustal,0.006234021895737255,0.3334666430018842
pucon,Crustal,0.007772605799306304,0.2891247528605163
pucon,Crustal,0.009690918947961973,0.24698845366947353
pucon,Crustal,0.012082680182281997,0.20784191833809018
pucon,Crustal,0.015064738563107317,0.17232089722529054
pucon,Crustal,0.01878278201119368,0.1408423837274313
pucon,Crustal,0.023418454864128246,0.11356464237906039
pucon,Crustal,0.02919823207746202,0.0904048447846435
pucon,Crustal,0.036404483617543226,0.07109550473978743
pucon,Crustal,0.04538926959495454,0.055260377179365605
pucon,Crustal,0.05659154009729356,0.04247471905546263
pucon,Crustal,0.07055858001600415,0.03229820926208049
pucon,Crustal,0.08797274655037983,0.024292643865919672
pucon,Crustal,0.10968480564464235,0.018041057301161345
pucon,Crustal,0.13675549600367723,0.013175856292946264
pucon,Crustal,0.17050735128986647,0.00939779413602082
pucon,Crustal,0.21258931226503822,0.006485441072072717
pucon,Crustal,0.2650572854919946,0.00428289182127628
pucon,Crustal,0.3304745842763549,0.0026756034458230715
pucon,Crustal,0.412037158872693,0.001562175675189792
pucon,Crustal,0.513729734053947,0.0008418388927111664
pucon,Crustal,0.6405204821167169,0.0004126542332869576
pucon,Crustal,0.7986037420367598,0.00018110066923782142
pucon,Crustal,0.9957026427749722,6.960217348250808e-05
pucon,Crustal,1.2414464153405262,2.1995279709585702e-05
pucon,Crustal,1.547840827123473,4.655150473098502e-06
pucon,Crustal,1.92985472148076,6.062200079703928e-07
pucon,Crustal,2.4061513178605933,1.183661451666096e-08
pucon,Crustal,3.0,5.784996370827855e-10
puerto_montt,Crustal,0.005,0.2576895812526345
puerto_montt,Crustal,0.006234021895737255,0.2206706174183637
puerto_montt,Crustal,0.007772605799306304,0.1863735318183899
puerto_montt,Crustal,0.009690918947961973,0.1552906989818439
puerto_montt,Crustal,0.012082680182281997,0.12767960724886507
puerto_montt,Crustal,0.015064738563107317,0.10356819140724838
puerto_montt,Crustal,0.01878278201119368,0.08280192542588338
puerto_montt,Crustal,0.023418454864128246,0.06511614320334047
puerto_montt,Crustal,0.02919823207746202,0.05021953140385449
puerto_montt,Crustal,0.036404483617543226,0.03784660148085095
puerto_montt,Crustal,0.04538926959495454,0.027773986337706447
puerto_montt,Crustal,0.05659154009729356,0.019794645995716564
puerto_montt,Crustal,0.07055858001600415,0.013683004697668366
puerto_montt,Crustal,0.08797274655037983,0.009175058374239597
puerto_montt,Crustal,0.10968480564464235,0.005974921339657158
puerto_montt,Crustal,0.13675549600367723,0.0037845033693884034
puerto_montt,Crustal,0.17050735128986647,0.002333636562980246
puerto_montt,Crustal,0.21258931226503822,0.0014004736058268463
puerto_montt,Crustal,0.2650572854919946,0.0008160854677043972
puerto_montt,Crustal,0.3304745842763549,0.0004597967240442813
puerto_montt,Crustal,0.412037158872693,0.00024842960647220025
puerto_montt,Crustal,0.513729734053947,0.00012738152361180255
puerto_montt,Crustal,0.6405204821167169,6.126017530050376e-05
puerto_montt,Crustal,0.7986037420367598,2.7343681438196654e-05
puerto_montt,Crustal,0.9957026427749722,1.1185339680253037e-05
puerto_montt,Crustal,1.2414464153405262,4.145092049157029e-06
puerto_montt,Crustal,1.547840827123473,1.3678327945854107e-06
puerto_montt,Crustal,1.92985472148076,3.7282165621377317e-07
puerto_montt,Crustal,2.4061513178605933,7.100355592370988e-08
puerto_montt,Crustal,3.0,8.336438039879823e-09
puerto_aysen,Crustal,0.005,0.19491207017563283
puerto_aysen,Crustal,0.006234021895737255,0.17610940581653267
puerto_aysen,Crustal,0.007772605799306304,0.15789850160945207
puerto_aysen,Crustal,0.009690918947961973,0.14044408011250198
puerto_aysen,Crustal,0.012082680182281997,0.12390423205215484
puerto_aysen,Crustal,0.015064738563107317,0.10842025617603213
puerto_aysen,Crustal,0.01878278201119368,0.0941009444068186
puerto_aysen,Crustal,0.023418454864128246,0.08101390558294952
puerto_aysen,Crustal,0.02919823207746202,0.06917712348513305
puerto_aysen,Crustal,0.036404483617543226,0.0585619873018004
puerto_aysen,Crustal,0.04538926959495454,0.049099273688625544
puerto_aysen,Crustal,0.05659154009729356,0.040698784665437415
puerto_aysen,Crustal,0.07055858001600415,0.0332705348264426
puerto_aysen,Crustal,0.08797274655037983,0.026745220719021745
puerto_aysen,Crustal,0.10968480564464235,0.02108054660493508
puerto_aysen,Crustal,0.13675549600367723,0.016249892250925768
puerto_aysen,Crustal,0.17050735128986647,0.01222166129082325
puerto_aysen,Crustal,0.21258931226503822,0.008943402779550524
puerto_aysen,Crustal,0.2650572854919946,0.006339536175801186
puerto_aysen,Crustal,0.3304745842763549,0.004323313201894052
puerto_aysen,Crustal,0.412037158872693,0.00280965473393735
puerto_aysen,Crustal,0.513729734053947,0.0017203923575834779
puerto_aysen,Crustal,0.6405204821167169,0.000980194794919953
puerto_aysen,Crustal,0.7986037420367598,0.0005131979589805269
puerto_aysen,Crustal,0.9957026427749722,0.00024376456468644392
puerto_aysen,Crustal,1.2414464153405262,0.00010291220668534606
puerto_aysen,Crustal,1.547840827123473,3.696212218073924e-05
puerto_aysen,Crustal,1.92985472148076,1.0128518121987895e-05
puerto_aysen,Crustal,2.4061513178605933,1.6270284303940286e-06
puerto_aysen,Crustal,3.0,8.8919616860611e-09
