date,name,mw,lat,lon,lat_n,lat_s,rm_class,domain,basis,note
1543,Tarapaca 1543,>7.7,-19.5,,-19.0,-20.0,unknown,,text 3.1.1,brief description only; epicentre 19-20S (Greve); no information to call it interplate
1575,Valdivia 1575,,-40.0,,,,interface,,text 6,giant event similar to 1960 (paleoseismic)
1604,Arica 1604,,-18.3,,,,interface,,text 3.1.2,north of Arica; destroyed and flooded Arica (tsunami); southern Peru
1615,Arica 1615,7.5-7.9,-18.5,,,,interface,,text 3.1.2,local tsunami at Arica; Lomnitz 7.5 / Comte and Pardo 7.9
1647-05-13,Santiago 1647,,-33.5,,,,intraslab,,text 7.4,most probable historical intraplate intermediate-depth event
1730-07-08,Central Chile 1730,>9.0,-32.5,,-28.6,-36.4,interface,megathrust,text 5.1; fig 2 bar,rupture > 600 km; damage 28S to Concepcion 38S
1737-12-24,Valdivia 1737,,-39.5,,-37.6,-41.3,interface,C,text 6.1; fig 3 bar,no tsunami; deep interface in northern part of the 1960 rupture
1751-05-25,Concepcion 1751,~9,-36.0,,-34.0,-37.5,interface,megathrust,text 5.1; fig 2 bar,> 600 km; tsunami destroyed old Concepcion
1768,Pica 1768,>7.7,-20.48,-69.33,,,intraslab,,text 3.1.3 and 3.1.5.1,Pica church damage; possibly intermediate depth (section 7.4 names 1786 instead: typo in paper)
1819-04-11,Copiapo 1819,<8.5,-27.4,,,,interface,,text 4.1,tsunami; Lomnitz 8.5 'probably smaller'; foreshocks 3-4 April 1819
1822-11-19,Valparaiso 1822,,-33.3,,-32.6,-34.3,interface,C,text 2.2; fig 2 bar,deep on the plate interface (uplift and minor run-up)
1835-02-20,Concepcion 1835,,-36.5,,-35.5,-37.0,interface,,text 5.2; fig 2 bar,Darwin; uplift and tsunami; rupture 35.5-37S
1837-11-07,Valdivia 1837,8.0-9.25,-43.5,,-41.0,-46.0,interface,A-B-C,text 6.1; fig 3 bar,~500 km in the southern 1960 zone; trans-Pacific tsunami
1868-08-13,Southern Peru 1868,~9,-18.0,,-17.5,-19.3,interface,megathrust,fig 1 bar,giant megathrust of southern Peru
1877-05-10,Iquique 1877,8.7-9.0,-21.0,,-19.0,-23.0,interface,megathrust,text 3.1.4; fig 1 bar,giant tsunamigenic; did not break south of Mejillones
1880-08-15,Illapel 1880,7.5,-31.2,,-30.0,-31.6,interface,,text 5.4.1; fig 2 bar,small tsunami; deep submarine cable break off Limari
1887,Taltal 1887,,-25.4,,,,unknown,,text 4.3,described by Montessus de Ballore
1906-08-17,Valparaiso 1906,8.2,-32.9,-71.45,-32.6,-34.3,interface,C-B,table 1; fig 6,Okal 2005 / Carvajal 2017b Mw 8.0-8.2
1909-06-08,Taltal 1909,~7 (Ms),-25.4,,,,unknown,,text 4.3,Centennial catalog
1918-12-04,Copiapo 1918,7.8,-26.55,-70.65,,,interface,probably C,table 1; fig 5,text also cites 18 Dec 1918 events
1922-11-11,Atacama 1922,~8.5,-28.55,-70.75,-28.0,-30.0,interface,megathrust,table 2; fig 5; text 4.1,trans-Pacific tsunami; ISC/USGS wrongly list 70 km depth or a location near Argentina
1927-04-14,Mendoza 1927,7.2,-32.45,-69.7,,,intraslab,,fig 6; text 5,intermediate depth
1928-12-01,Talca 1928,7.7,-34.95,-72.2,-34.4,-35.5,interface,C,table 1; fig 6; text 5.3,bottom of the plate interface; no tsunami
1936-07-13,Taltal 1936,~7 (Ms),-25.4,,,,unknown,,text 4.3,Centennial catalog
1939-01-25,Chillan 1939,7.8,-36.2,-72.2,,,intraslab,,fig 6; text 5,intermediate depth (local date 24 Jan)
1943-04-06,Illapel 1943,7.9,-31.2,,-30.0,-31.6,interface,B,table 1; text 5.4.2,reverse mechanism; small tsunami
1945,Santiago 1945,7.1,-33.5,,,,intraslab,,text 5,intermediate depth; damage in Santiago
1950-12-09,Calama 1950,8.0,-24.15,-67.8,,,intraslab,,fig 4; fig 5; text 3.1,~100 km depth; tensional (Kausel and Campos 1992)
1958-09-04,Las Melosas 1958,6.3,-33.8,-70.15,,,crustal,,fig 6; text 5,shallow intraplate
1959-10-05,Copiapo 1959,~7.0,-27.3,,,,unknown,,text 4.1,
1960-05-21,Concepcion 1960,8.1,-37.17,-72.96,-37.0,-38.2,interface,C,table 1; fig 6; fig 7; text 6.2,foreshock of Valdivia; bottom of the interface
1960-05-22,Valdivia 1960 foreshock,7.8 (Ms),-37.9,,,,interface,,text 6.2,15 min before the mainshock
1960-05-22,Valdivia 1960,9.5,-37.65,-74.0,-37.0,-46.0,interface,megathrust,table 2; fig 6; fig 7,~1000 km
1960-06,Aysen 1960 slow event,7.7,-45.5,,,,crustal,,text 6,slow aftershock of Valdivia probably on the Liquine-Ofqui fault (Kanamori and Rivera 2017)
1965-03-28,La Ligua 1965,7.4,-32.4,-71.25,,,intraslab,,fig 6; text 5.5,intermediate depth
1966-12-28,Taltal 1966,7.7,-25.5,-70.75,-24.9,-26.2,interface,B,table 1; fig 5; text 4.3,text says deeper part of the interface; table and figure say B
1967-12-21,Tocopilla 1967,7.4,-21.85,-70.0,-21.4,-22.1,interface,C,table 1; fig 4,
1971-07-09,La Ligua 1971,7.8,-32.5,-71.2,-31.2,-32.4,interface,C,table 1; fig 6; text 5.5,bottom of the contact zone
1973,Copiapo swarm 1973,~6,-26.8,-71.2,,,interface,swarm,fig 5; text 4.4,swarm on the plate interface
1975-05-10,Arauco 1975,7.7,-38.2,-73.0,,,interface,C,table 1; fig 7,table gives 14 October 1975; Arauco earthquake is 10 May 1975 (Cabello has M7.8 on that date)
1981-10-16,Papudo 1981,7.2,-33.2,-73.05,,,outer_rise,,fig 6; text 5.5,
1983-10-04,Copiapo 1983,7.7,-26.541,-70.504,,,interface,probably C,text 4.1; fig 5,table 1 gives 4 November 1983 Mw 7.4; text and figure give 4 October 1983 Mw 7.7
1985-03-03,Valparaiso 1985,8.0,-33.15,-71.8,-32.6,-34.3,interface,C-B,table 1; fig 6; text 5.5.1,
1987-03-05,Antofagasta 1987,7.6,-24.4,,,,interface,,text 4.2,southern end of the 1995 rupture (Cerro Paranal)
1987-08-08,Arica 1987,7.2 (Ms),-19.1,-70.0,,,intraslab,,fig 4; text 3.1,intermediate depth
1994-10-12,Mejillones 1994,6.2,-23.1,,,,interface,,text 4.2,precursory activity of 1995
1995-07-30,Antofagasta 1995,8.0,-23.35,-70.3,-23.4,-24.8,interface,C,table 1; fig 4; fig 5,
1997-10-15,Punitaqui 1997,7.1,-30.9,-71.2,,,intraslab,,fig 5; fig 6; text 5.5,intermediate depth
2001-04-09,Papudo 2001,7.0,-32.8,-73.3,,,outer_rise,,fig 6,
2001-07-24,Aroma 2001,6.3,-19.55,-69.3,,,crustal,,fig 4; text 3.1,shallow intraplate
2004-08-28,Curico 2004,6.4,-35.15,-70.55,,,crustal,,fig 6; text 5,shallow intraplate (Cabello: Pearce et al. 2020)
2005-06-13,Tarapaca 2005,7.8,-20.0,-69.25,,,intraslab,,fig 4; text 3.1.5.3,intermediate depth
2006,Copiapo swarm 2006,~6,-27.2,-71.2,,,interface,swarm,fig 5; text 4.4,
2007-04-21,Aysen 2007,6.2,-45.35,-73.0,,,crustal,,fig 7; text 6,Liquine-Ofqui swarm (max Mw 6.3)
2007-11-14,Tocopilla 2007,7.8,-22.3,-70.15,-21.7,-23.2,interface,C,table 1; fig 4,
2007-12-16,Michilla 2007,6.7,-22.95,-70.05,,,intraslab,,fig 4; text 3.1,intermediate depth
2010-02-27,Maule 2010,8.8,-36.3,-73.25,-33.8,-38.4,interface,megathrust,table 2; fig 6,~500 km
2010-02-27,Maule outer rise 2010,7.4,-37.75,-75.0,,,outer_rise,,fig 6; fig 7; text 5.6,1.5 h after the mainshock
2010-03-11,Pichilemu 2010a,7.0,-34.25,-72.05,,,crustal,,fig 6; text 5.6,shallow normal intraplate; figure labels it 2011
2010-03-11,Pichilemu 2010b,6.9,-34.4,-72.1,,,crustal,,fig 6; text 5.6,shallow normal intraplate; figure labels it 2011
2011-01-02,Arauco 2011,7.1,-38.35,-73.95,,,interface,B,fig 7; text 5.6,bimodal: interplate to shallow intraplate
2012-03-25,Constitucion 2012,7.2,-35.2,-72.25,,,interface,C,table 1; fig 6,bottom of the seismogenic contact
2014-03-16,Iquique foreshock 2014,6.7,-19.6,,,,crustal,,text 3.1.5.4,upper-plate reverse fault (one interpretation)
2014-04-01,Iquique 2014,8.2,-19.6,-70.9,-19.8,-20.8,interface,B,table 1; fig 4,
2014-04-03,Iquique aftershock 2014,7.7,-20.55,-70.4,,,interface,C,table 1; fig 4,
2015-02-11,Jujuy 2015,6.7,-23.1,-66.85,,,intraslab,,fig 4; fig 5,intermediate depth
2015-09-16,Illapel 2015,8.3,-31.6,-71.75,-30.0,-31.6,interface,B-A-C,table 1; fig 6,
2016-12-25,Chiloe 2016,7.6,-43.5,-74.4,-43.0,-43.7,interface,C,table 1; fig 7; text 6.4,20 km patch at the deep interface
2017-04-24,Valparaiso 2017,6.9,-33.1,,,,interface,,text 4.4; text 5.5.1,preceded by a swarm and slow slip
