id,time_iso,longitude,latitude,depth,mag,mag_type,lon_error,lat_error,depth_error,mag_error,strike1,dip1,rake1,strike2,dip2,rake2,Mrr,Mtt,Mpp,Mrt,Mrp,Mtp,source,dups,class_raw,sub_depth,class,time,mc_window,tc_years,mc_window_index
209,1911-09-15T13:09:56,-71.292,-20.18,15.0,7.2,mw,,,25.0,0.26,,,,,,,,,,,,,ISC-GEM,,outer_rise,,outer_rise,1911-09-15T13:09:56,6.8,49.998631074606436,1
210,1913-05-24T23:24:55,-72.245,-25.619,15.0,6.9,mw,,,25.0,0.23,,,,,,,,,,,,,ISC-GEM,,outer_rise,,outer_rise,1913-05-24T23:24:55,6.8,49.998631074606436,1
226,1916-08-25T09:44:22,-71.886,-20.162,15.0,6.9,mw,,,25.0,0.21,,,,,,,,,,,,,ISC-GEM,,outer_rise,,outer_rise,1916-08-25T09:44:22,6.8,49.998631074606436,1
263,1922-11-17T11:02:54,-72.486,-30.42,15.0,6.8,mw,,,14.3,0.29,,,,,,,,,,,,,ISC-GEM,,outer_rise,,outer_rise,1922-11-17T11:02:54,6.8,49.998631074606436,1
291,1925-10-25T04:30:00,-73.0,-18.0,9.42,6.9,mw,,,,0.2,,,,,,,,,,,,,CERESIS-GEM,,outer_rise,,outer_rise,1925-10-25T04:30:00,6.8,49.998631074606436,1
300,1926-06-05T01:20:15,-78.5,-17.0,,6.8,mw,,,,0.2,,,,,,,,,,,,,CERESIS-GEM,,outer_rise,,outer_rise,1926-06-05T01:20:15,6.8,49.998631074606436,1
710,1952-02-20T09:10:03,-74.5,-16.0,96.0,6.2,mw,,,,0.6,,,,,,,,,,,,,CERESIS-GEM,,outer_rise,,outer_rise,1952-02-20T09:10:03,5.9,25.998631074606433,2
860,1959-07-09T02:32:40,-72.0,-20.0,4.49,6.7,mw,,,,0.2,,,,,,,,,,,,,CERESIS-GEM,,outer_rise,,outer_rise,1959-07-09T02:32:40,5.9,25.998631074606433,2
903,1960-05-25T08:34:43,-75.985,-44.808,20.0,6.7,mw,,,,0.27,,,,,,,,,,,,,CERESIS-GEM,,outer_rise,,outer_rise,1960-05-25T08:34:43,5.9,25.998631074606433,2
906,1960-05-27T03:17:21,-76.0,-41.0,5.19,6.0,mw,,,,0.17,,,,,,,,,,,,,CERESIS-GEM,,outer_rise,,outer_rise,1960-05-27T03:17:21,5.9,25.998631074606433,2
915,1960-05-31T02:40:06,-75.612,-39.649,15.0,6.0,mw,,,,0.2,,,,,,,,,,,,,CERESIS-GEM,,outer_rise,,outer_rise,1960-05-31T02:40:06,5.9,25.998631074606433,2
924,1960-06-13T05:47:11,-76.603,-44.74,15.0,5.9,mw,,,,0.2,,,,,,,,,,,,,CERESIS-GEM,,outer_rise,,outer_rise,1960-06-13T05:47:11,5.9,25.998631074606433,2
939,1960-07-27T10:04:58,-76.038,-44.669,20.0,6.1,mw,,,,0.2,,,,,,,,,,,,,CERESIS-GEM,,outer_rise,,outer_rise,1960-07-27T10:04:58,5.9,25.998631074606433,2
941,1960-08-06T14:49:53,-75.7,-42.6,78.0,5.9,mw,,,,0.17,,,,,,,,,,,,,CERESIS-GEM,,outer_rise,,outer_rise,1960-08-06T14:49:53,5.9,25.998631074606433,2
952,1960-11-01T08:45:59,-75.031,-38.467,20.0,6.8,mw,,,,,,,,,,,,,,,,,ISC,,outer_rise,,outer_rise,1960-11-01T08:45:59,5.9,25.998631074606433,2
951,1960-11-01T08:46:00,-75.031,-38.467,20.0,7.4,mw,,,,0.4,,,,,,,,,,,,,CERESIS-GEM,,outer_rise,,outer_rise,1960-11-01T08:46:00,5.9,25.998631074606433,2
969,1960-12-29T10:36:46,-76.148,-44.858,25.0,6.3,mw,,,,,,,,,,,,,,,,,ISC,,outer_rise,,outer_rise,1960-12-29T10:36:46,5.9,25.998631074606433,2
1004,1961-12-09T11:18:12,-75.84,-43.789,25.0,6.7,mw,,,,0.2,,,,,,,,,,,,,CERESIS-GEM,,outer_rise,,outer_rise,1961-12-09T11:18:12,5.9,25.998631074606433,2
1038,1962-11-04T22:53:36,-75.762,-43.271,20.0,6.1,mw,,,,0.2,,,,,,,,,,,,,CERESIS-GEM,,outer_rise,,outer_rise,1962-11-04T22:53:36,5.9,25.998631074606433,2
1039,1962-11-11T22:14:20,-75.773,-43.198,20.0,6.1,mw,,,,0.3,194.0,46.0,-105.0,36.0,46.0,-75.0,,,,,,,CERESIS-GEM,,outer_rise,,outer_rise,1962-11-11T22:14:20,5.9,25.998631074606433,2
1054,1963-03-07T12:16:29,-76.223,-44.267,19.2,6.2,mw,,,,0.36,,,,,,,,,,,,,CERESIS-GEM,,outer_rise,,outer_rise,1963-03-07T12:16:29,5.9,25.998631074606433,2
4223,1973-12-01T17:00:55,-74.549,-35.63,15.0,6.0,mw,,,25.0,0.2,,,,,,,,,,,,,ISC-GEM,,outer_rise,,outer_rise,1973-12-01T17:00:55,5.9,25.998631074606433,2
6240,1981-05-17T17:04:58,-71.831,-27.223,33.0,5.8,mw,,,,,191.0,37.0,-79.0,358.0,54.0,-98.0,-9.022e+16,-4970000000000000.0,9.519e+16,8250000000000000.0,-3.02e+16,8250000000000000.0,USGS,,outer_rise,,outer_rise,1981-05-17T17:04:58,5.8,10.001368925393566,3
6354,1981-10-16T03:25:42,-72.905,-33.136,24.0,6.4,mw,,,,,194.0,34.0,96.0,6.0,56.0,86.0,4.936e+19,-5.75e+18,-4.361e+19,-3e+17,1.967e+19,-7.27e+18,ISC,,outer_rise,,outer_rise,1981-10-16T03:25:42,5.8,10.001368925393566,3
6353,1981-10-16T03:25:47,-73.15,-33.48,40.4,7.5,mw,0.02,0.02,0.8,,194.0,34.0,96.0,6.0,56.0,86.0,4.936e+19,-5.75e+18,-4.361e+19,-3e+17,1.967e+19,-7.27e+18,GCMT,,outer_rise,,outer_rise,1981-10-16T03:25:47,5.8,10.001368925393566,3
9258,1987-07-25T16:15:20,-72.79,-31.386,25.0,5.8,mw,,,3.8,0.41,,,,,,,,,,,,,ISC-GEM,,outer_rise,,outer_rise,1987-07-25T16:15:20,5.8,11.000684462696784,4
10573,1988-03-09T21:33:53,-74.91,-17.4,51.3,5.9,mw,0.03,0.03,1.7,,122.0,36.0,-111.0,327.0,57.0,-76.0,-7.195e+17,3.54e+17,3.655e+17,1.387e+17,-3.309e+17,-5.7430000000000006e+17,GCMT,,outer_rise,,outer_rise,1988-03-09T21:33:53,5.8,11.000684462696784,4
10588,1988-03-13T11:31:35,-73.07,-33.82,15.0,5.8,mw,0.04,0.04,0.0,,38.0,28.0,138.0,166.0,72.0,68.0,3.808e+17,1.039e+17,-4.848e+17,1.965e+17,-4.954e+17,-1.2729999999999998e+17,GCMT,,outer_rise,,outer_rise,1988-03-13T11:31:35,5.8,11.000684462696784,4
27562,1997-07-21T17:54:21,-72.52,-29.86,15.0,5.4,mw,0.05,0.04,0.0,,14.0,22.0,109.0,173.0,70.0,83.0,1.171e+17,-1.29e+16,-1.042e+17,2.51e+16,-1.24e+17,-8799999999999998.0,GCMT,,outer_rise,,outer_rise,1997-07-21T17:54:21,5.4,4.999315537303217,5
27589,1997-07-24T19:54:43,-72.63,-30.63,15.0,5.7,mw,0.02,0.02,0.0,,0.0,31.0,91.0,179.0,59.0,89.0,3.26e+17,2.48e+16,-3.508e+17,7000000000000001.0,-1.768e+17,4800000000000000.0,GCMT,,outer_rise,,outer_rise,1997-07-24T19:54:43,5.4,4.999315537303217,5
28821,1998-02-10T03:26:15,-74.43,-16.29,33.8,5.4,mw,0.06,0.05,3.8,,298.0,35.0,40.0,173.0,68.0,118.0,8.623e+16,-1.068e+16,-7.554e+16,-7670000000000000.0,-9.335000000000002e+16,7.622e+16,GCMT,,outer_rise,,outer_rise,1998-02-10T03:26:15,5.4,4.999315537303217,5
31957,1999-02-17T21:59:02,-71.15,-21.4,41.1,5.5,mw,0.03,0.04,2.7,,358.0,36.0,116.0,147.0,58.0,72.0,2.281e+17,-1.65e+16,-2.117e+17,1.002e+17,-6.68e+16,6.47e+16,GCMT,,outer_rise,,outer_rise,1999-02-17T21:59:02,5.4,4.999315537303217,5
33683,1999-09-29T18:01:34,-72.6,-30.94,15.0,5.7,mw,0.03,0.03,0.0,,352.0,31.0,87.0,175.0,59.0,92.0,3.346e+17,3.49e+16,-3.696e+17,1.17e+16,-1.935e+17,4.38e+16,GCMT,,outer_rise,,outer_rise,1999-09-29T18:01:34,5.4,4.999315537303217,5
34393,2000-01-19T08:30:01,-74.78,-16.44,24.2,5.4,mw,0.12,0.09,8.6,,280.0,40.0,31.0,165.0,71.0,126.0,7.58e+16,-5.470000000000001e+16,-2.11e+16,-2.39e+16,-1.086e+17,7.53e+16,GCMT,,outer_rise,,outer_rise,2000-01-19T08:30:01,5.4,4.999315537303217,5
36911,2001-04-09T09:00:59,-73.112,-32.727,10.0,6.1,mw,,,,,45.0,55.0,-55.0,174.0,48.0,-129.0,-1.061e+19,3e+18,7.61e+18,2.1e+17,-5e+17,7.12e+18,ISC,,outer_rise,,outer_rise,2001-04-09T09:00:59,5.4,5.9986310746064335,6
36910,2001-04-09T09:01:05,-73.23,-32.88,15.0,6.7,mw,0.01,0.01,0.0,,219.0,44.0,-86.0,33.0,46.0,-94.0,-1.061e+19,3e+18,7.61e+18,2.1e+17,-5e+17,7.12e+18,GCMT,,outer_rise,,outer_rise,2001-04-09T09:01:05,5.4,5.9986310746064335,6
37788,2001-06-25T06:38:50,-73.99,-17.26,15.0,5.7,mw,0.04,0.03,0.0,,278.0,26.0,34.0,157.0,76.0,112.0,1.916e+17,-1.513e+17,-4.04e+16,8.55e+16,-3.405e+17,1.543e+17,GCMT,,outer_rise,,outer_rise,2001-06-25T06:38:50,5.4,5.9986310746064335,6
38036,2001-07-01T11:06:30,-73.56,-17.41,15.0,5.4,mw,0.06,0.06,0.0,,328.0,56.0,22.0,226.0,72.0,144.0,6.22e+16,9.47e+16,-1.569e+17,-6.69e+16,-2.96e+16,-3.35e+16,GCMT,,outer_rise,,outer_rise,2001-07-01T11:06:30,5.4,5.9986310746064335,6
38072,2001-07-03T12:57:42,-74.55,-16.67,33.3,5.5,mw,0.06,0.11,5.9,,7.0,32.0,128.0,145.0,65.0,69.0,1.78e+17,6600000000000000.0,-1.846e+17,1.21e+17,-9.43e+16,4.55e+16,GCMT,,outer_rise,,outer_rise,2001-07-03T12:57:42,5.4,5.9986310746064335,6
39629,2001-11-27T01:32:23,-74.38,-16.17,50.4,5.4,mw,0.05,0.05,3.8,,294.0,43.0,38.0,174.0,65.0,126.0,9.712e+16,-3.06e+16,-6.652e+16,-5.08e+16,-9.482e+16,7.952e+16,GCMT,,outer_rise,,outer_rise,2001-11-27T01:32:23,5.4,5.9986310746064335,6
42592,2002-07-18T01:25:37,-72.564,-29.342,23.4,5.5,mw,,,,,,,,,,,,,,,,,USGS,,outer_rise,,outer_rise,2002-07-18T01:25:37,5.4,5.9986310746064335,6
55204,2005-04-13T09:25:27,-73.24,-33.27,12.0,5.4,mw,0.01,0.01,0.0,,21.0,38.0,-89.0,200.0,52.0,-91.0,-1.33e+17,3599999999999999.5,1.29e+17,1.02e+16,3.09e+16,5.3e+16,GCMT,,outer_rise,,outer_rise,2005-04-13T09:25:27,5.4,5.9986310746064335,6
61041,2006-05-11T13:48:59,-72.08,-27.72,12.0,5.5,mw,0.01,0.01,0.0,,6.0,15.0,94.0,182.0,75.0,89.0,9.76e+16,400000000000000.0,-9.81e+16,-6200000000000000.0,-1.64e+17,-7600000000000000.0,GCMT,,outer_rise,,outer_rise,2006-05-11T13:48:59,5.4,5.9986310746064335,6
62062,2006-07-16T11:42:45,-72.84,-28.71,12.0,6.2,mw,0.0,0.01,0.0,,357.0,46.0,-111.0,205.0,48.0,-70.0,-2e+18,-6.04e+17,2.6e+18,3.62e+17,-1e+16,6.39e+17,GCMT,,outer_rise,,outer_rise,2006-07-16T11:42:45,5.4,5.9986310746064335,6
62182,2006-07-24T17:29:23,-72.682,-28.642,14.0546,5.6,mw,,,,,,,,,,,,,,,,,CSN-improved,,outer_rise,,outer_rise,2006-07-24T17:29:23,5.4,5.9986310746064335,6
65125,2007-01-28T01:11:35,-72.646,-18.303,35.0,5.3,mw,,,,,,,,,,,,,,,,,USGS,,outer_rise,,outer_rise,2007-01-28T01:11:35,5.3,3.0006844626967832,7
83463,2010-02-27T07:54:25,-73.774,-35.09,35.0,5.4,mw,,,,,,,,,,,,,,,,,USGS,,outer_rise,,outer_rise,2010-02-27T07:54:25,5.3,3.0006844626967832,8
83389,2010-02-27T08:25:15,-73.81,-34.258,6.1,6.9,mw,,,21.1,,,,,,,,,,,,,,CSN-improved,,outer_rise,,outer_rise,2010-02-27T08:25:15,5.3,3.0006844626967832,8
83418,2010-02-27T08:28:20,-74.115,-34.89,35.0,5.8,mw,,,,,,,,,,,,,,,,,USGS,,outer_rise,,outer_rise,2010-02-27T08:28:20,5.3,3.0006844626967832,8
83435,2010-02-27T08:53:54,-73.559,-34.44,15.0,5.6,mw,,,3.3,0.39,,,,,,,,,,,,,ISC-GEM,,outer_rise,,outer_rise,2010-02-27T08:53:54,5.3,3.0006844626967832,8
83419,2010-02-27T08:53:57,-73.513,-34.468,35.0,5.8,mw,,,,,,,,,,,,,,,,,USGS,,outer_rise,,outer_rise,2010-02-27T08:53:57,5.3,3.0006844626967832,8
83436,2010-02-27T12:03:25,-74.069,-34.348,15.0,5.6,mw,,,25.0,0.57,,,,,,,,,,,,,ISC-GEM,,outer_rise,,outer_rise,2010-02-27T12:03:25,5.3,3.0006844626967832,8
83455,2010-02-27T12:46:21,-74.973,-37.837,35.0,5.5,mw,,,,,,,,,,,,,,,,,USGS,,outer_rise,,outer_rise,2010-02-27T12:46:21,5.3,3.0006844626967832,8
83470,2010-02-27T20:29:21,-73.708,-34.914,35.0,5.4,mw,,,,,,,,,,,,,,,,,USGS,,outer_rise,,outer_rise,2010-02-27T20:29:21,5.3,3.0006844626967832,8
83444,2010-02-27T21:00:35,-73.154,-33.916,27.0,5.6,mw,,,3.3,,,,,,,,,,,,,,USGS,,outer_rise,,outer_rise,2010-02-27T21:00:35,5.3,3.0006844626967832,8
83738,2010-02-28T01:45:29,-73.689,-34.45,37.7,5.6,mw,,,6.3,,,,,,,,,,,,,,USGS,,outer_rise,,outer_rise,2010-02-28T01:45:29,5.3,3.0006844626967832,8
83749,2010-02-28T02:04:25,-73.606,-34.522,9.0,5.4,mw,,,38.0,,,,,,,,,,,,,,USGS,,outer_rise,,outer_rise,2010-02-28T02:04:25,5.3,3.0006844626967832,8
83750,2010-02-28T03:14:12,-73.168,-33.931,35.0,5.4,mw,,,,,,,,,,,,,,,,,USGS,,outer_rise,,outer_rise,2010-02-28T03:14:12,5.3,3.0006844626967832,8
83759,2010-02-28T03:20:09,-73.003,-33.919,38.2,5.3,mw,,,7.5,,,,,,,,,,,,,,USGS,,outer_rise,,outer_rise,2010-02-28T03:20:09,5.3,3.0006844626967832,8
83761,2010-02-28T04:04:50,-72.947,-33.837,34.8,5.3,mw,,,12.9,,,,,,,,,,,,,,USGS,,outer_rise,,outer_rise,2010-02-28T04:04:50,5.3,3.0006844626967832,8
83742,2010-02-28T14:50:33,-73.287,-33.894,26.0,5.6,mw,,,,,,,,,,,,,,,,,USGS,,outer_rise,,outer_rise,2010-02-28T14:50:33,5.3,3.0006844626967832,8
83748,2010-02-28T14:55:25,-73.297,-33.87,34.1,5.5,mw,,,14.2,,,,,,,,,,,,,,USGS,,outer_rise,,outer_rise,2010-02-28T14:55:25,5.3,3.0006844626967832,8
83770,2010-02-28T19:32:00,-73.55,-34.621,35.0,5.3,mw,,,,,,,,,,,,,,,,,USGS,,outer_rise,,outer_rise,2010-02-28T19:32:00,5.3,3.0006844626967832,8
84049,2010-03-01T01:15:13,-73.819,-35.174,35.0,5.4,mw,,,,,,,,,,,,,,,,,USGS,,outer_rise,,outer_rise,2010-03-01T01:15:13,5.3,3.0006844626967832,8
84051,2010-03-01T06:16:10,-74.928,-37.958,35.0,5.4,mw,,,,,,,,,,,,,,,,,USGS,,outer_rise,,outer_rise,2010-03-01T06:16:10,5.3,3.0006844626967832,8
84250,2010-03-02T09:44:57,-73.347,-34.162,36.6,5.4,mw,,,7.4,,,,,,,,,,,,,,USGS,,outer_rise,,outer_rise,2010-03-02T09:44:57,5.3,3.0006844626967832,8
84258,2010-03-02T11:42:41,-73.81,-34.675,35.0,5.3,mw,,,,,,,,,,,,,,,,,USGS,,outer_rise,,outer_rise,2010-03-02T11:42:41,5.3,3.0006844626967832,8
85775,2010-03-15T11:08:00,-74.748,-35.82,197.3702,6.1,mw,,,,,21.0,15.0,103.0,187.0,76.0,87.0,1.15e+18,-3.2e+16,-1.12e+18,-2.45e+17,-2.11e+18,-2.86e+17,CSN-improved,,outer_rise,,outer_rise,2010-03-15T11:08:00,5.3,3.0006844626967832,8
86649,2010-03-26T17:25:49,-74.076,-34.734,35.0,5.3,mw,,,,,,,,,,,,,,,,,USGS,,outer_rise,,outer_rise,2010-03-26T17:25:49,5.3,3.0006844626967832,8
90577,2010-06-28T00:59:48,-75.131,-37.842,31.0,5.6,mw,,,,,41.0,39.0,-59.0,184.0,57.0,-113.0,-2.53e+17,-2.88e+16,2.82e+17,-3.3600000000000004e+16,1.2e+17,1.43e+17,ISC,,outer_rise,,outer_rise,2010-06-28T00:59:48,5.3,3.0006844626967832,8
93743,2010-10-21T02:49:56,-73.925,-34.871,109.2351,5.8,mw,,,,,2.0,45.0,-136.0,237.0,60.0,-54.0,-5.83e+17,-4e+16,6.23e+17,2.84e+17,1.15e+17,6.38e+17,CSN-improved,,outer_rise,,outer_rise,2010-10-21T02:49:56,5.3,3.0006844626967832,8
93742,2010-10-21T02:50:01,-74.07,-34.82,12.0,5.9,mw,0.01,0.01,0.0,,2.0,45.0,-136.0,237.0,60.0,-54.0,-5.83e+17,-4e+16,6.23e+17,2.84e+17,1.15e+17,6.38e+17,GCMT,,outer_rise,,outer_rise,2010-10-21T02:50:01,5.3,3.0006844626967832,8
104622,2011-09-03T16:20:43,-74.753,-38.312,17.2,5.8,mw,,,4.7,,350.0,17.0,74.0,186.0,72.0,95.0,3.3e+17,5e+16,-3.8e+17,-7e+16,-5.2e+17,1e+16,CSN-improved,,outer_rise,,outer_rise,2011-09-03T16:20:43,5.3,3.0006844626967832,8
105618,2011-09-28T22:40:04,-74.751,-37.987,16.6,5.6,mw,,,9.6,,6.0,15.0,82.0,194.0,75.0,92.0,1.03e+17,3000000000000000.0,-1.06e+17,-4.4e+16,-1.74e+17,-2e+16,CSN-improved,,outer_rise,,outer_rise,2011-09-28T22:40:04,5.3,3.0006844626967832,8
113561,2012-07-01T17:45:00,-71.249,-20.59,32.4,5.3,mw,,,2.0,,,,,,,,,,,,,,CSN-improved,,outer_rise,,outer_rise,2012-07-01T17:45:00,5.3,3.0006844626967832,8
119570,2013-01-03T06:39:51,-71.481,-25.208,15.0,4.5,mw,,,,,,,,,,,,,,,,,ISC,,outer_rise,,outer_rise,2013-01-03T06:39:51,,,-1
119572,2013-01-03T06:39:54,-71.539,-24.889,35.0,4.0,mw,,,5.0,,,,,,,,,,,,,,CSN-improved,,outer_rise,,outer_rise,2013-01-03T06:39:54,,,-1
119642,2013-01-05T22:03:25,-72.497,-30.183,25.0,4.0,mw,,,,,,,,,,,,,,,,,ISC,,outer_rise,,outer_rise,2013-01-05T22:03:25,,,-1
119805,2013-01-09T22:23:09,-74.974,-38.153,20.4,4.2,mw,,,6.5,,,,,,,,,,,,,,CSN-improved,,outer_rise,,outer_rise,2013-01-09T22:23:09,,,-1
119944,2013-01-13T05:50:39,-74.011,-34.861,10.0,5.0,mw,,,,,,,,,,,,,,,,,USGS,,outer_rise,,outer_rise,2013-01-13T05:50:39,,,-1
119945,2013-01-13T05:50:40,-73.994,-34.925,30.7,4.5,mw,,,,,,,,,,,,,,,,,CSN-improved,,outer_rise,,outer_rise,2013-01-13T05:50:40,,,-1
120042,2013-01-15T19:45:20,-74.683,-37.321,21.0,4.5,mw,,,4.0,,,,,,,,,,,,,,CSN-improved,,outer_rise,,outer_rise,2013-01-15T19:45:20,,,-1
120507,2013-01-27T12:50:37,-72.701,-29.742,30.0,4.3,mw,,,0.0,,,,,,,,,,,,,,CSN-improved,,outer_rise,,outer_rise,2013-01-27T12:50:37,,,-1
120506,2013-01-27T12:50:40,-72.862,-29.688,35.0,4.5,mw,,,,,,,,,,,,,,,,,ISC,,outer_rise,,outer_rise,2013-01-27T12:50:40,,,-1
120542,2013-01-28T01:46:02,-73.657,-34.623,35.0,4.0,mw,,,,,,,,,,,,,,,,,ISC,,outer_rise,,outer_rise,2013-01-28T01:46:02,,,-1
120616,2013-01-30T23:34:31,-74.931,-16.152,36.6,5.1,mw,,,9.2,,,,,,,,,,,,,,USGS,,outer_rise,,outer_rise,2013-01-30T23:34:31,,,-1
120665,2013-01-31T02:40:20,-75.036,-16.148,30.0,4.4,mw,,,,,,,,,,,,,,,,,ISC,,outer_rise,,outer_rise,2013-01-31T02:40:20,,,-1
120663,2013-01-31T02:40:23,-74.816,-16.05,45.4,4.7,mw,,,9.7,,,,,,,,,,,,,,USGS,,outer_rise,,outer_rise,2013-01-31T02:40:23,,,-1
120821,2013-02-04T03:29:44,-73.346,-33.901,31.7787,4.1,mw,,,,,,,,,,,,,,,,,CSN-improved,,outer_rise,,outer_rise,2013-02-04T03:29:44,,,-1
120996,2013-02-09T07:48:59,-72.114,-27.469,35.0,4.3,mw,,,,,,,,,,,,,,,,,ISC,,outer_rise,,outer_rise,2013-02-09T07:48:59,,,-1
121308,2013-02-18T20:27:09,-73.162,-33.925,9.0,4.0,mw,,,,,,,,,,,,,,,,,ISC,,outer_rise,,outer_rise,2013-02-18T20:27:09,,,-1
121487,2013-02-24T19:08:08,-74.032,-34.957,28.6,4.1,mw,,,3.5,,,,,,,,,,,,,,CSN-improved,,outer_rise,,outer_rise,2013-02-24T19:08:08,,,-1
121739,2013-03-04T20:47:09,-74.666,-38.209,6.2,4.3,mw,,,20.4,,,,,,,,,,,,,,CSN-improved,,outer_rise,,outer_rise,2013-03-04T20:47:09,,,-1
122196,2013-03-16T03:26:53,-74.842,-37.44,9.5,4.4,mw,,,8.4,,,,,,,,,,,,,,CSN-improved,,outer_rise,,outer_rise,2013-03-16T03:26:53,,,-1
122195,2013-03-16T16:17:20,-73.714,-34.213,49.952,4.5,mw,,,,,,,,,,,,,,,,,CSN-improved,,outer_rise,,outer_rise,2013-03-16T16:17:20,,,-1
123052,2013-04-11T22:54:28,-73.145,-18.587,0.0,4.4,mw,,,,,,,,,,,,,,,,,ISC,,outer_rise,,outer_rise,2013-04-11T22:54:28,,,-1
123096,2013-04-12T01:33:55,-73.055,-18.685,35.0,4.1,mw,,,,,,,,,,,,,,,,,ISC,,outer_rise,,outer_rise,2013-04-12T01:33:55,,,-1
123790,2013-05-03T09:18:16,-72.263,-28.139,20.0,4.9,mw,,,0.0,,359.0,45.0,-108.0,204.0,47.0,-73.0,-6.69e+16,2520000000000000.0,6.44e+16,1.59e+16,-859999999999999.9,1.32e+16,CSN-improved,,outer_rise,,outer_rise,2013-05-03T09:18:16,,,-1
123789,2013-05-03T09:18:21,-72.71,-28.26,12.0,5.2,mw,0.01,0.01,0.0,,359.0,45.0,-108.0,204.0,47.0,-73.0,-6.69e+16,2520000000000000.0,6.44e+16,1.59e+16,-859999999999999.9,1.32e+16,GCMT,,outer_rise,,outer_rise,2013-05-03T09:18:21,,,-1
124785,2013-06-04T12:23:27,-71.492,-20.976,35.0,4.1,mw,,,,,,,,,,,,,,,,,ISC,,outer_rise,,outer_rise,2013-06-04T12:23:27,,,-1
124850,2013-06-06T21:20:32,-73.308,-34.143,30.2105,4.4,mw,,,,,,,,,,,,,,,,,CSN-improved,,outer_rise,,outer_rise,2013-06-06T21:20:32,,,-1
125008,2013-06-11T14:18:37,-74.929,-38.178,17.8,4.1,mw,,,34.4,,,,,,,,,,,,,,CSN-improved,,outer_rise,,outer_rise,2013-06-11T14:18:37,,,-1
125243,2013-06-19T21:23:41,-73.443,-33.59,35.0,4.0,mw,,,,,,,,,,,,,,,,,ISC,,outer_rise,,outer_rise,2013-06-19T21:23:41,,,-1
125521,2013-06-29T16:50:53,-75.04,-39.338,35.0,4.6,mw,,,,,,,,,,,,,,,,,ISC,,outer_rise,,outer_rise,2013-06-29T16:50:53,,,-1
125605,2013-07-02T16:47:25,-73.936,-35.005,37.5,4.2,mw,,,18.8,,,,,,,,,,,,,,CSN-improved,,outer_rise,,outer_rise,2013-07-02T16:47:25,,,-1
125687,2013-07-05T07:53:58,-74.752,-37.319,27.1,4.4,mw,,,4.8,,,,,,,,,,,,,,CSN-improved,,outer_rise,,outer_rise,2013-07-05T07:53:58,,,-1
126685,2013-08-05T05:08:34,-74.794,-38.289,21.6,4.6,mw,,,8.6,,,,,,,,,,,,,,CSN-improved,,outer_rise,,outer_rise,2013-08-05T05:08:34,,,-1
127051,2013-08-19T06:13:16,-74.989,-37.861,10.0,4.7,mw,,,,,,,,,,,,,,,,,ISC,,outer_rise,,outer_rise,2013-08-19T06:13:16,,,-1
127779,2013-09-13T15:25:30,-72.802,-33.062,28.7,4.0,mw,,,4.1,,,,,,,,,,,,,,CSN-improved,,outer_rise,,outer_rise,2013-09-13T15:25:30,,,-1
127836,2013-09-15T09:37:59,-74.987,-37.861,27.0,4.0,mw,,,3.3,,,,,,,,,,,,,,CSN-improved,,outer_rise,,outer_rise,2013-09-15T09:37:59,,,-1
127837,2013-09-15T21:11:26,-73.584,-34.605,32.0,4.0,mw,,,4.1,,,,,,,,,,,,,,CSN-improved,,outer_rise,,outer_rise,2013-09-15T21:11:26,,,-1
128114,2013-09-25T16:42:52,-74.81,-16.03,46.1,7.0,mw,0.01,0.0,0.3,,307.0,31.0,84.0,133.0,59.0,93.0,3.61e+19,-2.25e+19,-1.36e+19,1.54e+19,-1.54e+19,2.65e+19,GCMT,,outer_rise,,outer_rise,2013-09-25T16:42:52,,,-1
128151,2013-09-26T03:42:12,-74.651,-16.103,37.3,5.0,mw,,,14.3,0.245,,,,,,,,,,,,,USGS,,outer_rise,,outer_rise,2013-09-26T03:42:12,,,-1
128331,2013-10-01T02:56:44,-73.912,-34.501,18.95,4.6,mw,,,3.1,0.235,,,,,,,,,,,,,USGS,,outer_rise,,outer_rise,2013-10-01T02:56:44,,,-1
128337,2013-10-01T02:56:47,-73.773,-34.517,26.0,4.0,mw,,,7.0,,,,,,,,,,,,,,CSN-improved,,outer_rise,,outer_rise,2013-10-01T02:56:47,,,-1
128333,2013-10-01T02:56:48,-73.781,-34.549,35.0,4.3,mw,,,,,,,,,,,,,,,,,ISC,,outer_rise,,outer_rise,2013-10-01T02:56:48,,,-1
128556,2013-10-07T03:53:49,-72.214,-26.484,35.0,4.1,mw,,,,,,,,,,,,,,,,,ISC,,outer_rise,,outer_rise,2013-10-07T03:53:49,,,-1
128668,2013-10-10T15:09:28,-75.488,-36.756,10.0,4.3,mw,,,,,,,,,,,,,,,,,ISC,,outer_rise,,outer_rise,2013-10-10T15:09:28,,,-1
128839,2013-10-15T14:58:41,-73.702,-34.472,12.0,4.1,mw,,,,,,,,,,,,,,,,,ISC,,outer_rise,,outer_rise,2013-10-15T14:58:41,,,-1
128841,2013-10-15T14:58:43,-73.735,-34.607,88.055,4.1,mw,,,,,,,,,,,,,,,,,CSN-improved,,outer_rise,,outer_rise,2013-10-15T14:58:43,,,-1
129032,2013-10-21T18:17:24,-75.204,-37.926,35.0,5.1,mw,,,,,201.0,38.0,-61.0,346.0,57.0,-111.0,-3.41e+16,-1770000000000000.0,3.59e+16,1.19e+16,-1.28e+16,2590000000000000.0,ISC,,outer_rise,,outer_rise,2013-10-21T18:17:24,,,-1
129371,2013-10-30T03:06:31,-73.848,-35.215,20.2,4.4,mw,,,16.8,,,,,,,,,,,,,,CSN-improved,,outer_rise,,outer_rise,2013-10-30T03:06:31,,,-1
129776,2013-11-08T15:16:23,-72.293,-18.914,20.3,4.3,mw,,,3.6,,,,,,,,,,,,,,CSN-improved,,outer_rise,,outer_rise,2013-11-08T15:16:23,,,-1
129905,2013-11-11T22:28:38,-71.87,-19.231,26.2,4.8,mw,,,4.4,0.149,,,,,,,,,,,,,USGS,,outer_rise,,outer_rise,2013-11-11T22:28:38,,,-1
129906,2013-11-11T22:28:39,-71.851,-19.242,29.8,4.4,mw,,,1.8,,,,,,,,,,,,,,CSN-improved,,outer_rise,,outer_rise,2013-11-11T22:28:39,,,-1
130264,2013-11-19T22:45:46,-72.975,-25.77,34.0,4.1,mw,,,,,,,,,,,,,,,,,ISC,,outer_rise,,outer_rise,2013-11-19T22:45:46,,,-1
130737,2013-11-29T05:38:08,-73.009,-33.33,5.0,4.4,mw,,,,,,,,,,,,,,,,,ISC,,outer_rise,,outer_rise,2013-11-29T05:38:08,,,-1
130734,2013-11-29T05:38:21,-73.222,-33.222,47.5295,4.7,mw,,,,,,,,,,,,,,,,,CSN-improved,,outer_rise,,outer_rise,2013-11-29T05:38:21,,,-1
130735,2013-11-29T14:04:32,-73.247,-34.117,5.0,4.6,mw,,,,,,,,,,,,,,,,,ISC,,outer_rise,,outer_rise,2013-11-29T14:04:32,,,-1
130729,2013-11-29T14:04:34,-73.236,-34.113,16.91,5.0,mw,,,4.8,0.182,,,,,,,,,,,,,USGS,,outer_rise,,outer_rise,2013-11-29T14:04:34,,,-1
130741,2013-11-29T14:04:35,-73.309,-34.108,29.661,4.3,mw,,,,,,,,,,,,,,,,,CSN-improved,,outer_rise,,outer_rise,2013-11-29T14:04:35,,,-1
131562,2013-12-20T09:11:48,-73.719,-17.646,28.0,4.1,mw,,,,,,,,,,,,,,,,,ISC,,outer_rise,,outer_rise,2013-12-20T09:11:48,,,-1
131557,2013-12-20T09:11:49,-73.674,-17.627,32.43,4.6,mw,,,4.8,0.265,,,,,,,,,,,,,USGS,,outer_rise,,outer_rise,2013-12-20T09:11:49,,,-1
135107,2014-04-01T23:58:11,-71.39,-19.85,20.6,7.0,mw,0.02,0.02,1.3,,347.0,26.0,81.0,177.0,65.0,94.0,1.935e+19,-8e+17,-1.855e+19,5.32e+18,-1.292e+19,6.77e+18,GCMT,,outer_rise,,outer_rise,2014-04-01T23:58:11,5.3,1.998631074606434,9
135491,2014-04-04T09:39:00,-71.3,-20.03,18.9,5.3,mw,0.01,0.01,0.7,,347.0,24.0,90.0,167.0,66.0,90.0,4.976e+16,5740000000000000.0,-5.55e+16,2.333e+16,-5.825e+16,1.359e+16,GCMT,,outer_rise,,outer_rise,2014-04-04T09:39:00,5.3,1.998631074606434,9
144025,2015-06-29T09:09:21,-74.51,-16.09,37.7,5.9,mw,0.01,0.01,0.4,,313.0,29.0,63.0,164.0,65.0,104.0,4.08e+17,-1.377e+17,-2.703e+17,1.964e+17,-5.174e+17,2.332e+17,GCMT,,outer_rise,,outer_rise,2015-06-29T09:09:21,5.3,1.998631074606434,9
144328,2015-07-20T09:47:40,-74.322,-35.669,10.0,5.3,mw,,,1.8,0.046,16.0,43.0,-97.0,205.0,47.0,-84.0,-5.35e+16,7210000000000000.0,4.62e+16,5180000000000000.0,1540000000000000.0,1.67e+16,USGS,,outer_rise,,outer_rise,2015-07-20T09:47:40,5.3,1.998631074606434,9
145235,2015-09-17T02:21:06,-72.851,-31.982,10.0,5.4,mw,,,1.9,0.08,,,,,,,,,,,,,USGS,,outer_rise,,outer_rise,2015-09-17T02:21:06,5.3,1.998631074606434,9
145240,2015-09-17T02:38:50,-72.525,-30.657,10.0,5.3,mw,,,1.9,0.058,,,,,,,,,,,,,USGS,,outer_rise,,outer_rise,2015-09-17T02:38:50,5.3,1.998631074606434,9
145241,2015-09-17T04:43:41,-72.552,-31.08,3.95,5.3,mw,,,3.7,0.057,,,,,,,,,,,,,USGS,,outer_rise,,outer_rise,2015-09-17T04:43:41,5.3,1.998631074606434,9
161397,2017-04-24T21:45:58,-72.662,-32.416,25.9,5.6,mw,,,8.7,,,,,,,,,,,,,,CSN-improved,,outer_rise,,outer_rise,2017-04-24T21:45:58,5.3,6.997675171749436,10
163373,2017-06-07T04:33:20,-73.633,-17.9,25.68,5.3,mw,,,5.5,0.04,,,,,,,,,,,,,USGS,,outer_rise,,outer_rise,2017-06-07T04:33:20,5.3,6.997675171749436,10
170412,2018-01-30T14:23:55,-74.78,-16.12,39.5,5.5,mw,0.01,0.01,0.4,,315.0,42.0,93.0,131.0,48.0,87.0,1.97e+17,-1.1000000000000002e+17,-8.64e+16,2.14e+16,-1.19e+16,1.3700000000000002e+17,GCMT,,outer_rise,,outer_rise,2018-01-30T14:23:55,5.3,6.997675171749436,10
170760,2018-02-11T04:11:14,-74.26,-16.77,24.9,5.4,mw,0.01,0.01,0.6,,15.0,51.0,-180.0,285.0,90.0,-39.0,-1.077e+16,4.133e+16,-3.056e+16,9.568e+16,210000000000000.0,1.009e+17,GCMT,,outer_rise,,outer_rise,2018-02-11T04:11:14,5.3,6.997675171749436,10
185465,2019-03-07T15:34:32,-72.82,-29.51,31.5,5.7,mw,0.01,0.01,0.3,,185.0,38.0,114.0,335.0,55.0,72.0,3.8269e+17,1.1864e+17,-5.0133e+17,-8.989e+16,1.3594e+17,8.027e+16,GCMT,,outer_rise,,outer_rise,2019-03-07T15:34:32,5.3,6.997675171749436,10
189916,2019-08-08T11:26:21,-74.922,-38.315,31.77,5.3,mw,,,5.0,0.144,,,,,,,,,,,,,USGS,,outer_rise,,outer_rise,2019-08-08T11:26:21,5.3,6.997675171749436,10
190988,2019-09-14T12:22:44,-73.353,-33.965,10.0,5.3,mw,,,1.9,0.042,,,,,,,,,,,,,USGS,,outer_rise,,outer_rise,2019-09-14T12:22:44,5.3,6.997675171749436,10
204788,2020-12-27T07:11:14,-74.33,-16.22,39.4,5.7,mw,0.01,0.01,0.3,,276.0,41.0,65.0,128.0,53.0,110.0,3.7737e+17,-3.816e+17,4230000000000000.0,4300000000000000.0,1.545e+16,1.2154e+17,GCMT,,outer_rise,,outer_rise,2020-12-27T07:11:14,5.3,6.997675171749436,10
209072,2021-06-05T03:05:00,-74.1,-35.01,19.0,5.4,mw,,,,,19.0,33.0,-114.0,226.0,60.0,-75.0,-1.0279e+17,3.203e+16,7.076e+16,1.0888e+17,5.789e+16,5.71e+16,GCMT,,outer_rise,,outer_rise,2021-06-05T03:05:00,5.3,6.997675171749436,10
214971,2021-11-12T20:41:32,-74.534,-16.19,11.5,5.3,mw,,,3.8,0.062,,,,,,,,,,,,,USGS,,outer_rise,,outer_rise,2021-11-12T20:41:32,5.3,6.997675171749436,10
222118,2022-05-26T12:14:23,-73.683,-34.627,35.0,5.3,mw,,,3.9,,,,,,,,,,,,,,CSN-improved,,outer_rise,,outer_rise,2022-05-26T12:14:23,5.3,6.997675171749436,10
223184,2022-06-26T02:02:00,-73.94,-17.24,12.0,5.6,mw,,,,,103.0,35.0,-89.0,281.0,55.0,-91.0,-4.2773e+17,3.5098e+17,7.675e+16,8.738e+16,-3.308e+16,-2.367e+16,GCMT,,outer_rise,,outer_rise,2022-06-26T02:02:00,5.3,6.997675171749436,10
