site,family,axis,set,paper,iml_ref,lo,hi,row_lo,row_hi,range,amax
iquique,interface,GMM (single vs tree),C,"GMM, interface",1.1133912254557354,-6.165125309923325,11.078507218442635,gmm_ag,gmm_ku,17.24363252836596,11.078507218442635
antofagasta,interface,GMM (single vs tree),C,"GMM, interface",1.3312943409484013,-10.812052822814099,19.999282578454203,gmm_pk,gmm_ku,30.811335401268302,19.999282578454203
copiapo,interface,GMM (single vs tree),C,"GMM, interface",1.0248884444720445,-7.988433091710734,17.41920501272023,gmm_mv,gmm_ku,25.407638104430966,17.41920501272023
valparaiso,interface,GMM (single vs tree),C,"GMM, interface",1.3674190687812808,-8.794888694530044,19.06558259975748,gmm_ag,gmm_ku,27.860471294287525,19.06558259975748
santiago_centro,interface,GMM (single vs tree),C,"GMM, interface",0.8039378356778795,-9.093365567403655,11.262082193259882,gmm_mv,gmm_ku,20.355447760663537,11.262082193259882
santiago_penalolen,interface,GMM (single vs tree),C,"GMM, interface",0.7412144731765119,-8.201806800457678,9.457135846203201,gmm_mv,gmm_ku,17.65894264666088,9.457135846203201
concepcion,interface,GMM (single vs tree),C,"GMM, interface",1.2403745163371898,-10.752426106239177,20.97350541492058,gmm_ag,gmm_ku,31.725931521159758,20.97350541492058
pucon,interface,GMM (single vs tree),C,"GMM, interface",0.5138650400681213,-6.153839461858834,6.027515225562752,gmm_mv,gmm_ku,12.181354687421585,6.153839461858834
puerto_montt,interface,GMM (single vs tree),C,"GMM, interface",0.6295117711436043,-9.556965721940314,17.927898455484726,gmm_ag,gmm_ku,27.484864177425038,17.927898455484726
puerto_aysen,interface,GMM (single vs tree),C,"GMM, interface",0.4965371669251255,-0.796465621790643,0.9818462504618042,gmm_ag,gmm_pk,1.7783118722524471,0.9818462504618042
hornopiren,interface,GMM (single vs tree),C,"GMM, interface",0.6449488431910474,-4.2006315532894245,4.634603861660791,gmm_mv,gmm_ku,8.835235414950215,4.634603861660791
puerto_williams,interface,GMM (single vs tree),C,"GMM, interface",0.10463250175814126,0.0,0.0,gmm_ag,gmm_ag,0.0,0.0
calama,interface,GMM (single vs tree),C,"GMM, interface",0.8223624584142992,-2.9927592168075057,2.8682342450803366,gmm_mv,gmm_ku,5.860993461887842,2.9927592168075057
la_serena,interface,GMM (single vs tree),C,"GMM, interface",1.344922471340388,-6.479484114368994,15.389090003158046,gmm_ag,gmm_ku,21.86857411752704,15.389090003158046
iquique,interface,geometry: segmented,C,Interface segmentation,1.1133912254557354,-3.264384230107642,0.0,seg,seg,3.264384230107642,3.264384230107642
antofagasta,interface,geometry: segmented,C,Interface segmentation,1.3312943409484013,-12.44840260605512,0.0,seg,seg,12.44840260605512,12.44840260605512
copiapo,interface,geometry: segmented,C,Interface segmentation,1.0248884444720445,-14.56111757364601,0.0,seg,seg,14.56111757364601,14.56111757364601
valparaiso,interface,geometry: segmented,C,Interface segmentation,1.3674190687812808,-3.480529408992128,0.0,seg,seg,3.480529408992128,3.480529408992128
santiago_centro,interface,geometry: segmented,C,Interface segmentation,0.8039378356778795,-5.105516008269683,0.0,seg,seg,5.105516008269683,5.105516008269683
santiago_penalolen,interface,geometry: segmented,C,Interface segmentation,0.7412144731765119,-4.987482734046633,0.0,seg,seg,4.987482734046633,4.987482734046633
concepcion,interface,geometry: segmented,C,Interface segmentation,1.2403745163371898,-8.731010323665823,0.0,seg,seg,8.731010323665823,8.731010323665823
pucon,interface,geometry: segmented,C,Interface segmentation,0.5138650400681213,-5.725846049361383,0.0,seg,seg,5.725846049361383,5.725846049361383
puerto_montt,interface,geometry: segmented,C,Interface segmentation,0.6295117711436043,-5.89770261241962,0.0,seg,seg,5.89770261241962,5.89770261241962
puerto_aysen,interface,geometry: segmented,C,Interface segmentation,0.4965371669251255,0.0,1.5753513268493835,seg,seg,1.5753513268493835,1.5753513268493835
hornopiren,interface,geometry: segmented,C,Interface segmentation,0.6449488431910474,-1.087235086352989,0.0,seg,seg,1.087235086352989,1.087235086352989
puerto_williams,interface,geometry: segmented,C,Interface segmentation,0.10463250175814126,0.0,0.0,seg,seg,0.0,0.0
calama,interface,geometry: segmented,C,Interface segmentation,0.8223624584142992,-2.5887561224266387,0.0,seg,seg,2.5887561224266387,2.5887561224266387
la_serena,interface,geometry: segmented,C,Interface segmentation,1.344922471340388,-9.02835166210899,0.0,seg,seg,9.02835166210899,9.02835166210899
iquique,interface,rate: geodetic (mid coupling),C,Geodetic rate,1.1133912254557354,-0.5462754645013446,0.0,geo,geo,0.5462754645013446,0.5462754645013446
antofagasta,interface,rate: geodetic (mid coupling),C,Geodetic rate,1.3312943409484013,-0.8494010253181083,0.0,geo,geo,0.8494010253181083,0.8494010253181083
copiapo,interface,rate: geodetic (mid coupling),C,Geodetic rate,1.0248884444720445,-0.7234246349082651,0.0,geo,geo,0.7234246349082651,0.7234246349082651
valparaiso,interface,rate: geodetic (mid coupling),C,Geodetic rate,1.3674190687812808,-0.771643600179639,0.0,geo,geo,0.771643600179639,0.771643600179639
santiago_centro,interface,rate: geodetic (mid coupling),C,Geodetic rate,0.8039378356778795,-0.4994028291730457,0.0,geo,geo,0.4994028291730457,0.4994028291730457
santiago_penalolen,interface,rate: geodetic (mid coupling),C,Geodetic rate,0.7412144731765119,-0.4408330625000456,0.0,geo,geo,0.4408330625000456,0.4408330625000456
concepcion,interface,rate: geodetic (mid coupling),C,Geodetic rate,1.2403745163371898,-0.9409503411525244,0.0,geo,geo,0.9409503411525244,0.9409503411525244
pucon,interface,rate: geodetic (mid coupling),C,Geodetic rate,0.5138650400681213,-0.3961274751036692,0.0,geo,geo,0.3961274751036692,0.3961274751036692
puerto_montt,interface,rate: geodetic (mid coupling),C,Geodetic rate,0.6295117711436043,-1.1620897287391463,0.0,geo,geo,1.1620897287391463,1.1620897287391463
puerto_aysen,interface,rate: geodetic (mid coupling),C,Geodetic rate,0.4965371669251255,-0.052323756400984855,0.0,geo,geo,0.052323756400984855,0.052323756400984855
hornopiren,interface,rate: geodetic (mid coupling),C,Geodetic rate,0.6449488431910474,-0.26533593541738787,0.0,geo,geo,0.26533593541738787,0.26533593541738787
puerto_williams,interface,rate: geodetic (mid coupling),C,Geodetic rate,0.10463250175814126,0.0,0.0,geo,geo,0.0,0.0
calama,interface,rate: geodetic (mid coupling),C,Geodetic rate,0.8223624584142992,-0.1272474684822722,0.0,geo,geo,0.1272474684822722,0.1272474684822722
la_serena,interface,rate: geodetic (mid coupling),C,Geodetic rate,1.344922471340388,-0.5798914971540392,0.0,geo,geo,0.5798914971540392,0.5798914971540392
iquique,interface,coupling 0.7 / 0.9 (geodetic),C,Coupling coefficient,1.1073090423671599,-2.714128333219201,2.6201405054365523,geo_lo,geo_hi,5.3342688386557535,2.714128333219201
antofagasta,interface,coupling 0.7 / 0.9 (geodetic),C,Coupling coefficient,1.3199863131663836,-4.271865875396729,4.064724157585609,geo_lo,geo_hi,8.336590032982338,4.271865875396729
copiapo,interface,coupling 0.7 / 0.9 (geodetic),C,Coupling coefficient,1.0174741489844057,-3.7314323685797013,3.4701033873120846,geo_lo,geo_hi,7.201535755891786,3.7314323685797013
valparaiso,interface,coupling 0.7 / 0.9 (geodetic),C,Coupling coefficient,1.356867467049394,-3.8580228863936084,3.700653578269053,geo_lo,geo_hi,7.558676464662661,3.8580228863936084
santiago_centro,interface,coupling 0.7 / 0.9 (geodetic),C,Coupling coefficient,0.7999229473817115,-2.6552313020247853,2.398780239683629,geo_lo,geo_hi,5.054011541708414,2.6552313020247853
santiago_penalolen,interface,coupling 0.7 / 0.9 (geodetic),C,Coupling coefficient,0.7379469547147143,-2.1740055414140147,2.120387074132579,geo_lo,geo_hi,4.2943926155465935,2.1740055414140147
concepcion,interface,coupling 0.7 / 0.9 (geodetic),C,Coupling coefficient,1.228703208094146,-4.729372840523571,4.219059663354274,geo_lo,geo_hi,8.948432503877847,4.729372840523571
pucon,interface,coupling 0.7 / 0.9 (geodetic),C,Coupling coefficient,0.511829479459459,-1.96175640856876,1.763195888423419,geo_lo,geo_hi,3.724952296992179,1.96175640856876
puerto_montt,interface,coupling 0.7 / 0.9 (geodetic),C,Coupling coefficient,0.6221962795099406,-5.859012232399053,5.373764808654791,geo_lo,geo_hi,11.232777041053843,5.859012232399053
puerto_aysen,interface,coupling 0.7 / 0.9 (geodetic),C,Coupling coefficient,0.49627736002746325,-0.25413023444724736,0.25249749025701984,geo_lo,geo_hi,0.5066277247042672,0.25413023444724736
hornopiren,interface,coupling 0.7 / 0.9 (geodetic),C,Coupling coefficient,0.6432375621450028,-1.4503636868316683,1.2765301108070615,geo_lo,geo_hi,2.7268937976387297,1.4503636868316683
puerto_williams,interface,coupling 0.7 / 0.9 (geodetic),C,Coupling coefficient,0.10463250175814126,0.0,0.0,geo_lo,geo_lo,0.0,0.0
calama,interface,coupling 0.7 / 0.9 (geodetic),C,Coupling coefficient,0.8213160230042185,-0.6213398974777795,0.6126785752680108,geo_lo,geo_hi,1.2340184727457904,0.6213398974777795
la_serena,interface,coupling 0.7 / 0.9 (geodetic),C,Coupling coefficient,1.3371233802857712,-2.880501869915486,2.7831666789756015,geo_lo,geo_hi,5.663668548891088,2.880501869915486
iquique,interface,"(a, b): 5th / 95th percentile",C,"Recurrence parameters (a, b)",1.1133912254557354,-4.6523659410936835,6.707370797003431,ab_p05,ab_p95,11.359736738097116,6.707370797003431
antofagasta,interface,"(a, b): 5th / 95th percentile",C,"Recurrence parameters (a, b)",1.3312943409484013,-7.556611911152511,10.675728611358682,ab_p05,ab_p95,18.232340522511194,10.675728611358682
copiapo,interface,"(a, b): 5th / 95th percentile",C,"Recurrence parameters (a, b)",1.0248884444720445,-7.628612752298302,10.631027552394379,ab_p05,ab_p95,18.25964030469268,10.631027552394379
valparaiso,interface,"(a, b): 5th / 95th percentile",C,"Recurrence parameters (a, b)",1.3674190687812808,-7.297926302997393,10.66767487876068,ab_p05,ab_p95,17.965601181758075,10.66767487876068
santiago_centro,interface,"(a, b): 5th / 95th percentile",C,"Recurrence parameters (a, b)",0.8039378356778795,-5.708345936773796,7.973298284059571,ab_p05,ab_p95,13.681644220833366,7.973298284059571
santiago_penalolen,interface,"(a, b): 5th / 95th percentile",C,"Recurrence parameters (a, b)",0.7412144731765119,-4.770667818630702,7.206625329376881,ab_p05,ab_p95,11.977293148007583,7.206625329376881
concepcion,interface,"(a, b): 5th / 95th percentile",C,"Recurrence parameters (a, b)",1.2403745163371898,-8.51065560723504,11.195025904058431,ab_p05,ab_p95,19.70568151129347,11.195025904058431
pucon,interface,"(a, b): 5th / 95th percentile",C,"Recurrence parameters (a, b)",0.5138650400681213,-4.165882425168066,5.679058750761312,ab_p05,ab_p95,9.844941175929378,5.679058750761312
puerto_montt,interface,"(a, b): 5th / 95th percentile",C,"Recurrence parameters (a, b)",0.6295117711436043,-10.623430255984479,14.234942820929941,ab_p05,ab_p95,24.858373076914418,14.234942820929941
puerto_aysen,interface,"(a, b): 5th / 95th percentile",C,"Recurrence parameters (a, b)",0.4965371669251255,-0.552423841356664,0.859376623309438,ab_p05,ab_p95,1.411800464666102,0.859376623309438
hornopiren,interface,"(a, b): 5th / 95th percentile",C,"Recurrence parameters (a, b)",0.6449488431910474,-3.0365091397026034,4.064599170238559,ab_p05,ab_p95,7.1011083099411625,4.064599170238559
puerto_williams,interface,"(a, b): 5th / 95th percentile",C,"Recurrence parameters (a, b)",0.10463250175814126,0.0,0.0,ab_p05,ab_p05,0.0,0.0
calama,interface,"(a, b): 5th / 95th percentile",C,"Recurrence parameters (a, b)",0.8223624584142992,-1.39244770814132,2.1527552092118762,ab_p05,ab_p95,3.5452029173531963,2.1527552092118762
la_serena,interface,"(a, b): 5th / 95th percentile",C,"Recurrence parameters (a, b)",1.344922471340388,-5.74678316968007,8.473244213276843,ab_p05,ab_p95,14.220027382956912,8.473244213276843
iquique,interface,MFD: truncated,B,,1.1133912254557354,-0.5670068169551068,0.0,tgr,tgr,0.5670068169551068,0.5670068169551068
antofagasta,interface,MFD: truncated,B,,1.3312943409484013,-1.0692447410415529,0.0,tgr,tgr,1.0692447410415529,1.0692447410415529
copiapo,interface,MFD: truncated,B,,1.0248884444720445,-1.2872368493549002,0.0,tgr,tgr,1.2872368493549002,1.2872368493549002
valparaiso,interface,MFD: truncated,B,,1.3674190687812808,-1.2599123252904687,0.0,tgr,tgr,1.2599123252904687,1.2599123252904687
santiago_centro,interface,MFD: truncated,B,,0.8039378356778795,-1.0729051992488525,0.0,tgr,tgr,1.0729051992488525,1.0729051992488525
santiago_penalolen,interface,MFD: truncated,B,,0.7412144731765119,-0.949064052011761,0.0,tgr,tgr,0.949064052011761,0.949064052011761
concepcion,interface,MFD: truncated,B,,1.2403745163371898,-1.3044956320160561,0.0,tgr,tgr,1.3044956320160561,1.3044956320160561
pucon,interface,MFD: truncated,B,,0.5138650400681213,-0.7269664255968422,0.0,tgr,tgr,0.7269664255968422,0.7269664255968422
puerto_montt,interface,MFD: truncated,B,,0.6295117711436043,-1.4174495008898225,0.0,tgr,tgr,1.4174495008898225,1.4174495008898225
puerto_aysen,interface,MFD: truncated,B,,0.4965371669251255,-0.08991848731438878,0.0,tgr,tgr,0.08991848731438878,0.08991848731438878
hornopiren,interface,MFD: truncated,B,,0.6449488431910474,-0.4179611257907445,0.0,tgr,tgr,0.4179611257907445,0.4179611257907445
puerto_williams,interface,MFD: truncated,B,,0.10463250175814126,0.0,0.0,tgr,tgr,0.0,0.0
calama,interface,MFD: truncated,B,,0.8223624584142992,-0.257005822136791,0.0,tgr,tgr,0.257005822136791,0.257005822136791
la_serena,interface,MFD: truncated,B,,1.344922471340388,-1.0374405905972606,0.0,tgr,tgr,1.0374405905972606,1.0374405905972606
iquique,interface,corner 9.1 / 10.1 (Bird & Kagan interval),A,,1.1133912254557354,-2.6786033525557085,0.0,corner_lo,corner_hi,2.6786033525557085,2.6786033525557085
antofagasta,interface,corner 9.1 / 10.1 (Bird & Kagan interval),A,,1.3312943409484013,-4.5703475788979375,0.0,corner_lo,corner_hi,4.5703475788979375,4.5703475788979375
copiapo,interface,corner 9.1 / 10.1 (Bird & Kagan interval),A,,1.0248884444720445,-6.108220137722653,0.0,corner_lo,corner_hi,6.108220137722653,6.108220137722653
valparaiso,interface,corner 9.1 / 10.1 (Bird & Kagan interval),A,,1.3674190687812808,-5.8358261754037795,0.0,corner_lo,corner_hi,5.8358261754037795,5.8358261754037795
santiago_centro,interface,corner 9.1 / 10.1 (Bird & Kagan interval),A,,0.8039378356778795,-5.587764688054198,0.0,corner_lo,corner_hi,5.587764688054198,5.587764688054198
santiago_penalolen,interface,corner 9.1 / 10.1 (Bird & Kagan interval),A,,0.7412144731765119,-4.8737118379063915,0.0,corner_lo,corner_hi,4.8737118379063915,4.8737118379063915
concepcion,interface,corner 9.1 / 10.1 (Bird & Kagan interval),A,,1.2403745163371898,-5.872034062985698,0.0,corner_lo,corner_hi,5.872034062985698,5.872034062985698
pucon,interface,corner 9.1 / 10.1 (Bird & Kagan interval),A,,0.5138650400681213,-3.7575273466436965,0.0,corner_lo,corner_hi,3.7575273466436965,3.7575273466436965
puerto_montt,interface,corner 9.1 / 10.1 (Bird & Kagan interval),A,,0.6295117711436043,-6.363063958406778,0.0,corner_lo,corner_hi,6.363063958406778,6.363063958406778
puerto_aysen,interface,corner 9.1 / 10.1 (Bird & Kagan interval),A,,0.4965371669251255,-0.5873559120685878,0.0,corner_lo,corner_hi,0.5873559120685878,0.5873559120685878
hornopiren,interface,corner 9.1 / 10.1 (Bird & Kagan interval),A,,0.6449488431910474,-2.591188948198364,0.0,corner_lo,corner_hi,2.591188948198364,2.591188948198364
puerto_williams,interface,corner 9.1 / 10.1 (Bird & Kagan interval),A,,0.10463250175814126,0.0,0.0,corner_lo,corner_lo,0.0,0.0
calama,interface,corner 9.1 / 10.1 (Bird & Kagan interval),A,,0.8223624584142992,-1.5130281352877195,0.0,corner_lo,corner_hi,1.5130281352877195,1.5130281352877195
la_serena,interface,corner 9.1 / 10.1 (Bird & Kagan interval),A,,1.344922471340388,-4.84032418320729,0.0,corner_lo,corner_hi,4.84032418320729,4.84032418320729
iquique,interface,segment Mmax +0.2 (segmented),C,Interface Mmax,1.0770458578725561,0.0,4.14377093281082,mmax_p02,mmax_p02,4.14377093281082,4.14377093281082
antofagasta,interface,segment Mmax +0.2 (segmented),C,Interface Mmax,1.165569461515516,0.0,5.159950011646108,mmax_p02,mmax_p02,5.159950011646108,5.159950011646108
copiapo,interface,segment Mmax +0.2 (segmented),C,Interface Mmax,0.8756532330737584,0.0,4.52098567065482,mmax_p02,mmax_p02,4.52098567065482,4.52098567065482
valparaiso,interface,segment Mmax +0.2 (segmented),C,Interface Mmax,1.319825645948182,0.0,1.9721524312739103,mmax_p02,mmax_p02,1.9721524312739103,1.9721524312739103
santiago_centro,interface,segment Mmax +0.2 (segmented),C,Interface Mmax,0.7628926607808085,0.0,1.9109341558234405,mmax_p02,mmax_p02,1.9109341558234405,1.9109341558234405
santiago_penalolen,interface,segment Mmax +0.2 (segmented),C,Interface Mmax,0.7042465293045787,0.0,1.6458112505193023,mmax_p02,mmax_p02,1.6458112505193023,1.6458112505193023
concepcion,interface,segment Mmax +0.2 (segmented),C,Interface Mmax,1.1320772892636697,0.0,3.415109957890561,mmax_p02,mmax_p02,3.415109957890561,3.415109957890561
pucon,interface,segment Mmax +0.2 (segmented),C,Interface Mmax,0.48444191897233146,0.0,0.6966231487501418,mmax_p02,mmax_p02,0.6966231487501418,0.6966231487501418
puerto_montt,interface,segment Mmax +0.2 (segmented),C,Interface Mmax,0.592385038971379,0.0,1.4319395418597614,mmax_p02,mmax_p02,1.4319395418597614,1.4319395418597614
puerto_aysen,interface,segment Mmax +0.2 (segmented),C,Interface Mmax,0.5043593717725808,0.0,0.4147301061559583,mmax_p02,mmax_p02,0.4147301061559583,0.4147301061559583
hornopiren,interface,segment Mmax +0.2 (segmented),C,Interface Mmax,0.6379367330788466,0.0,0.5896142856416375,mmax_p02,mmax_p02,0.5896142856416375,0.5896142856416375
puerto_williams,interface,segment Mmax +0.2 (segmented),C,Interface Mmax,0.10463250175814126,0.0,0.0,mmax_p02,mmax_p02,0.0,0.0
calama,interface,segment Mmax +0.2 (segmented),C,Interface Mmax,0.8010734999235608,0.0,1.0774057166784923,mmax_p02,mmax_p02,1.0774057166784923,1.0774057166784923
la_serena,interface,segment Mmax +0.2 (segmented),C,Interface Mmax,1.2234981410450507,0.0,3.5981149396915546,mmax_p02,mmax_p02,3.5981149396915546,3.5981149396915546
iquique,interface,segment Mmax from the area (segmented),A,,1.0770458578725561,0.0,2.196216529980388,mmax_area,mmax_area,2.196216529980388,2.196216529980388
antofagasta,interface,segment Mmax from the area (segmented),A,,1.165569461515516,0.0,2.6908452858523946,mmax_area,mmax_area,2.6908452858523946,2.6908452858523946
copiapo,interface,segment Mmax from the area (segmented),A,,0.8756532330737584,0.0,4.509911973787273,mmax_area,mmax_area,4.509911973787273,4.509911973787273
valparaiso,interface,segment Mmax from the area (segmented),A,,1.319825645948182,0.0,0.0049722049322076245,mmax_area,mmax_area,0.0049722049322076245,0.0049722049322076245
santiago_centro,interface,segment Mmax from the area (segmented),A,,0.7628926607808085,0.0,0.0064039565674356425,mmax_area,mmax_area,0.0064039565674356425,0.0064039565674356425
santiago_penalolen,interface,segment Mmax from the area (segmented),A,,0.7042465293045787,0.0,0.008162991771620831,mmax_area,mmax_area,0.008162991771620831,0.008162991771620831
concepcion,interface,segment Mmax from the area (segmented),A,,1.1320772892636697,0.0,1.6460688812003355e-06,mmax_area,mmax_area,1.6460688812003355e-06,1.6460688812003355e-06
pucon,interface,segment Mmax from the area (segmented),A,,0.48444191897233146,0.0,1.5633114580637653e-06,mmax_area,mmax_area,1.5633114580637653e-06,1.5633114580637653e-06
puerto_montt,interface,segment Mmax from the area (segmented),A,,0.592385038971379,0.0,4.425522992512754e-06,mmax_area,mmax_area,4.425522992512754e-06,4.425522992512754e-06
puerto_aysen,interface,segment Mmax from the area (segmented),A,,0.5043593717725808,-9.186477134548454e-08,0.0,mmax_area,mmax_area,9.186477134548454e-08,9.186477134548454e-08
hornopiren,interface,segment Mmax from the area (segmented),A,,0.6379367330788466,0.0,1.2966120399582337e-06,mmax_area,mmax_area,1.2966120399582337e-06,1.2966120399582337e-06
puerto_williams,interface,segment Mmax from the area (segmented),A,,0.10463250175814126,0.0,0.0,mmax_area,mmax_area,0.0,0.0
calama,interface,segment Mmax from the area (segmented),A,,0.8010734999235608,0.0,0.5522439298864645,mmax_area,mmax_area,0.5522439298864645,0.5522439298864645
la_serena,interface,segment Mmax from the area (segmented),A,,1.2234981410450507,0.0,3.5981149396915546,mmax_area,mmax_area,3.5981149396915546,3.5981149396915546
iquique,interface,Z_TOP 5 km,A,,1.1133912254557354,-2.2397150807139554,0.0,ztop5,ztop5,2.2397150807139554,2.2397150807139554
antofagasta,interface,Z_TOP 5 km,A,,1.3312943409484013,-2.9294461067413735,0.0,ztop5,ztop5,2.9294461067413735,2.9294461067413735
copiapo,interface,Z_TOP 5 km,A,,1.0248884444720445,-3.7808981835106725,0.0,ztop5,ztop5,3.7808981835106725,3.7808981835106725
valparaiso,interface,Z_TOP 5 km,A,,1.3674190687812808,-4.4036851541193744,0.0,ztop5,ztop5,4.4036851541193744,4.4036851541193744
santiago_centro,interface,Z_TOP 5 km,A,,0.8039378356778795,-2.357088222072412,0.0,ztop5,ztop5,2.357088222072412,2.357088222072412
santiago_penalolen,interface,Z_TOP 5 km,A,,0.7412144731765119,-1.9798993441258572,0.0,ztop5,ztop5,1.9798993441258572,1.9798993441258572
concepcion,interface,Z_TOP 5 km,A,,1.2403745163371898,-3.4890189093107704,0.0,ztop5,ztop5,3.4890189093107704,3.4890189093107704
pucon,interface,Z_TOP 5 km,A,,0.5138650400681213,-1.953389297166186,0.0,ztop5,ztop5,1.953389297166186,1.953389297166186
puerto_montt,interface,Z_TOP 5 km,A,,0.6295117711436043,-4.526654593034685,0.0,ztop5,ztop5,4.526654593034685,4.526654593034685
puerto_aysen,interface,Z_TOP 5 km,A,,0.4965371669251255,-0.2804688497450636,0.0,ztop5,ztop5,0.2804688497450636,0.2804688497450636
hornopiren,interface,Z_TOP 5 km,A,,0.6449488431910474,-1.6092417880626209,0.0,ztop5,ztop5,1.6092417880626209,1.6092417880626209
puerto_williams,interface,Z_TOP 5 km,A,,0.10463250175814126,0.0,0.0,ztop5,ztop5,0.0,0.0
calama,interface,Z_TOP 5 km,A,,0.8223624584142992,-0.6255717769982017,0.0,ztop5,ztop5,0.6255717769982017,0.6255717769982017
la_serena,interface,Z_TOP 5 km,A,,1.344922471340388,-2.9557678625901196,0.0,ztop5,ztop5,2.9557678625901196,2.9557678625901196
iquique,interface,Z_BOTTOM 60 km,A,,1.1133912254557354,-2.023790666684966,0.0,zbot60,zbot60,2.023790666684966,2.023790666684966
antofagasta,interface,Z_BOTTOM 60 km,A,,1.3312943409484013,-3.075145202668761,0.0,zbot60,zbot60,3.075145202668761,3.075145202668761
copiapo,interface,Z_BOTTOM 60 km,A,,1.0248884444720445,-4.306048683756658,0.0,zbot60,zbot60,4.306048683756658,4.306048683756658
valparaiso,interface,Z_BOTTOM 60 km,A,,1.3674190687812808,-4.121394681903945,0.0,zbot60,zbot60,4.121394681903945,4.121394681903945
santiago_centro,interface,Z_BOTTOM 60 km,A,,0.8039378356778795,0.0,1.7543844423069554,zbot60,zbot60,1.7543844423069554,1.7543844423069554
santiago_penalolen,interface,Z_BOTTOM 60 km,A,,0.7412144731765119,0.0,2.949403735622247,zbot60,zbot60,2.949403735622247,2.949403735622247
concepcion,interface,Z_BOTTOM 60 km,A,,1.2403745163371898,-4.8121511649445665,0.0,zbot60,zbot60,4.8121511649445665,4.8121511649445665
pucon,interface,Z_BOTTOM 60 km,A,,0.5138650400681213,0.0,3.6437156742486376,zbot60,zbot60,3.6437156742486376,3.6437156742486376
puerto_montt,interface,Z_BOTTOM 60 km,A,,0.6295117711436043,-1.1117284843976782,0.0,zbot60,zbot60,1.1117284843976782,1.1117284843976782
puerto_aysen,interface,Z_BOTTOM 60 km,A,,0.4965371669251255,-0.2164771508766039,0.0,zbot60,zbot60,0.2164771508766039,0.2164771508766039
hornopiren,interface,Z_BOTTOM 60 km,A,,0.6449488431910474,0.0,2.2061956888146605,zbot60,zbot60,2.2061956888146605,2.2061956888146605
puerto_williams,interface,Z_BOTTOM 60 km,A,,0.10463250175814126,0.0,0.0,zbot60,zbot60,0.0,0.0
calama,interface,Z_BOTTOM 60 km,A,,0.8223624584142992,0.0,2.5583904484602016,zbot60,zbot60,2.5583904484602016,2.5583904484602016
la_serena,interface,Z_BOTTOM 60 km,A,,1.344922471340388,-3.675434041838621,0.0,zbot60,zbot60,3.675434041838621,3.675434041838621
iquique,interface,scaling: Thingbaijam / Allen & Hayes,B,,1.1133912254557354,-2.377288298875335,5.272427925371126,msr_ah,msr_tmg,7.649716224246461,5.272427925371126
antofagasta,interface,scaling: Thingbaijam / Allen & Hayes,B,,1.3312943409484013,-1.7553270153193967,8.56814777501842,msr_ah,msr_tmg,10.323474790337817,8.56814777501842
copiapo,interface,scaling: Thingbaijam / Allen & Hayes,B,,1.0248884444720445,-3.13954099500956,7.951346271789328,msr_ah,msr_tmg,11.090887266798887,7.951346271789328
valparaiso,interface,scaling: Thingbaijam / Allen & Hayes,B,,1.3674190687812808,-4.474202443084052,8.24481291291599,msr_ah,msr_tmg,12.719015356000043,8.24481291291599
santiago_centro,interface,scaling: Thingbaijam / Allen & Hayes,B,,0.8039378356778795,-3.8693247387337593,5.829592724062338,msr_ah,msr_tmg,9.698917462796096,5.829592724062338
santiago_penalolen,interface,scaling: Thingbaijam / Allen & Hayes,B,,0.7412144731765119,-3.404816480738204,5.0795525798917,msr_ah,msr_tmg,8.484369060629904,5.0795525798917
concepcion,interface,scaling: Thingbaijam / Allen & Hayes,B,,1.2403745163371898,-3.376857376556186,8.424428418761497,msr_ah,msr_tmg,11.801285795317684,8.424428418761497
pucon,interface,scaling: Thingbaijam / Allen & Hayes,B,,0.5138650400681213,-1.6730989637539717,4.162172734805525,msr_ah,msr_tmg,5.835271698559497,4.162172734805525
puerto_montt,interface,scaling: Thingbaijam / Allen & Hayes,B,,0.6295117711436043,-3.349519991715777,12.508520588321502,msr_ah,msr_tmg,15.85804058003728,12.508520588321502
puerto_aysen,interface,scaling: Thingbaijam / Allen & Hayes,B,,0.4965371669251255,-0.4183116581196189,2.254635857142806,msr_ah,msr_tmg,2.672947515262425,2.254635857142806
hornopiren,interface,scaling: Thingbaijam / Allen & Hayes,B,,0.6449488431910474,-1.688045272418226,3.4323288038702993,msr_ah,msr_tmg,5.120374076288526,3.4323288038702993
puerto_williams,interface,scaling: Thingbaijam / Allen & Hayes,B,,0.10463250175814126,0.0,0.0,msr_tmg,msr_tmg,0.0,0.0
calama,interface,scaling: Thingbaijam / Allen & Hayes,B,,0.8223624584142992,-0.6994898401969762,1.7180830231461108,msr_ah,msr_tmg,2.417572863343087,1.7180830231461108
la_serena,interface,scaling: Thingbaijam / Allen & Hayes,B,,1.344922471340388,-3.34104998291318,6.196902019080852,msr_ah,msr_tmg,9.537952001994032,6.196902019080852
iquique,interface,aspect ratio 2,B,,1.1133912254557354,0.0,2.7594660424134165,asp20,asp20,2.7594660424134165,2.7594660424134165
antofagasta,interface,aspect ratio 2,B,,1.3312943409484013,0.0,3.730024898403461,asp20,asp20,3.730024898403461,3.730024898403461
copiapo,interface,aspect ratio 2,B,,1.0248884444720445,0.0,1.003525049626397,asp20,asp20,1.003525049626397,1.003525049626397
valparaiso,interface,aspect ratio 2,B,,1.3674190687812808,0.0,2.7915992755612518,asp20,asp20,2.7915992755612518,2.7915992755612518
santiago_centro,interface,aspect ratio 2,B,,0.8039378356778795,0.0,0.149294832060054,asp20,asp20,0.149294832060054,0.149294832060054
santiago_penalolen,interface,aspect ratio 2,B,,0.7412144731765119,0.0,0.052660258866987775,asp20,asp20,0.052660258866987775,0.052660258866987775
concepcion,interface,aspect ratio 2,B,,1.2403745163371898,0.0,3.5189279589174616,asp20,asp20,3.5189279589174616,3.5189279589174616
pucon,interface,aspect ratio 2,B,,0.5138650400681213,-0.018562594638282803,0.0,asp20,asp20,0.018562594638282803,0.018562594638282803
puerto_montt,interface,aspect ratio 2,B,,0.6295117711436043,0.0,1.1115509994337858,asp20,asp20,1.1115509994337858,1.1115509994337858
puerto_aysen,interface,aspect ratio 2,B,,0.4965371669251255,-0.11599114092152307,0.0,asp20,asp20,0.11599114092152307,0.11599114092152307
hornopiren,interface,aspect ratio 2,B,,0.6449488431910474,-0.18071915060234867,0.0,asp20,asp20,0.18071915060234867,0.18071915060234867
puerto_williams,interface,aspect ratio 2,B,,0.10463250175814126,0.0,0.0,asp20,asp20,0.0,0.0
calama,interface,aspect ratio 2,B,,0.8223624584142992,0.0,0.09402289197797398,asp20,asp20,0.09402289197797398,0.09402289197797398
la_serena,interface,aspect ratio 2,B,,1.344922471340388,0.0,1.384811610436909,asp20,asp20,1.384811610436909,1.384811610436909
iquique,interface,fit floor -0.2 / +0.2,A,,1.1133912254557354,-4.9157263587015,2.4303086492022175,floor_m02,floor_p02,7.346035007903717,4.9157263587015
antofagasta,interface,fit floor -0.2 / +0.2,A,,1.3312943409484013,-8.071060207448433,3.971042348692788,floor_m02,floor_p02,12.04210255614122,8.071060207448433
copiapo,interface,fit floor -0.2 / +0.2,A,,1.0248884444720445,-8.440744754451723,4.229203623580946,floor_m02,floor_p02,12.669948378032668,8.440744754451723
valparaiso,interface,fit floor -0.2 / +0.2,A,,1.3674190687812808,-7.9182345770066,4.119506689815289,floor_m02,floor_p02,12.03774126682189,7.9182345770066
santiago_centro,interface,fit floor -0.2 / +0.2,A,,0.8039378356778795,-6.408013284696146,3.2517162532838872,floor_m02,floor_p02,9.659729537980034,6.408013284696146
santiago_penalolen,interface,fit floor -0.2 / +0.2,A,,0.7412144731765119,-5.3690230588828385,2.9440807410209047,floor_m02,floor_p02,8.313103799903743,5.3690230588828385
concepcion,interface,fit floor -0.2 / +0.2,A,,1.2403745163371898,-9.115997068405225,4.24987605930307,floor_m02,floor_p02,13.365873127708294,9.115997068405225
pucon,interface,fit floor -0.2 / +0.2,A,,0.5138650400681213,-4.656264994566762,2.282362527149928,floor_m02,floor_p02,6.93862752171669,4.656264994566762
puerto_montt,interface,fit floor -0.2 / +0.2,A,,0.6295117711436043,-11.419883845631784,5.511321227234234,floor_m02,floor_p02,16.931205072866018,11.419883845631784
puerto_aysen,interface,fit floor -0.2 / +0.2,A,,0.4965371669251255,-0.6123154198467984,0.3401342723611478,floor_m02,floor_p02,0.9524496922079462,0.6123154198467984
hornopiren,interface,fit floor -0.2 / +0.2,A,,0.6449488431910474,-3.387465118567967,1.612034907906268,floor_m02,floor_p02,4.9995000264742355,3.387465118567967
puerto_williams,interface,fit floor -0.2 / +0.2,A,,0.10463250175814126,0.0,0.0,floor_m02,floor_m02,0.0,0.0
calama,interface,fit floor -0.2 / +0.2,A,,0.8223624584142992,-1.572908704204179,0.8796223264164293,floor_m02,floor_p02,2.4525310306206083,1.572908704204179
la_serena,interface,fit floor -0.2 / +0.2,A,,1.344922471340388,-6.324153565279977,3.340803679106341,floor_m02,floor_p02,9.664957244386319,6.324153565279977
iquique,interface,completeness -0.1 / +0.1,A,,1.1133912254557354,-1.6192954911899426,0.0,mc_m01,mc_p01,1.6192954911899426,1.6192954911899426
antofagasta,interface,completeness -0.1 / +0.1,A,,1.3312943409484013,-2.557252251348341,0.0,mc_m01,mc_p01,2.557252251348341,2.557252251348341
copiapo,interface,completeness -0.1 / +0.1,A,,1.0248884444720445,-2.3164470481339405,0.0,mc_m01,mc_p01,2.3164470481339405,2.3164470481339405
valparaiso,interface,completeness -0.1 / +0.1,A,,1.3674190687812808,-2.402078804894514,0.0,mc_m01,mc_p01,2.402078804894514,2.402078804894514
santiago_centro,interface,completeness -0.1 / +0.1,A,,0.8039378356778795,-1.7302317780778953,0.0,mc_m01,mc_p01,1.7302317780778953,1.7302317780778953
santiago_penalolen,interface,completeness -0.1 / +0.1,A,,0.7412144731765119,-1.4658905913962794,0.0,mc_m01,mc_p01,1.4658905913962794,1.4658905913962794
concepcion,interface,completeness -0.1 / +0.1,A,,1.2403745163371898,-2.8684269083409153,0.0,mc_m01,mc_p01,2.8684269083409153,2.8684269083409153
pucon,interface,completeness -0.1 / +0.1,A,,0.5138650400681213,-1.3018924393285891,0.0,mc_m01,mc_p01,1.3018924393285891,1.3018924393285891
puerto_montt,interface,completeness -0.1 / +0.1,A,,0.6295117711436043,-3.5603837038687858,0.0,mc_m01,mc_p01,3.5603837038687858,3.5603837038687858
puerto_aysen,interface,completeness -0.1 / +0.1,A,,0.4965371669251255,-0.17314952999127886,0.0,mc_m01,mc_p01,0.17314952999127886,0.17314952999127886
hornopiren,interface,completeness -0.1 / +0.1,A,,0.6449488431910474,-0.8834473101766882,0.0,mc_m01,mc_p01,0.8834473101766882,0.8834473101766882
puerto_williams,interface,completeness -0.1 / +0.1,A,,0.10463250175814126,0.0,0.0,mc_m01,mc_m01,0.0,0.0
calama,interface,completeness -0.1 / +0.1,A,,0.8223624584142992,-0.4263801817768753,0.0,mc_m01,mc_p01,0.4263801817768753,0.4263801817768753
la_serena,interface,completeness -0.1 / +0.1,A,,1.344922471340388,-1.8447417936395705,0.0,mc_m01,mc_p01,1.8447417936395705,1.8447417936395705
iquique,intraslab,GMM (single vs tree),C,"GMM, in-slab",1.1133912254557354,-11.58408647338608,18.176534039458737,gmm_mv,gmm_pk,29.760620512844817,18.176534039458737
antofagasta,intraslab,GMM (single vs tree),C,"GMM, in-slab",1.3312943409484013,-5.388356161483543,10.037571610666696,gmm_ku,gmm_pk,15.425927772150239,10.037571610666696
copiapo,intraslab,GMM (single vs tree),C,"GMM, in-slab",1.0248884444720445,-9.563641641480292,14.180164148614004,gmm_mv,gmm_pk,23.743805790094296,14.180164148614004
valparaiso,intraslab,GMM (single vs tree),C,"GMM, in-slab",1.3674190687812808,-7.2701540384836445,11.659555892789374,gmm_ku,gmm_pk,18.929709931273017,11.659555892789374
santiago_centro,intraslab,GMM (single vs tree),C,"GMM, in-slab",0.8039378356778795,-14.824567246047494,16.972950076174854,gmm_mv,gmm_pk,31.797517322222348,16.972950076174854
santiago_penalolen,intraslab,GMM (single vs tree),C,"GMM, in-slab",0.7412144731765119,-15.583535973395534,17.27858580776809,gmm_mv,gmm_pk,32.86212178116362,17.27858580776809
concepcion,intraslab,GMM (single vs tree),C,"GMM, in-slab",1.2403745163371898,-5.070000778624628,6.944199837007625,gmm_ku,gmm_pk,12.014200615632253,6.944199837007625
pucon,intraslab,GMM (single vs tree),C,"GMM, in-slab",0.5138650400681213,-4.772458418824899,4.981529302979704,gmm_mv,gmm_pk,9.753987721804602,4.981529302979704
puerto_montt,intraslab,GMM (single vs tree),C,"GMM, in-slab",0.6295117711436043,-2.370247136427195,4.049606017434915,gmm_mv,gmm_pk,6.4198531538621095,4.049606017434915
puerto_aysen,intraslab,GMM (single vs tree),C,"GMM, in-slab",0.4965371669251255,-0.11257070566239591,0.11538295781130525,gmm_mv,gmm_pk,0.22795366347370116,0.11538295781130525
hornopiren,intraslab,GMM (single vs tree),C,"GMM, in-slab",0.6449488431910474,-1.3733384242657354,1.5824672619805025,gmm_mv,gmm_pk,2.955805686246238,1.5824672619805025
puerto_williams,intraslab,GMM (single vs tree),C,"GMM, in-slab",0.10463250175814126,0.0,0.0,gmm_ag,gmm_ag,0.0,0.0
calama,intraslab,GMM (single vs tree),C,"GMM, in-slab",0.8223624584142992,-27.150969377203047,23.172805603790223,gmm_mv,gmm_pk,50.32377498099327,27.150969377203047
la_serena,intraslab,GMM (single vs tree),C,"GMM, in-slab",1.344922471340388,-10.969268180641112,18.381381887853166,gmm_ku,gmm_pk,29.35065006849428,18.381381887853166
iquique,intraslab,Mmax pad 0 / 0.4,C,In-slab Mmax,1.1133912254557354,-2.246273210222849,1.9824394084334562,pad0,pad04,4.228712618656305,2.246273210222849
antofagasta,intraslab,Mmax pad 0 / 0.4,C,In-slab Mmax,1.3312943409484013,-1.1545850311567962,1.0378392050849783,pad0,pad04,2.1924242362417745,1.1545850311567962
copiapo,intraslab,Mmax pad 0 / 0.4,C,In-slab Mmax,1.0248884444720445,-1.7624401252999689,1.5957856667042636,pad0,pad04,3.3582257920042324,1.7624401252999689
valparaiso,intraslab,Mmax pad 0 / 0.4,C,In-slab Mmax,1.3674190687812808,-1.4408459520927064,1.2971124104222298,pad0,pad04,2.737958362514936,1.4408459520927064
santiago_centro,intraslab,Mmax pad 0 / 0.4,C,In-slab Mmax,0.8039378356778795,-2.388328290940367,1.9816676311670278,pad0,pad04,4.369995922107394,2.388328290940367
santiago_penalolen,intraslab,Mmax pad 0 / 0.4,C,In-slab Mmax,0.7412144731765119,-2.496452824848572,2.1866798182366587,pad0,pad04,4.68313264308523,2.496452824848572
concepcion,intraslab,Mmax pad 0 / 0.4,C,In-slab Mmax,1.2403745163371898,-0.919480415651841,0.7475068488921321,pad0,pad04,1.6669872645439732,0.919480415651841
pucon,intraslab,Mmax pad 0 / 0.4,C,In-slab Mmax,0.5138650400681213,-0.8092702987347211,0.6279995414463002,pad0,pad04,1.4372698401810213,0.8092702987347211
puerto_montt,intraslab,Mmax pad 0 / 0.4,C,In-slab Mmax,0.6295117711436043,-0.526012883561755,0.45532753829953254,pad0,pad04,0.9813404218612876,0.526012883561755
puerto_aysen,intraslab,Mmax pad 0 / 0.4,C,In-slab Mmax,0.4965371669251255,-0.03388000525267332,0.03612449879708546,pad0,pad04,0.07000450404975878,0.03612449879708546
hornopiren,intraslab,Mmax pad 0 / 0.4,C,In-slab Mmax,0.6449488431910474,-0.2436975539646613,0.21817848289906738,pad0,pad04,0.4618760368637287,0.2436975539646613
puerto_williams,intraslab,Mmax pad 0 / 0.4,C,In-slab Mmax,0.10463250175814126,0.0,0.0,pad0,pad0,0.0,0.0
calama,intraslab,Mmax pad 0 / 0.4,C,In-slab Mmax,0.8223624584142992,-4.143110847110377,3.558497085973489,pad0,pad04,7.701607933083865,4.143110847110377
la_serena,intraslab,Mmax pad 0 / 0.4,C,In-slab Mmax,1.344922471340388,-2.1726288578824193,1.8927202229054085,pad0,pad04,4.065349080787827,2.1726288578824193
iquique,intraslab,separate b per class,A,,1.1133912254557354,0.0,0.12607546955250015,b_separate,b_separate,0.12607546955250015,0.12607546955250015
antofagasta,intraslab,separate b per class,A,,1.3312943409484013,0.0,0.2902832347030815,b_separate,b_separate,0.2902832347030815,0.2902832347030815
copiapo,intraslab,separate b per class,A,,1.0248884444720445,0.0,0.3420584526141468,b_separate,b_separate,0.3420584526141468,0.3420584526141468
valparaiso,intraslab,separate b per class,A,,1.3674190687812808,0.0,0.6133697366891733,b_separate,b_separate,0.6133697366891733,0.6133697366891733
santiago_centro,intraslab,separate b per class,A,,0.8039378356778795,-0.23290197666722134,0.0,b_separate,b_separate,0.23290197666722134,0.23290197666722134
santiago_penalolen,intraslab,separate b per class,A,,0.7412144731765119,-0.38979400548474485,0.0,b_separate,b_separate,0.38979400548474485,0.38979400548474485
concepcion,intraslab,separate b per class,A,,1.2403745163371898,0.0,0.46071284478044205,b_separate,b_separate,0.46071284478044205,0.46071284478044205
pucon,intraslab,separate b per class,A,,0.5138650400681213,0.0,0.04596742462685821,b_separate,b_separate,0.04596742462685821,0.04596742462685821
puerto_montt,intraslab,separate b per class,A,,0.6295117711436043,0.0,0.1866453977464655,b_separate,b_separate,0.1866453977464655,0.1866453977464655
puerto_aysen,intraslab,separate b per class,A,,0.4965371669251255,0.0,0.008373465139044356,b_separate,b_separate,0.008373465139044356,0.008373465139044356
hornopiren,intraslab,separate b per class,A,,0.6449488431910474,0.0,0.06596793351147934,b_separate,b_separate,0.06596793351147934,0.06596793351147934
puerto_williams,intraslab,separate b per class,A,,0.10463250175814126,0.0,0.0,b_separate,b_separate,0.0,0.0
calama,intraslab,separate b per class,A,,0.8223624584142992,-1.4100405150133333,0.0,b_separate,b_separate,1.4100405150133333,1.4100405150133333
la_serena,intraslab,separate b per class,A,,1.344922471340388,0.0,1.481915540568557,b_separate,b_separate,1.481915540568557,1.481915540568557
iquique,intraslab,fit floors -0.2 / +0.2,A,,1.1133912254557354,-5.883580673834842,0.0,floor_m02,floor_p02,5.883580673834842,5.883580673834842
antofagasta,intraslab,fit floors -0.2 / +0.2,A,,1.3312943409484013,-2.735442826727752,0.0,floor_m02,floor_p02,2.735442826727752,2.735442826727752
copiapo,intraslab,fit floors -0.2 / +0.2,A,,1.0248884444720445,-4.556368209462224,0.0,floor_m02,floor_p02,4.556368209462224,4.556368209462224
valparaiso,intraslab,fit floors -0.2 / +0.2,A,,1.3674190687812808,-3.197547171393822,0.0,floor_m02,floor_p02,3.197547171393822,3.197547171393822
santiago_centro,intraslab,fit floors -0.2 / +0.2,A,,0.8039378356778795,-7.404871665584389,0.0,floor_m02,floor_p02,7.404871665584389,7.404871665584389
santiago_penalolen,intraslab,fit floors -0.2 / +0.2,A,,0.7412144731765119,-7.847985322642337,0.0,floor_m02,floor_p02,7.847985322642337,7.847985322642337
concepcion,intraslab,fit floors -0.2 / +0.2,A,,1.2403745163371898,-2.0250159902584275,0.0,floor_m02,floor_p02,2.0250159902584275,2.0250159902584275
pucon,intraslab,fit floors -0.2 / +0.2,A,,0.5138650400681213,-2.4062387041117184,0.0,floor_m02,floor_p02,2.4062387041117184,2.4062387041117184
puerto_montt,intraslab,fit floors -0.2 / +0.2,A,,0.6295117711436043,-1.3722552551780676,0.0,floor_m02,floor_p02,1.3722552551780676,1.3722552551780676
puerto_aysen,intraslab,fit floors -0.2 / +0.2,A,,0.4965371669251255,-0.05678893120366624,0.0,floor_m02,floor_p02,0.05678893120366624,0.05678893120366624
hornopiren,intraslab,fit floors -0.2 / +0.2,A,,0.6449488431910474,-0.6052971577523159,0.0,floor_m02,floor_p02,0.6052971577523159,0.6052971577523159
puerto_williams,intraslab,fit floors -0.2 / +0.2,A,,0.10463250175814126,0.0,0.0,floor_m02,floor_m02,0.0,0.0
calama,intraslab,fit floors -0.2 / +0.2,A,,0.8223624584142992,-13.73667123333452,0.0,floor_m02,floor_p02,13.73667123333452,13.73667123333452
la_serena,intraslab,fit floors -0.2 / +0.2,A,,1.344922471340388,-4.495471095533099,0.0,floor_m02,floor_p02,4.495471095533099,4.495471095533099
iquique,intraslab,completeness -0.1 / +0.1,A,,1.1133912254557354,-1.3582371513866764,0.0,mc_p01,mc_m01,1.3582371513866764,1.3582371513866764
antofagasta,intraslab,completeness -0.1 / +0.1,A,,1.3312943409484013,-0.7044946134144525,0.04000665461980635,mc_m01,mc_p01,0.7445012680342589,0.7044946134144525
copiapo,intraslab,completeness -0.1 / +0.1,A,,1.0248884444720445,-0.7376931737905212,0.0,mc_p01,mc_m01,0.7376931737905212,0.7376931737905212
valparaiso,intraslab,completeness -0.1 / +0.1,A,,1.3674190687812808,-0.47803011797972195,0.0,mc_p01,mc_m01,0.47803011797972195,0.47803011797972195
santiago_centro,intraslab,completeness -0.1 / +0.1,A,,0.8039378356778795,-0.22676893667645803,0.0,mc_p01,mc_m01,0.22676893667645803,0.22676893667645803
santiago_penalolen,intraslab,completeness -0.1 / +0.1,A,,0.7412144731765119,-0.2694262849347262,0.0,mc_p01,mc_m01,0.2694262849347262,0.2694262849347262
concepcion,intraslab,completeness -0.1 / +0.1,A,,1.2403745163371898,-0.2546496859316405,0.0,mc_p01,mc_m01,0.2546496859316405,0.2546496859316405
pucon,intraslab,completeness -0.1 / +0.1,A,,0.5138650400681213,-0.3443063754148379,0.0,mc_p01,mc_m01,0.3443063754148379,0.3443063754148379
puerto_montt,intraslab,completeness -0.1 / +0.1,A,,0.6295117711436043,-0.4859662932837572,0.253600344307392,mc_m01,mc_p01,0.7395666375911492,0.4859662932837572
puerto_aysen,intraslab,completeness -0.1 / +0.1,A,,0.4965371669251255,-0.022031812068645795,0.014639373584945936,mc_m01,mc_p01,0.03667118565359173,0.022031812068645795
hornopiren,intraslab,completeness -0.1 / +0.1,A,,0.6449488431910474,-0.18681866704748362,0.11749107845457907,mc_m01,mc_p01,0.3043097455020627,0.18681866704748362
puerto_williams,intraslab,completeness -0.1 / +0.1,A,,0.10463250175814126,0.0,0.0,mc_m01,mc_m01,0.0,0.0
calama,intraslab,completeness -0.1 / +0.1,A,,0.8223624584142992,-1.5606705013322064,0.0,mc_m01,mc_p01,1.5606705013322064,1.5606705013322064
la_serena,intraslab,completeness -0.1 / +0.1,A,,1.344922471340388,-0.30342364661498644,0.0,mc_p01,mc_m01,0.30342364661498644,0.30342364661498644
iquique,intraslab,kernel neighbours 10 / 50,B,,1.1133912254557354,-0.3496914100903581,0.2952875827672896,nn10,nn50,0.6449789928576477,0.3496914100903581
antofagasta,intraslab,kernel neighbours 10 / 50,B,,1.3312943409484013,0.0,0.09724623796352194,nn10,nn50,0.09724623796352194,0.09724623796352194
copiapo,intraslab,kernel neighbours 10 / 50,B,,1.0248884444720445,-0.2677305094577198,0.18134620940484236,nn10,nn50,0.4490767188625622,0.2677305094577198
valparaiso,intraslab,kernel neighbours 10 / 50,B,,1.3674190687812808,-0.14579520433548598,0.0,nn50,nn10,0.14579520433548598,0.14579520433548598
santiago_centro,intraslab,kernel neighbours 10 / 50,B,,0.8039378356778795,-0.11076945888317535,0.21301776070654643,nn10,nn50,0.3237872195897218,0.21301776070654643
santiago_penalolen,intraslab,kernel neighbours 10 / 50,B,,0.7412144731765119,0.0,0.26081295085707,nn50,nn10,0.26081295085707,0.26081295085707
concepcion,intraslab,kernel neighbours 10 / 50,B,,1.2403745163371898,-0.4495139649816293,0.22102689441834134,nn10,nn50,0.6705408593999707,0.4495139649816293
pucon,intraslab,kernel neighbours 10 / 50,B,,0.5138650400681213,-0.05182143462271194,0.19456074557460123,nn10,nn50,0.24638218019731317,0.19456074557460123
puerto_montt,intraslab,kernel neighbours 10 / 50,B,,0.6295117711436043,-0.5093065098230598,0.0,nn10,nn50,0.5093065098230598,0.5093065098230598
puerto_aysen,intraslab,kernel neighbours 10 / 50,B,,0.4965371669251255,-0.05191879505207497,0.05331247212212453,nn10,nn50,0.1052312671741995,0.05331247212212453
hornopiren,intraslab,kernel neighbours 10 / 50,B,,0.6449488431910474,-0.1348383329778935,0.08159816601478465,nn10,nn50,0.21643649899267814,0.1348383329778935
puerto_williams,intraslab,kernel neighbours 10 / 50,B,,0.10463250175814126,0.0,0.0,nn10,nn10,0.0,0.0
calama,intraslab,kernel neighbours 10 / 50,B,,0.8223624584142992,-0.31352302983191915,0.45818785311106947,nn50,nn10,0.7717108829429886,0.45818785311106947
la_serena,intraslab,kernel neighbours 10 / 50,B,,1.344922471340388,-1.4240339710751004,1.9233576366004979,nn50,nn10,3.3473916076755983,1.9233576366004979
iquique,intraslab,class domain cut at 50 km,B,,1.1133912254557354,-2.0752899877144126,0.0,classmask,classmask,2.0752899877144126,2.0752899877144126
antofagasta,intraslab,class domain cut at 50 km,B,,1.3312943409484013,-0.7323758021536841,0.0,classmask,classmask,0.7323758021536841,0.7323758021536841
copiapo,intraslab,class domain cut at 50 km,B,,1.0248884444720445,-1.6530277056454268,0.0,classmask,classmask,1.6530277056454268,1.6530277056454268
valparaiso,intraslab,class domain cut at 50 km,B,,1.3674190687812808,-0.7722932393005921,0.0,classmask,classmask,0.7722932393005921,0.7722932393005921
santiago_centro,intraslab,class domain cut at 50 km,B,,0.8039378356778795,-1.1267786565262394,0.0,classmask,classmask,1.1267786565262394,1.1267786565262394
santiago_penalolen,intraslab,class domain cut at 50 km,B,,0.7412144731765119,-0.7771101437095362,0.0,classmask,classmask,0.7771101437095362,0.7771101437095362
concepcion,intraslab,class domain cut at 50 km,B,,1.2403745163371898,-0.6693175256203832,0.0,classmask,classmask,0.6693175256203832,0.6693175256203832
pucon,intraslab,class domain cut at 50 km,B,,0.5138650400681213,-0.687678730744834,0.0,classmask,classmask,0.687678730744834,0.687678730744834
puerto_montt,intraslab,class domain cut at 50 km,B,,0.6295117711436043,-1.1737280539676043,0.0,classmask,classmask,1.1737280539676043,1.1737280539676043
puerto_aysen,intraslab,class domain cut at 50 km,B,,0.4965371669251255,-0.029908799359246174,0.0,classmask,classmask,0.029908799359246174,0.029908799359246174
hornopiren,intraslab,class domain cut at 50 km,B,,0.6449488431910474,-0.48652022578365983,0.0,classmask,classmask,0.48652022578365983,0.48652022578365983
puerto_williams,intraslab,class domain cut at 50 km,B,,0.10463250175814126,0.0,0.0,classmask,classmask,0.0,0.0
calama,intraslab,class domain cut at 50 km,B,,0.8223624584142992,0.0,0.010240803751471184,classmask,classmask,0.010240803751471184,0.010240803751471184
la_serena,intraslab,class domain cut at 50 km,B,,1.344922471340388,0.0,0.5940329091210783,classmask,classmask,0.5940329091210783,0.5940329091210783
iquique,intraslab,scaling: Allen & Hayes,B,,1.1133912254557354,-1.735018190993154,0.0,msr_ah,msr_ah,1.735018190993154,1.735018190993154
antofagasta,intraslab,scaling: Allen & Hayes,B,,1.3312943409484013,-0.8693606850190383,0.0,msr_ah,msr_ah,0.8693606850190383,0.8693606850190383
copiapo,intraslab,scaling: Allen & Hayes,B,,1.0248884444720445,-1.2986043638421596,0.0,msr_ah,msr_ah,1.2986043638421596,1.2986043638421596
valparaiso,intraslab,scaling: Allen & Hayes,B,,1.3674190687812808,-1.0903780737436697,0.0,msr_ah,msr_ah,1.0903780737436697,1.0903780737436697
santiago_centro,intraslab,scaling: Allen & Hayes,B,,0.8039378356778795,-1.7496537518579602,0.0,msr_ah,msr_ah,1.7496537518579602,1.7496537518579602
santiago_penalolen,intraslab,scaling: Allen & Hayes,B,,0.7412144731765119,-1.8087898503491129,0.0,msr_ah,msr_ah,1.8087898503491129,1.8087898503491129
concepcion,intraslab,scaling: Allen & Hayes,B,,1.2403745163371898,-0.6872247280215293,0.0,msr_ah,msr_ah,0.6872247280215293,0.6872247280215293
pucon,intraslab,scaling: Allen & Hayes,B,,0.5138650400681213,-0.5070182867401685,0.0,msr_ah,msr_ah,0.5070182867401685,0.5070182867401685
puerto_montt,intraslab,scaling: Allen & Hayes,B,,0.6295117711436043,-0.39282660312685014,0.0,msr_ah,msr_ah,0.39282660312685014,0.39282660312685014
puerto_aysen,intraslab,scaling: Allen & Hayes,B,,0.4965371669251255,-0.023989024835935346,0.0,msr_ah,msr_ah,0.023989024835935346,0.023989024835935346
hornopiren,intraslab,scaling: Allen & Hayes,B,,0.6449488431910474,-0.1519499753781406,0.0,msr_ah,msr_ah,0.1519499753781406,0.1519499753781406
puerto_williams,intraslab,scaling: Allen & Hayes,B,,0.10463250175814126,0.0,0.0,msr_ah,msr_ah,0.0,0.0
calama,intraslab,scaling: Allen & Hayes,B,,0.8223624584142992,-2.9434589583944404,0.0,msr_ah,msr_ah,2.9434589583944404,2.9434589583944404
la_serena,intraslab,scaling: Allen & Hayes,B,,1.344922471340388,-1.5420406045216994,0.0,msr_ah,msr_ah,1.5420406045216994,1.5420406045216994
iquique,crustal,GMM (single vs tree),C,"GMM, crust",1.1133912254557354,-0.24603377094515322,0.3296393291936095,gmm_bssa,gmm_cb,0.5756731001387627,0.3296393291936095
antofagasta,crustal,GMM (single vs tree),C,"GMM, crust",1.3312943409484013,-0.00927169236289993,0.005538036555385872,gmm_cy,gmm_cb,0.014809728918285803,0.00927169236289993
copiapo,crustal,GMM (single vs tree),C,"GMM, crust",1.0248884444720445,-0.12190532322936543,0.08651112430457797,gmm_cy,gmm_cb,0.2084164475339434,0.12190532322936543
valparaiso,crustal,GMM (single vs tree),C,"GMM, crust",1.3674190687812808,-0.09716028923184572,0.06830282900043283,gmm_cy,gmm_cb,0.16546311823227855,0.09716028923184572
santiago_centro,crustal,GMM (single vs tree),C,"GMM, crust",0.8039378356778795,-0.40617684836461443,0.2513657859570806,gmm_cy,gmm_bssa,0.657542634321695,0.40617684836461443
santiago_penalolen,crustal,GMM (single vs tree),C,"GMM, crust",0.7412144731765119,-0.5096930720820403,0.3085318918772062,gmm_cy,gmm_cb,0.8182249639592465,0.5096930720820403
concepcion,crustal,GMM (single vs tree),C,"GMM, crust",1.2403745163371898,-0.0859628663468448,0.09271021382037947,gmm_cy,gmm_cb,0.17867308016722427,0.09271021382037947
pucon,crustal,GMM (single vs tree),C,"GMM, crust",0.5138650400681213,-5.306429976387539,6.8850869685175065,gmm_cy,gmm_cb,12.191516944905047,6.8850869685175065
puerto_montt,crustal,GMM (single vs tree),C,"GMM, crust",0.6295117711436043,-0.16401126951294254,0.06952004673324019,gmm_cy,gmm_bssa,0.23353131624618273,0.16401126951294254
puerto_aysen,crustal,GMM (single vs tree),C,"GMM, crust",0.4965371669251255,-10.928536419354728,10.648085180838196,gmm_cy,gmm_cb,21.576621600192922,10.928536419354728
hornopiren,crustal,GMM (single vs tree),C,"GMM, crust",0.6449488431910474,-5.573505125856171,6.443564197769036,gmm_cy,gmm_cb,12.017069323625208,6.443564197769036
puerto_williams,crustal,GMM (single vs tree),C,"GMM, crust",0.10463250175814126,-14.010181976982416,12.641926858038023,gmm_cy,gmm_cb,26.65210883502044,14.010181976982416
calama,crustal,GMM (single vs tree),C,"GMM, crust",0.8223624584142992,-0.09325451815136443,0.04445269445634281,gmm_cy,gmm_cb,0.13770721260770724,0.09325451815136443
la_serena,crustal,GMM (single vs tree),C,"GMM, crust",1.344922471340388,-0.0974699508578536,0.10109351805944744,gmm_cy,gmm_cb,0.19856346891730103,0.10109351805944744
iquique,crustal,faults vs no faults,C,Crustal faults removed,1.1133912254557354,-0.8101676574989614,0.0,nofaults,nofaults,0.8101676574989614,0.8101676574989614
antofagasta,crustal,faults vs no faults,C,Crustal faults removed,1.3312943409484013,0.0,0.025309919290550376,nofaults,nofaults,0.025309919290550376,0.025309919290550376
copiapo,crustal,faults vs no faults,C,Crustal faults removed,1.0248884444720445,-1.0072676026595673e-08,0.0,nofaults,nofaults,1.0072676026595673e-08,1.0072676026595673e-08
valparaiso,crustal,faults vs no faults,C,Crustal faults removed,1.3674190687812808,0.0,0.051394746018629256,nofaults,nofaults,0.051394746018629256,0.051394746018629256
santiago_centro,crustal,faults vs no faults,C,Crustal faults removed,0.8039378356778795,0.0,0.04575023214377083,nofaults,nofaults,0.04575023214377083,0.04575023214377083
santiago_penalolen,crustal,faults vs no faults,C,Crustal faults removed,0.7412144731765119,-0.6238817068894287,0.0,nofaults,nofaults,0.6238817068894287,0.6238817068894287
concepcion,crustal,faults vs no faults,C,Crustal faults removed,1.2403745163371898,0.0,1.2382961322998653e-08,nofaults,nofaults,1.2382961322998653e-08,1.2382961322998653e-08
pucon,crustal,faults vs no faults,C,Crustal faults removed,0.5138650400681213,-20.110961107439916,0.0,nofaults,nofaults,20.110961107439916,20.110961107439916
puerto_montt,crustal,faults vs no faults,C,Crustal faults removed,0.6295117711436043,-0.005098411502379996,0.0,nofaults,nofaults,0.005098411502379996,0.005098411502379996
puerto_aysen,crustal,faults vs no faults,C,Crustal faults removed,0.4965371669251255,-66.40658247818618,0.0,nofaults,nofaults,66.40658247818618,66.40658247818618
hornopiren,crustal,faults vs no faults,C,Crustal faults removed,0.6449488431910474,-39.41197499958569,0.0,nofaults,nofaults,39.41197499958569,39.41197499958569
puerto_williams,crustal,faults vs no faults,C,Crustal faults removed,0.10463250175814126,-81.35971935752868,0.0,nofaults,nofaults,81.35971935752868,81.35971935752868
calama,crustal,faults vs no faults,C,Crustal faults removed,0.8223624584142992,-2.575611279809209e-07,0.0,nofaults,nofaults,2.575611279809209e-07,2.575611279809209e-07
la_serena,crustal,faults vs no faults,C,Crustal faults removed,1.344922471340388,0.0,4.597455749433266e-09,nofaults,nofaults,4.597455749433266e-09,4.597455749433266e-09
iquique,crustal,fault MFD (single vs tree),C,Fault MFD shape,1.1133912254557354,-0.09140839734604889,0.15776748414408903,only_tap,only_al3,0.24917588149013792,0.15776748414408903
antofagasta,crustal,fault MFD (single vs tree),C,Fault MFD shape,1.3312943409484013,-6.81920880207798e-05,5.321101215205459e-05,only_al3,only_tap,0.0001214031001728344,6.81920880207798e-05
copiapo,crustal,fault MFD (single vs tree),C,Fault MFD shape,1.0248884444720445,-3.9798120354817e-08,0.0,only_al1,only_tap,3.9798120354817e-08,3.9798120354817e-08
valparaiso,crustal,fault MFD (single vs tree),C,Fault MFD shape,1.3674190687812808,-0.0038354937623608087,0.0050489668603326265,only_hyb,only_al1,0.008884460622693435,0.0050489668603326265
santiago_centro,crustal,fault MFD (single vs tree),C,Fault MFD shape,0.8039378356778795,-0.001916181150163343,0.0032259888293806327,only_al3,only_yc,0.005142169979543976,0.0032259888293806327
santiago_penalolen,crustal,fault MFD (single vs tree),C,Fault MFD shape,0.7412144731765119,-0.3941891474767534,0.554386272276175,only_yc,only_al3,0.9485754197529284,0.554386272276175
concepcion,crustal,fault MFD (single vs tree),C,Fault MFD shape,1.2403745163371898,0.0,1.2530065873761487e-08,only_al1,only_tap,1.2530065873761487e-08,1.2530065873761487e-08
pucon,crustal,fault MFD (single vs tree),C,Fault MFD shape,0.5138650400681213,-3.385438343144731,5.150397459353195,only_yc,only_al3,8.535835802497926,5.150397459353195
puerto_montt,crustal,fault MFD (single vs tree),C,Fault MFD shape,0.6295117711436043,-0.0007171356446566968,0.0005054905144685762,only_al1,only_yc,0.001222626159125273,0.0007171356446566968
puerto_aysen,crustal,fault MFD (single vs tree),C,Fault MFD shape,0.4965371669251255,-18.08452254607976,17.114257482992024,only_yc,only_al3,35.198780029071784,18.08452254607976
hornopiren,crustal,fault MFD (single vs tree),C,Fault MFD shape,0.6449488431910474,-11.859721306623916,12.130993919238087,only_yc,only_al3,23.990715225862004,12.130993919238087
puerto_williams,crustal,fault MFD (single vs tree),C,Fault MFD shape,0.10463250175814126,-6.680479573783627,9.98799090195508,only_yc,only_al3,16.668470475738708,9.98799090195508
calama,crustal,fault MFD (single vs tree),C,Fault MFD shape,0.8223624584142992,-2.202968696352059e-07,0.0,only_al1,only_tap,2.202968696352059e-07,2.202968696352059e-07
la_serena,crustal,fault MFD (single vs tree),C,Fault MFD shape,1.344922471340388,0.0,7.657325884480315e-08,only_al1,only_tap,7.657325884480315e-08,7.657325884480315e-08
iquique,crustal,fault Mmax (single vs tree),C,Fault Mmax,1.1133912254557354,-0.8316533681254734,0.47073253102125623,only_mobs,only_mleo,1.3023858991467296,0.8316533681254734
antofagasta,crustal,fault Mmax (single vs tree),C,Fault Mmax,1.3312943409484013,-0.00014906090111121983,0.00029811526620626694,only_mwc,only_mobs,0.00044717616731748677,0.00029811526620626694
copiapo,crustal,fault Mmax (single vs tree),C,Fault Mmax,1.0248884444720445,-3.5008262955216196e-08,1.821618411668169e-08,only_mleo,only_mwc,5.3224447071897885e-08,3.5008262955216196e-08
valparaiso,crustal,fault Mmax (single vs tree),C,Fault Mmax,1.3674190687812808,-0.02344702170976598,0.011698891101596942,only_mobs,only_mleo,0.03514591281136292,0.02344702170976598
santiago_centro,crustal,fault Mmax (single vs tree),C,Fault Mmax,0.8039378356778795,-0.0148624982580281,0.0074242932985635335,only_mobs,only_mwc,0.022286791556591634,0.0148624982580281
santiago_penalolen,crustal,fault Mmax (single vs tree),C,Fault Mmax,0.7412144731765119,-1.0387103519062912,0.514208868289634,only_mobs,only_mleo,1.5529192201959252,1.0387103519062912
concepcion,crustal,fault Mmax (single vs tree),C,Fault Mmax,1.2403745163371898,-4.7469073116701566e-08,1.742048727493284e-08,only_mobs,only_mleo,6.48895603916344e-08,4.7469073116701566e-08
pucon,crustal,fault Mmax (single vs tree),C,Fault Mmax,0.5138650400681213,-14.605577702961824,5.429743195011416,only_mobs,only_mleo,20.03532089797324,14.605577702961824
puerto_montt,crustal,fault Mmax (single vs tree),C,Fault Mmax,0.6295117711436043,-0.0002625936983524646,0.0005233015216710157,only_mleo,only_mobs,0.0007858952200234803,0.0005233015216710157
puerto_aysen,crustal,fault Mmax (single vs tree),C,Fault Mmax,0.4965371669251255,-35.36635877998078,13.784053959302955,only_mobs,only_mleo,49.15041273928374,35.36635877998078
hornopiren,crustal,fault Mmax (single vs tree),C,Fault Mmax,0.6449488431910474,-21.760365398393745,7.745597586572406,only_mobs,only_mwc,29.50596298496615,21.760365398393745
puerto_williams,crustal,fault Mmax (single vs tree),C,Fault Mmax,0.10463250175814126,-1.7813305651074307,0.8637695632154108,only_mwc,only_mobs,2.6451001283228415,1.7813305651074307
calama,crustal,fault Mmax (single vs tree),C,Fault Mmax,0.8223624584142992,-2.484393579749167e-07,0.0,only_mleo,only_mobs,2.484393579749167e-07,2.484393579749167e-07
la_serena,crustal,fault Mmax (single vs tree),C,Fault Mmax,1.344922471340388,0.0,6.183340506282775e-08,only_mobs,only_mleo,6.183340506282775e-08,6.183340506282775e-08
iquique,crustal,aseismic coefficient 0.6 / 1.0 (single vs tree),C,Fault aseismic coefficient,1.1133912254557354,-0.23817029328868644,0.23640060040606148,only_phi060,only_phi100,0.4745708936947479,0.23817029328868644
antofagasta,crustal,aseismic coefficient 0.6 / 1.0 (single vs tree),C,Fault aseismic coefficient,1.3312943409484013,-0.00025449011059608395,0.0002544809386773039,only_phi060,only_phi100,0.0005089710492733879,0.00025449011059608395
copiapo,crustal,aseismic coefficient 0.6 / 1.0 (single vs tree),C,Fault aseismic coefficient,1.0248884444720445,-4.79495221306081e-08,0.0,only_phi060,only_phi100,4.79495221306081e-08,4.79495221306081e-08
valparaiso,crustal,aseismic coefficient 0.6 / 1.0 (single vs tree),C,Fault aseismic coefficient,1.3674190687812808,-0.008428452420439214,0.008420920649054864,only_phi060,only_phi100,0.016849373069494078,0.008428452420439214
santiago_centro,crustal,aseismic coefficient 0.6 / 1.0 (single vs tree),C,Fault aseismic coefficient,0.8039378356778795,-0.007996924825792728,0.007992942806822612,only_phi060,only_phi100,0.01598986763261534,0.007996924825792728
santiago_penalolen,crustal,aseismic coefficient 0.6 / 1.0 (single vs tree),C,Fault aseismic coefficient,0.7412144731765119,-0.3994546875335403,0.39756944338718014,only_phi060,only_phi100,0.7970241309207204,0.3994546875335403
concepcion,crustal,aseismic coefficient 0.6 / 1.0 (single vs tree),C,Fault aseismic coefficient,1.2403745163371898,-4.5308268248334116e-08,0.0,only_phi060,only_phi100,4.5308268248334116e-08,4.5308268248334116e-08
pucon,crustal,aseismic coefficient 0.6 / 1.0 (single vs tree),C,Fault aseismic coefficient,0.5138650400681213,-4.370426034505559,3.594732117788113,only_phi060,only_phi100,7.9651581522936725,4.370426034505559
puerto_montt,crustal,aseismic coefficient 0.6 / 1.0 (single vs tree),C,Fault aseismic coefficient,0.6295117711436043,-0.0013703485348348643,0.0013709506746950595,only_phi060,only_phi100,0.002741299209529924,0.0013709506746950595
puerto_aysen,crustal,aseismic coefficient 0.6 / 1.0 (single vs tree),C,Fault aseismic coefficient,0.4965371669251255,-11.387919850981321,9.233579024405403,only_phi060,only_phi100,20.621498875386724,11.387919850981321
hornopiren,crustal,aseismic coefficient 0.6 / 1.0 (single vs tree),C,Fault aseismic coefficient,0.6449488431910474,-7.904620632548176,6.2563481630808715,only_phi060,only_phi100,14.160968795629048,7.904620632548176
puerto_williams,crustal,aseismic coefficient 0.6 / 1.0 (single vs tree),C,Fault aseismic coefficient,0.10463250175814126,-10.0820970883298,8.146404475330682,only_phi060,only_phi100,18.22850156366048,10.0820970883298
calama,crustal,aseismic coefficient 0.6 / 1.0 (single vs tree),C,Fault aseismic coefficient,0.8223624584142992,-2.593500525449599e-07,0.0,only_phi060,only_phi100,2.593500525449599e-07,2.593500525449599e-07
la_serena,crustal,aseismic coefficient 0.6 / 1.0 (single vs tree),C,Fault aseismic coefficient,1.344922471340388,0.0,4.9909210098064705e-08,only_phi060,only_phi100,4.9909210098064705e-08,4.9909210098064705e-08
iquique,crustal,fault seismogenic depth 10 / 30 km,C,Fault seismogenic depth,1.1133912254557354,-0.06825345915481007,0.011699905411521883,depth30,depth10,0.07995336456633195,0.06825345915481007
antofagasta,crustal,fault seismogenic depth 10 / 30 km,C,Fault seismogenic depth,1.3312943409484013,-0.0005270601067142167,0.001723803695474757,depth10,depth30,0.0022508638021889738,0.001723803695474757
copiapo,crustal,fault seismogenic depth 10 / 30 km,C,Fault seismogenic depth,1.0248884444720445,-2.9246738364463454e-08,0.0,depth10,depth30,2.9246738364463454e-08,2.9246738364463454e-08
valparaiso,crustal,fault seismogenic depth 10 / 30 km,C,Fault seismogenic depth,1.3674190687812808,-0.0263355048923386,0.026449435708109093,depth10,depth30,0.052784940600447694,0.026449435708109093
santiago_centro,crustal,fault seismogenic depth 10 / 30 km,C,Fault seismogenic depth,0.8039378356778795,-0.01355919130299199,0.008399153539495607,depth10,depth30,0.021958344842487598,0.01355919130299199
santiago_penalolen,crustal,fault seismogenic depth 10 / 30 km,C,Fault seismogenic depth,0.7412144731765119,-0.27369882282163305,0.0,depth30,depth10,0.27369882282163305,0.27369882282163305
concepcion,crustal,fault seismogenic depth 10 / 30 km,C,Fault seismogenic depth,1.2403745163371898,-5.221240106934033e-08,0.0,depth30,depth10,5.221240106934033e-08,5.221240106934033e-08
pucon,crustal,fault seismogenic depth 10 / 30 km,C,Fault seismogenic depth,0.5138650400681213,-5.754995806516028,3.350201506456174,depth10,depth30,9.105197312972201,5.754995806516028
puerto_montt,crustal,fault seismogenic depth 10 / 30 km,C,Fault seismogenic depth,0.6295117711436043,-0.004662453107406872,0.04157223380130137,depth10,depth30,0.046234686908708245,0.04157223380130137
puerto_aysen,crustal,fault seismogenic depth 10 / 30 km,C,Fault seismogenic depth,0.4965371669251255,-10.472357057585391,7.18322433192542,depth10,depth30,17.65558138951081,10.472357057585391
hornopiren,crustal,fault seismogenic depth 10 / 30 km,C,Fault seismogenic depth,0.6449488431910474,-2.0357859988170857,1.9261343901803896,depth10,depth30,3.9619203889974752,2.0357859988170857
puerto_williams,crustal,fault seismogenic depth 10 / 30 km,C,Fault seismogenic depth,0.10463250175814126,-23.0360552377207,25.973504769114285,depth10,depth30,49.00956000683499,25.973504769114285
calama,crustal,fault seismogenic depth 10 / 30 km,C,Fault seismogenic depth,0.8223624584142992,-1.9544721396869136e-07,0.0,depth30,depth10,1.9544721396869136e-07,1.9544721396869136e-07
la_serena,crustal,fault seismogenic depth 10 / 30 km,C,Fault seismogenic depth,1.344922471340388,0.0,6.042557565422157e-08,depth30,depth10,6.042557565422157e-08,6.042557565422157e-08
iquique,crustal,fault scaling: Leonard 2014,B,,1.1133912254557354,0.0,0.14267156421545746,msr_leonard,msr_leonard,0.14267156421545746,0.14267156421545746
antofagasta,crustal,fault scaling: Leonard 2014,B,,1.3312943409484013,0.0,0.0007245558940383034,msr_leonard,msr_leonard,0.0007245558940383034,0.0007245558940383034
copiapo,crustal,fault scaling: Leonard 2014,B,,1.0248884444720445,-3.3583469338793748e-09,0.0,msr_leonard,msr_leonard,3.3583469338793748e-09,3.3583469338793748e-09
valparaiso,crustal,fault scaling: Leonard 2014,B,,1.3674190687812808,0.0,6.050271394997253e-09,msr_leonard,msr_leonard,6.050271394997253e-09,6.050271394997253e-09
santiago_centro,crustal,fault scaling: Leonard 2014,B,,0.8039378356778795,0.0,0.003447600825401409,msr_leonard,msr_leonard,0.003447600825401409,0.003447600825401409
santiago_penalolen,crustal,fault scaling: Leonard 2014,B,,0.7412144731765119,0.0,0.204786382789357,msr_leonard,msr_leonard,0.204786382789357,0.204786382789357
concepcion,crustal,fault scaling: Leonard 2014,B,,1.2403745163371898,-4.970587275110461e-08,0.0,msr_leonard,msr_leonard,4.970587275110461e-08,4.970587275110461e-08
pucon,crustal,fault scaling: Leonard 2014,B,,0.5138650400681213,0.0,1.1263451004622338,msr_leonard,msr_leonard,1.1263451004622338,1.1263451004622338
puerto_montt,crustal,fault scaling: Leonard 2014,B,,0.6295117711436043,-0.0009256308031835303,0.0,msr_leonard,msr_leonard,0.0009256308031835303,0.0009256308031835303
puerto_aysen,crustal,fault scaling: Leonard 2014,B,,0.4965371669251255,0.0,3.76340816768721,msr_leonard,msr_leonard,3.76340816768721,3.76340816768721
hornopiren,crustal,fault scaling: Leonard 2014,B,,0.6449488431910474,0.0,2.721693159965821,msr_leonard,msr_leonard,2.721693159965821,2.721693159965821
puerto_williams,crustal,fault scaling: Leonard 2014,B,,0.10463250175814126,0.0,0.691481915313541,msr_leonard,msr_leonard,0.691481915313541,0.691481915313541
calama,crustal,fault scaling: Leonard 2014,B,,0.8223624584142992,-1.0769359848339377e-07,0.0,msr_leonard,msr_leonard,1.0769359848339377e-07,1.0769359848339377e-07
la_serena,crustal,fault scaling: Leonard 2014,B,,1.344922471340388,0.0,4.769682426797317e-08,msr_leonard,msr_leonard,4.769682426797317e-08,4.769682426797317e-08
iquique,crustal,fault and cap Mmin 6.5,B,,1.1133912254557354,-0.11420695735134823,0.0,cap65,cap65,0.11420695735134823,0.11420695735134823
antofagasta,crustal,fault and cap Mmin 6.5,B,,1.3312943409484013,0.0,0.006623159001284407,cap65,cap65,0.006623159001284407,0.006623159001284407
copiapo,crustal,fault and cap Mmin 6.5,B,,1.0248884444720445,-7.288512016145887e-08,0.0,cap65,cap65,7.288512016145887e-08,7.288512016145887e-08
valparaiso,crustal,fault and cap Mmin 6.5,B,,1.3674190687812808,0.0,0.017191432247432026,cap65,cap65,0.017191432247432026,0.017191432247432026
santiago_centro,crustal,fault and cap Mmin 6.5,B,,0.8039378356778795,0.0,0.027858044889561562,cap65,cap65,0.027858044889561562,0.027858044889561562
santiago_penalolen,crustal,fault and cap Mmin 6.5,B,,0.7412144731765119,0.0,0.18990273540759883,cap65,cap65,0.18990273540759883,0.18990273540759883
concepcion,crustal,fault and cap Mmin 6.5,B,,1.2403745163371898,-4.277722620571467e-08,0.0,cap65,cap65,4.277722620571467e-08,4.277722620571467e-08
pucon,crustal,fault and cap Mmin 6.5,B,,0.5138650400681213,-5.430695856211787,0.0,cap65,cap65,5.430695856211787,5.430695856211787
puerto_montt,crustal,fault and cap Mmin 6.5,B,,0.6295117711436043,0.0,0.0008564690380907791,cap65,cap65,0.0008564690380907791,0.0008564690380907791
puerto_aysen,crustal,fault and cap Mmin 6.5,B,,0.4965371669251255,-14.98257799232724,0.0,cap65,cap65,14.98257799232724,14.98257799232724
hornopiren,crustal,fault and cap Mmin 6.5,B,,0.6449488431910474,-11.147497641376203,0.0,cap65,cap65,11.147497641376203,11.147497641376203
puerto_williams,crustal,fault and cap Mmin 6.5,B,,0.10463250175814126,-10.318020673440254,0.0,cap65,cap65,10.318020673440254,10.318020673440254
calama,crustal,fault and cap Mmin 6.5,B,,0.8223624584142992,-1.3356160621924573e-08,0.0,cap65,cap65,1.3356160621924573e-08,1.3356160621924573e-08
la_serena,crustal,fault and cap Mmin 6.5,B,,1.344922471340388,-7.903455667701564e-09,0.0,cap65,cap65,7.903455667701564e-09,7.903455667701564e-09
iquique,crustal,buffer margin 0 / 10 km,B,,1.1133912254557354,-0.0073405033862217195,0.0839080043517848,margin10,margin0,0.09124850773800652,0.0839080043517848
antofagasta,crustal,buffer margin 0 / 10 km,B,,1.3312943409484013,-0.0035600385551615155,0.02509304116036226,margin10,margin0,0.028653079715523777,0.02509304116036226
copiapo,crustal,buffer margin 0 / 10 km,B,,1.0248884444720445,-4.459671520962161e-08,0.0,margin0,margin10,4.459671520962161e-08,4.459671520962161e-08
valparaiso,crustal,buffer margin 0 / 10 km,B,,1.3674190687812808,-0.0905310378141011,0.020320254705663565,margin10,margin0,0.11085129251976467,0.0905310378141011
santiago_centro,crustal,buffer margin 0 / 10 km,B,,0.8039378356778795,-0.4342794095785085,0.048812851485990905,margin10,margin0,0.48309226106449943,0.4342794095785085
santiago_penalolen,crustal,buffer margin 0 / 10 km,B,,0.7412144731765119,-0.12913195768422536,0.4252892986411849,margin10,margin0,0.5544212563254103,0.4252892986411849
concepcion,crustal,buffer margin 0 / 10 km,B,,1.2403745163371898,-4.973038647548833e-08,0.0,margin10,margin0,4.973038647548833e-08,4.973038647548833e-08
pucon,crustal,buffer margin 0 / 10 km,B,,0.5138650400681213,-0.2146392263635888,0.38998567530528216,margin10,margin0,0.604624901668871,0.38998567530528216
puerto_montt,crustal,buffer margin 0 / 10 km,B,,0.6295117711436043,-0.0023063483672758345,0.0001895979590660346,margin10,margin0,0.002495946326341869,0.0023063483672758345
puerto_aysen,crustal,buffer margin 0 / 10 km,B,,0.4965371669251255,-0.010859954340891598,0.36237901807762984,margin10,margin0,0.37323897241852144,0.36237901807762984
hornopiren,crustal,buffer margin 0 / 10 km,B,,0.6449488431910474,-0.020877867593716015,0.17214589271605796,margin10,margin0,0.19302376030977397,0.17214589271605796
puerto_williams,crustal,buffer margin 0 / 10 km,B,,0.10463250175814126,-0.09476022396569528,0.05272450282680641,margin10,margin0,0.14748472679250169,0.09476022396569528
calama,crustal,buffer margin 0 / 10 km,B,,0.8223624584142992,-2.2726537318717988e-07,0.0,margin0,margin10,2.2726537318717988e-07,2.2726537318717988e-07
la_serena,crustal,buffer margin 0 / 10 km,B,,1.344922471340388,0.0,5.2294280017406436e-08,margin10,margin0,5.2294280017406436e-08,5.2294280017406436e-08
iquique,crustal,background Mmax 7.5,B,,1.1133912254557354,0.0,0.02515339057245214,mmax75,mmax75,0.02515339057245214,0.02515339057245214
antofagasta,crustal,background Mmax 7.5,B,,1.3312943409484013,0.0,0.006811250681382219,mmax75,mmax75,0.006811250681382219,0.006811250681382219
copiapo,crustal,background Mmax 7.5,B,,1.0248884444720445,0.0,0.08138429747976961,mmax75,mmax75,0.08138429747976961,0.08138429747976961
valparaiso,crustal,background Mmax 7.5,B,,1.3674190687812808,0.0,0.08274149620868254,mmax75,mmax75,0.08274149620868254,0.08274149620868254
santiago_centro,crustal,background Mmax 7.5,B,,0.8039378356778795,0.0,0.3384116302368012,mmax75,mmax75,0.3384116302368012,0.3384116302368012
santiago_penalolen,crustal,background Mmax 7.5,B,,0.7412144731765119,0.0,0.1789218582148644,mmax75,mmax75,0.1789218582148644,0.1789218582148644
concepcion,crustal,background Mmax 7.5,B,,1.2403745163371898,0.0,0.07706138507359572,mmax75,mmax75,0.07706138507359572,0.07706138507359572
pucon,crustal,background Mmax 7.5,B,,0.5138650400681213,0.0,0.11161202086535926,mmax75,mmax75,0.11161202086535926,0.11161202086535926
puerto_montt,crustal,background Mmax 7.5,B,,0.6295117711436043,0.0,0.1513470012949769,mmax75,mmax75,0.1513470012949769,0.1513470012949769
puerto_aysen,crustal,background Mmax 7.5,B,,0.4965371669251255,0.0,0.07108769330423925,mmax75,mmax75,0.07108769330423925,0.07108769330423925
hornopiren,crustal,background Mmax 7.5,B,,0.6449488431910474,0.0,0.03424657982935564,mmax75,mmax75,0.03424657982935564,0.03424657982935564
puerto_williams,crustal,background Mmax 7.5,B,,0.10463250175814126,-8.059926059900135e-08,0.0,mmax75,mmax75,8.059926059900135e-08,8.059926059900135e-08
calama,crustal,background Mmax 7.5,B,,0.8223624584142992,0.0,0.059508908959227114,mmax75,mmax75,0.059508908959227114,0.059508908959227114
la_serena,crustal,background Mmax 7.5,B,,1.344922471340388,0.0,0.07439584628947671,mmax75,mmax75,0.07439584628947671,0.07439584628947671
iquique,crustal,backarc b borrowed,A,,1.1133912254557354,0.0,0.0008707878471181374,backarc_borrow,backarc_borrow,0.0008707878471181374,0.0008707878471181374
antofagasta,crustal,backarc b borrowed,A,,1.3312943409484013,0.0,0.00044040469873163346,backarc_borrow,backarc_borrow,0.00044040469873163346,0.00044040469873163346
copiapo,crustal,backarc b borrowed,A,,1.0248884444720445,0.0,0.030162085313922837,backarc_borrow,backarc_borrow,0.030162085313922837,0.030162085313922837
valparaiso,crustal,backarc b borrowed,A,,1.3674190687812808,0.0,0.008614796622130605,backarc_borrow,backarc_borrow,0.008614796622130605,0.008614796622130605
santiago_centro,crustal,backarc b borrowed,A,,0.8039378356778795,0.0,0.11481814629630271,backarc_borrow,backarc_borrow,0.11481814629630271,0.11481814629630271
santiago_penalolen,crustal,backarc b borrowed,A,,0.7412144731765119,0.0,0.0364891309584392,backarc_borrow,backarc_borrow,0.0364891309584392,0.0364891309584392
concepcion,crustal,backarc b borrowed,A,,1.2403745163371898,0.0,0.0021331748627284597,backarc_borrow,backarc_borrow,0.0021331748627284597,0.0021331748627284597
pucon,crustal,backarc b borrowed,A,,0.5138650400681213,0.0,0.0015298250587880702,backarc_borrow,backarc_borrow,0.0015298250587880702,0.0015298250587880702
puerto_montt,crustal,backarc b borrowed,A,,0.6295117711436043,0.0,0.010278674771124763,backarc_borrow,backarc_borrow,0.010278674771124763,0.010278674771124763
puerto_aysen,crustal,backarc b borrowed,A,,0.4965371669251255,-4.310254375639033e-08,0.0,backarc_borrow,backarc_borrow,4.310254375639033e-08,4.310254375639033e-08
hornopiren,crustal,backarc b borrowed,A,,0.6449488431910474,-5.962019780092476e-05,0.0,backarc_borrow,backarc_borrow,5.962019780092476e-05,5.962019780092476e-05
puerto_williams,crustal,backarc b borrowed,A,,0.10463250175814126,-9.584910642956856e-09,0.0,backarc_borrow,backarc_borrow,9.584910642956856e-09,9.584910642956856e-09
calama,crustal,backarc b borrowed,A,,0.8223624584142992,0.0,0.02873676607375586,backarc_borrow,backarc_borrow,0.02873676607375586,0.02873676607375586
la_serena,crustal,backarc b borrowed,A,,1.344922471340388,0.0,0.01350799321706564,backarc_borrow,backarc_borrow,0.01350799321706564,0.01350799321706564
iquique,crustal,Patagonia b own,A,,1.1133912254557354,0.0,0.0,patagonia_own,patagonia_own,0.0,0.0
antofagasta,crustal,Patagonia b own,A,,1.3312943409484013,0.0,0.0,patagonia_own,patagonia_own,0.0,0.0
copiapo,crustal,Patagonia b own,A,,1.0248884444720445,0.0,0.0,patagonia_own,patagonia_own,0.0,0.0
valparaiso,crustal,Patagonia b own,A,,1.3674190687812808,0.0,0.0,patagonia_own,patagonia_own,0.0,0.0
santiago_centro,crustal,Patagonia b own,A,,0.8039378356778795,0.0,0.0,patagonia_own,patagonia_own,0.0,0.0
santiago_penalolen,crustal,Patagonia b own,A,,0.7412144731765119,0.0,0.0,patagonia_own,patagonia_own,0.0,0.0
concepcion,crustal,Patagonia b own,A,,1.2403745163371898,0.0,0.0,patagonia_own,patagonia_own,0.0,0.0
pucon,crustal,Patagonia b own,A,,0.5138650400681213,0.0,0.0,patagonia_own,patagonia_own,0.0,0.0
puerto_montt,crustal,Patagonia b own,A,,0.6295117711436043,0.0,0.0,patagonia_own,patagonia_own,0.0,0.0
puerto_aysen,crustal,Patagonia b own,A,,0.4965371669251255,0.0,0.0,patagonia_own,patagonia_own,0.0,0.0
hornopiren,crustal,Patagonia b own,A,,0.6449488431910474,0.0,0.0,patagonia_own,patagonia_own,0.0,0.0
puerto_williams,crustal,Patagonia b own,A,,0.10463250175814126,-0.2537965706019829,0.0,patagonia_own,patagonia_own,0.2537965706019829,0.2537965706019829
calama,crustal,Patagonia b own,A,,0.8223624584142992,0.0,0.0,patagonia_own,patagonia_own,0.0,0.0
la_serena,crustal,Patagonia b own,A,,1.344922471340388,0.0,0.0,patagonia_own,patagonia_own,0.0,0.0
iquique,crustal,intra-arc fit floor 5.0,A,,1.1133912254557354,-0.0003534857723752616,0.0,intraarc_floor50,intraarc_floor50,0.0003534857723752616,0.0003534857723752616
antofagasta,crustal,intra-arc fit floor 5.0,A,,1.3312943409484013,-0.0006140255767395075,0.0,intraarc_floor50,intraarc_floor50,0.0006140255767395075,0.0006140255767395075
copiapo,crustal,intra-arc fit floor 5.0,A,,1.0248884444720445,-0.009554077721274368,0.0,intraarc_floor50,intraarc_floor50,0.009554077721274368,0.009554077721274368
valparaiso,crustal,intra-arc fit floor 5.0,A,,1.3674190687812808,-0.002764205760652505,0.0,intraarc_floor50,intraarc_floor50,0.002764205760652505,0.002764205760652505
santiago_centro,crustal,intra-arc fit floor 5.0,A,,0.8039378356778795,-0.1091701005602741,0.0,intraarc_floor50,intraarc_floor50,0.1091701005602741,0.1091701005602741
santiago_penalolen,crustal,intra-arc fit floor 5.0,A,,0.7412144731765119,-0.03102961699772422,0.0,intraarc_floor50,intraarc_floor50,0.03102961699772422,0.03102961699772422
concepcion,crustal,intra-arc fit floor 5.0,A,,1.2403745163371898,-0.0035842607416403105,0.0,intraarc_floor50,intraarc_floor50,0.0035842607416403105,0.0035842607416403105
pucon,crustal,intra-arc fit floor 5.0,A,,0.5138650400681213,-0.02150367046898083,0.0,intraarc_floor50,intraarc_floor50,0.02150367046898083,0.02150367046898083
puerto_montt,crustal,intra-arc fit floor 5.0,A,,0.6295117711436043,-0.05064067000772887,0.0,intraarc_floor50,intraarc_floor50,0.05064067000772887,0.05064067000772887
puerto_aysen,crustal,intra-arc fit floor 5.0,A,,0.4965371669251255,-0.0173189098652049,0.0,intraarc_floor50,intraarc_floor50,0.0173189098652049,0.0173189098652049
hornopiren,crustal,intra-arc fit floor 5.0,A,,0.6449488431910474,-0.007080830953631878,0.0,intraarc_floor50,intraarc_floor50,0.007080830953631878,0.007080830953631878
puerto_williams,crustal,intra-arc fit floor 5.0,A,,0.10463250175814126,0.0,4.792299890254981e-09,intraarc_floor50,intraarc_floor50,4.792299890254981e-09,4.792299890254981e-09
calama,crustal,intra-arc fit floor 5.0,A,,0.8223624584142992,-0.01055059621836163,0.0,intraarc_floor50,intraarc_floor50,0.01055059621836163,0.01055059621836163
la_serena,crustal,intra-arc fit floor 5.0,A,,1.344922471340388,-0.0034951976060959566,0.0,intraarc_floor50,intraarc_floor50,0.0034951976060959566,0.0034951976060959566
iquique,crustal,exclusions off,A,,1.1133912254557354,-4.6164627676148484e-09,0.0,no_exclude,no_exclude,4.6164627676148484e-09,4.6164627676148484e-09
antofagasta,crustal,exclusions off,A,,1.3312943409484013,0.0,0.0,no_exclude,no_exclude,0.0,0.0
copiapo,crustal,exclusions off,A,,1.0248884444720445,0.0,0.0,no_exclude,no_exclude,0.0,0.0
valparaiso,crustal,exclusions off,A,,1.3674190687812808,0.0,0.0,no_exclude,no_exclude,0.0,0.0
santiago_centro,crustal,exclusions off,A,,0.8039378356778795,0.0,0.0,no_exclude,no_exclude,0.0,0.0
santiago_penalolen,crustal,exclusions off,A,,0.7412144731765119,0.0,0.0,no_exclude,no_exclude,0.0,0.0
concepcion,crustal,exclusions off,A,,1.2403745163371898,0.0,0.0,no_exclude,no_exclude,0.0,0.0
pucon,crustal,exclusions off,A,,0.5138650400681213,0.0,0.0,no_exclude,no_exclude,0.0,0.0
puerto_montt,crustal,exclusions off,A,,0.6295117711436043,0.0,0.0,no_exclude,no_exclude,0.0,0.0
puerto_aysen,crustal,exclusions off,A,,0.4965371669251255,-4.5737824638791835e-08,0.0,no_exclude,no_exclude,4.5737824638791835e-08,4.5737824638791835e-08
hornopiren,crustal,exclusions off,A,,0.6449488431910474,0.0,0.0,no_exclude,no_exclude,0.0,0.0
puerto_williams,crustal,exclusions off,A,,0.10463250175814126,-4.792299890254981e-09,0.0,no_exclude,no_exclude,4.792299890254981e-09,4.792299890254981e-09
calama,crustal,exclusions off,A,,0.8223624584142992,0.0,0.0,no_exclude,no_exclude,0.0,0.0
la_serena,crustal,exclusions off,A,,1.344922471340388,0.0,0.0,no_exclude,no_exclude,0.0,0.0
iquique,crustal,fit floors -0.2 / +0.2,A,,1.1133912254557354,-0.006992451553822221,0.0075401211947045965,floor_p02,floor_m02,0.014532572748526817,0.0075401211947045965
antofagasta,crustal,fit floors -0.2 / +0.2,A,,1.3312943409484013,-0.0022874357557878255,0.0,floor_m02,floor_p02,0.0022874357557878255,0.0022874357557878255
copiapo,crustal,fit floors -0.2 / +0.2,A,,1.0248884444720445,-0.016622972471269648,0.0,floor_p02,floor_m02,0.016622972471269648,0.016622972471269648
valparaiso,crustal,fit floors -0.2 / +0.2,A,,1.3674190687812808,-0.018542171339042124,0.0,floor_m02,floor_p02,0.018542171339042124,0.018542171339042124
santiago_centro,crustal,fit floors -0.2 / +0.2,A,,0.8039378356778795,-0.11617501474424641,0.009546317758868383,floor_p02,floor_m02,0.1257213325031148,0.11617501474424641
santiago_penalolen,crustal,fit floors -0.2 / +0.2,A,,0.7412144731765119,-0.0567670725766245,0.05725479045048942,floor_p02,floor_m02,0.11402186302711392,0.05725479045048942
concepcion,crustal,fit floors -0.2 / +0.2,A,,1.2403745163371898,-0.02612266362866933,0.0,floor_m02,floor_p02,0.02612266362866933,0.02612266362866933
pucon,crustal,fit floors -0.2 / +0.2,A,,0.5138650400681213,-0.08257630586535614,0.07936543454976075,floor_p02,floor_m02,0.16194174041511689,0.08257630586535614
puerto_montt,crustal,fit floors -0.2 / +0.2,A,,0.6295117711436043,-0.0575396689313834,0.010631569918828632,floor_p02,floor_m02,0.06817123885021203,0.0575396689313834
puerto_aysen,crustal,fit floors -0.2 / +0.2,A,,0.4965371669251255,-0.0211278068644849,0.01524859193493544,floor_p02,floor_m02,0.03637639879942034,0.0211278068644849
hornopiren,crustal,fit floors -0.2 / +0.2,A,,0.6449488431910474,-0.012633317075150252,0.01149184123072633,floor_p02,floor_m02,0.02412515830587658,0.012633317075150252
puerto_williams,crustal,fit floors -0.2 / +0.2,A,,0.10463250175814126,-0.3233020731760128,0.1579649812698536,floor_m02,floor_p02,0.48126705444586637,0.3233020731760128
calama,crustal,fit floors -0.2 / +0.2,A,,0.8223624584142992,-0.01854769193392336,0.0,floor_p02,floor_m02,0.01854769193392336,0.01854769193392336
la_serena,crustal,fit floors -0.2 / +0.2,A,,1.344922471340388,-0.026678569924509787,0.0,floor_m02,floor_p02,0.026678569924509787,0.026678569924509787
iquique,crustal,completeness -0.1 / +0.1,A,,1.1133912254557354,-0.005307640888230214,0.004174765559095128,mc_m01,mc_p01,0.009482406447325342,0.005307640888230214
antofagasta,crustal,completeness -0.1 / +0.1,A,,1.3312943409484013,-0.0028745458025669635,0.002631169694433666,mc_m01,mc_p01,0.0055057154970006295,0.0028745458025669635
copiapo,crustal,completeness -0.1 / +0.1,A,,1.0248884444720445,-0.056130539376664235,0.06201567624228854,mc_m01,mc_p01,0.11814621561895278,0.06201567624228854
valparaiso,crustal,completeness -0.1 / +0.1,A,,1.3674190687812808,0.0,0.011327335389577087,mc_m01,mc_p01,0.011327335389577087,0.011327335389577087
santiago_centro,crustal,completeness -0.1 / +0.1,A,,0.8039378356778795,0.0,0.06978286186467564,mc_m01,mc_p01,0.06978286186467564,0.06978286186467564
santiago_penalolen,crustal,completeness -0.1 / +0.1,A,,0.7412144731765119,0.0,0.1135720342706037,mc_p01,mc_m01,0.1135720342706037,0.1135720342706037
concepcion,crustal,completeness -0.1 / +0.1,A,,1.2403745163371898,-0.01850145370230205,0.0,mc_m01,mc_p01,0.01850145370230205,0.01850145370230205
pucon,crustal,completeness -0.1 / +0.1,A,,0.5138650400681213,-0.06846439384786684,0.023751195648591406,mc_m01,mc_p01,0.09221558949645825,0.06846439384786684
puerto_montt,crustal,completeness -0.1 / +0.1,A,,0.6295117711436043,-0.07839896801105084,0.024554430677548034,mc_m01,mc_p01,0.10295339868859887,0.07839896801105084
puerto_aysen,crustal,completeness -0.1 / +0.1,A,,0.4965371669251255,-0.09100893027620405,0.07639122182947489,mc_m01,mc_p01,0.16740015210567893,0.09100893027620405
hornopiren,crustal,completeness -0.1 / +0.1,A,,0.6449488431910474,-0.02447796196353158,0.01488548993830996,mc_m01,mc_p01,0.03936345190184154,0.02447796196353158
puerto_williams,crustal,completeness -0.1 / +0.1,A,,0.10463250175814126,-0.4527575822315888,0.44676840454125344,mc_m01,mc_p01,0.8995259867728422,0.4527575822315888
calama,crustal,completeness -0.1 / +0.1,A,,0.8223624584142992,-0.03490282294712488,0.05623022945291378,mc_m01,mc_p01,0.09113305240003866,0.05623022945291378
la_serena,crustal,completeness -0.1 / +0.1,A,,1.344922471340388,-0.0054303920865472755,0.012765645180268237,mc_m01,mc_p01,0.018196037266815512,0.012765645180268237
iquique,all,truncation 2.5 / 4.0,A,,1.1133912254557354,-4.88822396845322,2.9444434315234913,trunc25,trunc40,7.832667399976711,4.88822396845322
antofagasta,all,truncation 2.5 / 4.0,A,,1.3312943409484013,-4.171572889855435,2.4090932175584445,trunc25,trunc40,6.5806661074138795,4.171572889855435
copiapo,all,truncation 2.5 / 4.0,A,,1.0248884444720445,-4.103260142302123,2.3551990796797373,trunc25,trunc40,6.45845922198186,4.103260142302123
valparaiso,all,truncation 2.5 / 4.0,A,,1.3674190687812808,-4.358593463743487,2.5906905221686927,trunc25,trunc40,6.94928398591218,4.358593463743487
santiago_centro,all,truncation 2.5 / 4.0,A,,0.8039378356778795,-4.488834948777686,2.4729495503828414,trunc25,trunc40,6.961784499160528,4.488834948777686
santiago_penalolen,all,truncation 2.5 / 4.0,A,,0.7412144731765119,-4.522601700679885,2.656851274245886,trunc25,trunc40,7.179452974925771,4.522601700679885
concepcion,all,truncation 2.5 / 4.0,A,,1.2403745163371898,-4.279596396028051,2.240619137662603,trunc25,trunc40,6.520215533690654,4.279596396028051
pucon,all,truncation 2.5 / 4.0,A,,0.5138650400681213,-3.6749637395512735,1.6955751530027152,trunc25,trunc40,5.370538892553989,3.6749637395512735
puerto_montt,all,truncation 2.5 / 4.0,A,,0.6295117711436043,-3.639440101678626,2.0621265850360615,trunc25,trunc40,5.7015666867146875,3.639440101678626
puerto_aysen,all,truncation 2.5 / 4.0,A,,0.4965371669251255,-2.2877235433403698,1.086761766409361,trunc25,trunc40,3.3744853097497307,2.2877235433403698
hornopiren,all,truncation 2.5 / 4.0,A,,0.6449488431910474,-2.301721651716737,1.0248765647649982,trunc25,trunc40,3.3265982164817354,2.301721651716737
puerto_williams,all,truncation 2.5 / 4.0,A,,0.10463250175814126,-2.272096094428344,0.8940024898505872,trunc25,trunc40,3.1660985842789313,2.272096094428344
calama,all,truncation 2.5 / 4.0,A,,0.8223624584142992,-5.449417458348327,3.247383764560241,trunc25,trunc40,8.696801222908569,5.449417458348327
la_serena,all,truncation 2.5 / 4.0,A,,1.344922471340388,-4.615506752895159,2.763022194252107,trunc25,trunc40,7.378528947147267,4.615506752895159
