site,imt,return_period,iml_total,Interface,Intraslab,Crustal,sum,split,intra_slab,slab_deep,deep_nest
antofagasta,PGA,475,1.3902837109954849,61.21689314115809,38.68917513783628,0.07464746325632966,99.9807157422507,full_ref,,,
antofagasta,PGA,2475,2.6631934009844276,63.96136325893135,36.03336085546468,0.005019353268517227,99.99974346766456,full_ref,,,
concepcion,PGA,475,1.4180990107563372,54.228504327536676,45.57261013153544,0.1836735852350016,99.98478804430712,full_ref,,,
concepcion,PGA,2475,2.666247175360423,55.84021244734442,44.14437631101675,0.012457446737915637,99.99704620509908,full_ref,,,
copiapo,PGA,475,1.0681792873583427,58.076770764616,41.256532377425266,0.6425583468493055,99.97586148889057,full_ref,,,
copiapo,PGA,2475,2.0716832448839835,59.74390191689033,40.157131700532716,0.08640434694762235,99.98743796437067,full_ref,,,
iquique,PGA,475,1.2013948297785453,36.47275736480914,61.99361863399858,1.5250884263170594,99.99146442512478,full_ref,,,
iquique,PGA,2475,2.2677983639172306,35.61412556648931,63.99295216894673,0.36288629100513176,99.96996402644116,full_ref,,,
pucon,PGA,475,0.5414244870529966,34.20703642713938,31.982711563604273,33.72627928228747,99.91602727303112,full_ref,,,
pucon,PGA,2475,0.9657210221198079,38.30430520454068,41.89597899103969,19.666748754842146,99.86703295042251,full_ref,,,
puerto_aysen,PGA,475,0.48045774866327584,4.7692413020253355,0.3798818330710304,94.84523692301552,99.99436005811188,full_ref,,,
puerto_aysen,PGA,2475,0.8679213705439908,3.652048203058084,0.42444271333171363,95.91771823505603,99.99420915144583,full_ref,,,
puerto_montt,PGA,475,0.6270522184333686,79.99903600774402,16.86321152450507,3.1196973149231653,99.98194484717226,full_ref,,,
puerto_montt,PGA,2475,1.3078607515445344,82.51811686650719,16.673092554940435,0.7894146951200642,99.98062411656768,full_ref,,,
santiago_centro,PGA,475,0.8788891880756893,40.93442251804779,57.15956477768326,1.8521370244842517,99.94612432021529,full_ref,,,
santiago_centro,PGA,2475,1.6591288906149906,40.009732080995484,59.60158019219306,0.35304448705113123,99.96435676023968,full_ref,,,
santiago_penalolen,PGA,475,0.8095567080084848,35.470484257541976,59.935630349242786,4.586312145089368,99.99242675187413,full_ref,,,
santiago_penalolen,PGA,2475,1.5141430662429765,33.72652316728037,64.06711653361332,2.1922484409113907,99.98588814180508,full_ref,,,
valparaiso,PGA,475,1.509811182452578,50.910619471110316,48.98976581598705,0.09084812164341492,99.99123340874078,full_ref,,,
valparaiso,PGA,2475,2.8195329810994223,52.39930387665107,47.59739304558595,0.0029405674510223066,99.99963748968804,full_ref,,,
antofagasta,PGA,475,1.3902974592871662,61.21563062589228,,0.07464334914384793,99.98017834153,full_classes,26.588406839464568,11.864357915865618,0.2371396111636987
antofagasta,PGA,2475,2.6632001521172204,63.96088976293333,,0.005019253506004284,99.99923508498743,full_classes,25.265339838788233,10.602534197118194,0.1654520326416873
concepcion,PGA,475,1.4181121141434003,54.227428585747894,,0.18366510168115,99.9850833133248,full_classes,33.2972266566037,12.276762969292045,0.0
concepcion,PGA,2475,2.6662544848690626,55.839748479631744,,0.01245713022340623,99.9969642876979,full_classes,32.11874621835911,12.026012459483638,0.0
copiapo,PGA,475,1.0681946858787545,58.07502492919363,,0.6425165156704103,99.97603137885925,full_classes,25.059326941142356,16.157378015984627,0.04178497686822198
copiapo,PGA,2475,2.071690336252707,59.743292939483204,,0.08640205007367585,99.98735150332567,full_classes,24.248301838628965,15.881032753354127,0.028321921785708786
iquique,PGA,475,1.201432923216584,36.47024150583897,,1.524916533176256,99.99109580424627,full_classes,30.07119025689179,31.899981726298833,0.024765782040428078
iquique,PGA,2475,2.2678192254848923,35.61314616081412,,0.3628652986451247,99.96935222308329,full_classes,32.16057948365816,31.81506468252049,0.017696597445410585
pucon,PGA,475,0.541427302396618,34.20661695478532,,33.725712241327685,99.9158168213409,full_classes,17.493504388448294,14.489983236779597,0.0
pucon,PGA,2475,0.9657232864681666,38.30403999218503,,19.666548842414162,99.86671412558287,full_classes,22.291873418741044,19.604251872242646,0.0
puerto_aysen,PGA,475,0.48045774920278045,4.769241287429664,,94.84523668595277,99.9943407125186,full_classes,0.28204829014935745,0.09781444898680923,0.0
puerto_aysen,PGA,2475,0.8679213708562705,3.6520481979750934,,95.91771811854343,99.9940926569426,full_classes,0.2970252145253153,0.12730112589876283,0.0
puerto_montt,PGA,475,0.627052894425627,79.99888463565767,,3.119686153106217,99.98195632460354,full_classes,12.152781630997236,4.710603904842419,0.0
puerto_montt,PGA,2475,1.3078611902260053,82.51804198286962,,0.7894133642712846,99.9805247065268,full_classes,11.927255869496657,4.745813489889236,0.0
santiago_centro,PGA,475,0.8789105746200455,40.932206885080035,,1.8519327055781982,99.9461798130691,full_classes,19.529322862213302,37.63271736019756,0.0
santiago_centro,PGA,2475,1.6591389736218674,40.008952283712226,,0.35303113347243337,99.96357748465402,full_classes,19.588920786860577,40.01267328060879,0.0
santiago_penalolen,PGA,475,0.8095757194863953,35.46848211378686,,4.585929210052655,99.99241193318281,full_classes,18.449142063294907,41.48885854604838,0.0
santiago_penalolen,PGA,2475,1.5141530845414735,33.725840022364636,,2.1921888329287573,99.98568106890832,full_classes,18.969070707261395,45.09858150635353,0.0
valparaiso,PGA,475,1.5098312807205656,50.909198233759554,,0.09084053484529296,99.99138446253481,full_classes,31.076963007821217,17.914382686108734,0.0
valparaiso,PGA,2475,2.81954460230374,52.39866273004545,,0.002940462605595098,99.99931380436409,full_classes,29.735209333535558,17.86250127817749,0.0
antofagasta,PGA,475,1.402618073430134,60.09952756151075,,0.07106160797255516,99.97362687820336,full_cm_classes,34.49758881816151,5.074028814647021,0.23142007591152366
antofagasta,PGA,2475,2.6786998823134343,62.88609459224859,,0.004796017642695217,99.98718290864352,full_cm_classes,33.69479107990721,3.2393644262635206,0.16213679258150576
concepcion,PGA,475,1.4717351663471492,50.074180446785896,,0.1525634234537666,99.98780815372956,full_cm_classes,45.159867400931056,4.601196882558843,0.0
concepcion,PGA,2475,2.7414349758601926,51.32663400702523,,0.00962705589503477,99.99143019613078,full_cm_classes,45.211482545287254,3.443686587923246,0.0
copiapo,PGA,475,1.045034612174463,60.791312800402295,,0.7093768894166184,99.97881926152998,full_cm_classes,23.494129909241277,14.93954364704788,0.04445601542189427
copiapo,PGA,2475,2.033729288096659,63.125740207267334,,0.09974667765723319,99.9898247368589,full_cm_classes,22.43547871692828,14.298670448982465,0.030188686023588672
iquique,PGA,475,1.1831476389916171,37.7076421425926,,1.6103637054605828,99.98297513143282,full_cm_classes,37.30233273002264,23.336793669245186,0.02584288411182653
iquique,PGA,2475,2.2295507932160485,37.47195323643127,,0.4038552817833293,99.95484310537569,full_cm_classes,41.28517130552861,20.775112660870718,0.018750620761752726
pucon,PGA,475,0.5222530196202377,37.24257532727481,,37.896089744668274,99.96611483953906,full_cm_classes,4.203939948223425,20.623509819372554,0.0
pucon,PGA,2475,0.9284179976810353,43.02960408079097,,23.329294615365665,99.74064778745485,full_cm_classes,4.715144204358775,28.666604886939446,0.0
puerto_aysen,PGA,475,0.48032368146148957,4.7728709591808025,,94.90417367102782,99.99438102247176,full_cm_classes,0.20950617184911602,0.10783022041401771,0.0
puerto_aysen,PGA,2475,0.8677807775376838,3.6543402121398385,,95.97018537391003,99.99391733712056,full_cm_classes,0.22023667125504023,0.14915507981565204,0.0
puerto_montt,PGA,475,0.6100449748076735,83.9547724697565,,3.417791345415365,99.96090583702417,full_cm_classes,7.00464325616819,5.583698765684104,0.0
puerto_montt,PGA,2475,1.2809538681855874,87.2920863385628,,0.8763586381487585,99.98614168818419,full_cm_classes,6.058015460629966,5.759681250842677,0.0
santiago_centro,PGA,475,0.8628625165922321,42.64495537549941,,2.0133036281508874,99.94428848779266,full_cm_classes,11.000731820971845,44.285297663170525,0.0
santiago_centro,PGA,2475,1.6367831213111061,41.788060498976044,,0.38413358889779453,99.96219536406643,full_cm_classes,9.969453145817255,47.82054813037534,0.0
santiago_penalolen,PGA,475,0.7965498275404158,36.85344249974461,,4.855499221864444,99.99808212883923,full_cm_classes,8.695155160829755,49.59398524640042,0.0
santiago_penalolen,PGA,2475,1.4949339696275994,35.07088746098074,,2.3103451499682706,99.97569386453542,full_cm_classes,8.07401057524643,54.52045067833997,0.0
valparaiso,PGA,475,1.4877050092797306,52.51005775063341,,0.09965622878592656,99.98355169862451,full_cm_classes,39.725247024570386,7.6485906946347955,0.0
valparaiso,PGA,2475,2.7777350385053,54.774876856051016,,0.003346096815297173,99.99452795144838,full_cm_classes,39.193928203921736,6.022376794660334,0.0
antofagasta,PGA,475,1.3098513985053937,69.31883628865084,30.552544231476293,0.10405567209535739,99.97543619222249,gmm_slab_ag,,,
antofagasta,PGA,2475,2.522497007108416,74.94726701060948,25.034314633041543,0.007681547702085664,99.98926319135312,gmm_slab_ag,,,
concepcion,PGA,475,1.3196763918581687,63.28454433493326,36.43296539921393,0.263150956283086,99.98066069043027,gmm_slab_ag,,,
concepcion,PGA,2475,2.5082635669424973,67.19645303586138,32.77724486107708,0.021942467143553575,99.99564036408202,gmm_slab_ag,,,
copiapo,PGA,475,1.0314244671195056,62.476153881630644,36.754914560168594,0.752642441990485,99.98371088378973,gmm_slab_ag,,,
copiapo,PGA,2475,2.0130177391851802,65.07958665010143,34.80465252540848,0.10799972254785023,99.99223889805776,gmm_slab_ag,,,
iquique,PGA,475,1.1466064340664857,40.37118671594438,57.8095521807636,1.800355962696,99.981094859404,gmm_slab_ag,,,
iquique,PGA,2475,2.1513319907774027,41.694082891806126,57.765761676941466,0.5055492195227606,99.96539378827036,gmm_slab_ag,,,
pucon,PGA,475,0.54353950481477,33.89396234403553,32.70222945384524,33.30378636505028,99.89997816293106,gmm_slab_ag,,,
pucon,PGA,2475,0.9769759768724202,37.015852666755954,44.1878249986487,18.703226494826495,99.90690416023115,gmm_slab_ag,,,
puerto_aysen,PGA,475,0.4804708704072488,4.768886254323921,0.38607541376185206,94.8394713775055,99.99443304559128,gmm_slab_ag,,,
puerto_aysen,PGA,2475,0.8680501813323138,3.649949860422867,0.4739286509857143,95.86968067636465,99.99355918777323,gmm_slab_ag,,,
puerto_montt,PGA,475,0.6191625935836728,81.79685781868845,14.923086725523463,3.2535892871801164,99.97353383139203,gmm_slab_ag,,,
puerto_montt,PGA,2475,1.2997087248166077,83.92591296797781,15.240971210937662,0.8146174848195772,99.98150166373505,gmm_slab_ag,,,
santiago_centro,PGA,475,0.8673729974800143,42.15322540953086,55.826262920160175,1.9662715773121853,99.94575990700322,gmm_slab_ag,,,
santiago_centro,PGA,2475,1.6498568072011035,40.73533647201962,58.864572576214016,0.3655760795568934,99.96548512779052,gmm_slab_ag,,,
santiago_penalolen,PGA,475,0.8056360654257443,35.88682134989158,59.44131192069523,4.666166267649654,99.99429953823646,gmm_slab_ag,,,
santiago_penalolen,PGA,2475,1.5197931944234373,33.3441388143956,64.48361168142796,2.1589481793453746,99.98669867516892,gmm_slab_ag,,,
valparaiso,PGA,475,1.3902120697758984,60.53095853009609,39.28421314462517,0.1524675120043118,99.96763918672556,gmm_slab_ag,,,
valparaiso,PGA,2475,2.6260987405578313,64.70798271085954,35.281411482885915,0.00543781849041494,99.99483201223588,gmm_slab_ag,,,
antofagasta,PGA,475,1.5734649213915035,47.10243570751649,52.860086797723405,0.037073679516380915,99.99959618475627,gmm_slab_pk,,,
concepcion,PGA,475,1.6041658895397886,41.24114141988682,58.65896455245706,0.0963013924447234,99.99640736478861,gmm_slab_pk,,,
copiapo,PGA,475,1.226684736948599,43.52184358262517,56.131518415277895,0.34398694555826625,99.99734894346133,gmm_slab_pk,,,
copiapo,PGA,2475,2.355772331399996,40.74767956790092,59.21269290129496,0.031850323085541456,99.99222279228141,gmm_slab_pk,,,
iquique,PGA,475,1.4404282798013555,23.739180194740417,75.50096360759959,0.7442139720516223,99.98435777439163,gmm_slab_pk,,,
iquique,PGA,2475,2.7364556486785117,19.325138950472677,80.53739673695684,0.0782255523201301,99.94076123974965,gmm_slab_pk,,,
pucon,PGA,475,0.5817272266302563,28.87901643668675,44.251354719022174,26.73933108659839,99.86970224230731,gmm_slab_pk,,,
pucon,PGA,2475,1.0550579737326689,28.831837545716173,58.111094868887434,12.730337867178875,99.67327028178248,gmm_slab_pk,,,
puerto_aysen,PGA,475,0.48092850314192886,4.756526212340661,0.5992566404089538,94.63871030593604,99.99449315868566,gmm_slab_pk,,,
puerto_aysen,PGA,2475,0.8686811726154526,3.6396928274491023,0.7184396317450333,95.63481443522332,99.99294689441746,gmm_slab_pk,,,
puerto_montt,PGA,475,0.6576146199248456,73.21404450012999,24.12835524404163,2.6402918131135142,99.98269155728514,gmm_slab_pk,,,
puerto_montt,PGA,2475,1.3727167520374353,72.39048749577837,26.95361949996764,0.6189524550476205,99.96305945079364,gmm_slab_pk,,,
santiago_centro,PGA,475,1.03086052824732,28.43348285060144,70.66317019373767,0.8843937463439424,99.98104679068305,gmm_slab_pk,,,
santiago_centro,PGA,2475,1.9367846330040923,24.312325091115984,75.54843778412175,0.13412973863963631,99.99489261387737,gmm_slab_pk,,,
santiago_penalolen,PGA,475,0.946669423826881,24.352556054523543,72.99734563787811,2.6294062859924354,99.97930797839409,gmm_slab_pk,,,
santiago_penalolen,PGA,2475,1.763240450626131,19.91772758829117,78.92272303842009,1.0925859602320172,99.93303658694327,gmm_slab_pk,,,
valparaiso,PGA,475,1.7254837938921703,37.433491184739275,62.52582837649512,0.035542704279672835,99.99486226551407,gmm_slab_pk,,,
antofagasta,PGA,475,1.280517106367036,72.67222774090202,27.147788985231376,0.11805667991692599,99.93807340605032,gmm_slab_mv,,,
antofagasta,PGA,2475,2.4234076523878554,84.2524934687408,15.719980958545426,0.010517067953517709,99.98299149523973,gmm_slab_mv,,,
concepcion,PGA,475,1.3239987810136402,62.8417824081199,36.81134467482315,0.2588844444526796,99.91201152739572,gmm_slab_mv,,,
concepcion,PGA,2475,2.427532069440311,74.20097954416308,25.751699336719508,0.029714474747876914,99.98239335563046,gmm_slab_mv,,,
copiapo,PGA,475,0.9323303098396286,75.96600577988643,22.714353167405875,1.154663724713666,99.83502267200598,gmm_slab_mv,,,
copiapo,PGA,2475,1.7964217502968483,89.13323828929047,10.483821110437708,0.22963523979109324,99.84669463951927,gmm_slab_mv,,,
iquique,PGA,475,0.98819560264187,55.70579042740368,41.22883038624434,3.045667006606193,99.98028782025422,gmm_slab_mv,,,
iquique,PGA,2475,1.7871727401060702,70.85851234929646,27.504363664837005,1.4502005758778251,99.81307659001129,gmm_slab_mv,,,
pucon,PGA,475,0.49777704590907373,41.387605720688455,14.911393678458133,43.66331370368609,99.96231310283268,gmm_slab_mv,,,
pucon,PGA,2475,0.8559643076046041,54.69820001594123,11.89808467236578,33.1808516182509,99.7771363065579,gmm_slab_mv,,,
puerto_aysen,PGA,475,0.4799731836977553,4.782377987994485,0.15247900391761157,95.05850576141556,99.99336275332766,gmm_slab_mv,,,
puerto_aysen,PGA,2475,0.8670285187199727,3.666634663647824,0.07621963768488899,96.25154979537218,99.9944040967049,gmm_slab_mv,,,
puerto_montt,PGA,475,0.60328407962788,85.61323527860846,10.763655592101008,3.5465715428193447,99.92346241352881,gmm_slab_mv,,,
puerto_montt,PGA,2475,1.2500921013396427,93.24611316669335,5.755195867027771,0.9906421963046452,99.99195123002576,gmm_slab_mv,,,
santiago_centro,PGA,475,0.720247631293389,62.12684517995505,33.25140104953499,4.3564115848923235,99.73465781438236,gmm_slab_mv,,,
santiago_centro,PGA,2475,1.3112444782627901,79.81242975706898,18.602988681599097,1.3497489808270808,99.76516741949517,gmm_slab_mv,,,
santiago_penalolen,PGA,475,0.6581446967813965,55.423641253814196,35.30388880470923,9.185335703178607,99.91286576170204,gmm_slab_mv,,,
santiago_penalolen,PGA,2475,1.1749369171058786,71.88885432243275,21.822426040521677,6.111013951295192,99.82229431424962,gmm_slab_mv,,,
valparaiso,PGA,475,1.3952711302025305,60.071550890681834,39.646111056373115,0.14903220376373422,99.86669415081869,gmm_slab_mv,,,
valparaiso,PGA,2475,2.5246831824284683,72.7337684348257,27.162061611958464,0.0076449841774592795,99.90347503096163,gmm_slab_mv,,,
antofagasta,PGA,475,1.2816120215100544,52.787073739461135,47.09253934474864,0.11749563679363065,99.99710872100341,gmm_inter_ag,,,
antofagasta,PGA,2475,2.4147684024036127,52.00290938757206,47.98486708219979,0.010815689005348345,99.99859215877721,gmm_inter_ag,,,
concepcion,PGA,475,1.3182949347010364,45.476941311575004,54.251840405176324,0.26453231427994833,99.99331403103128,gmm_inter_ag,,,
concepcion,PGA,2475,2.454125546260167,43.48419034957098,56.47828228440167,0.026860455898122478,99.98933308987077,gmm_inter_ag,,,
copiapo,PGA,475,0.9836810217256786,49.11237616410621,49.95500918830608,0.9274351264918861,99.99482047890417,gmm_inter_ag,,,
copiapo,PGA,2475,1.8798952591679876,47.263072683187524,52.55035360189634,0.17521065349106424,99.98863693857493,gmm_inter_ag,,,
iquique,PGA,475,1.1499670704183549,29.64686854016471,68.55729038266155,1.781722040138475,99.98588096296473,gmm_inter_ag,,,
iquique,PGA,2475,2.1567461518137816,26.001772222338143,73.42541308330016,0.497620996236017,99.92480630187433,gmm_inter_ag,,,
pucon,PGA,475,0.5165867838070537,25.20426778295379,35.52816345871331,39.25670853743943,99.98913977910652,gmm_inter_ag,,,
pucon,PGA,2475,0.9081559026575321,25.04223293200834,48.95686210292593,25.67129233642086,99.67038737135513,gmm_inter_ag,,,
puerto_aysen,PGA,475,0.47652282863691575,3.003625283176314,0.38759854345606104,96.59739557618194,99.98861940281431,gmm_inter_ag,,,
puerto_aysen,PGA,2475,0.8625810625132138,1.6063086808820761,0.43174629773785184,97.93705334116348,99.9751083197834,gmm_inter_ag,,,
puerto_montt,PGA,475,0.5725615571935844,75.43277147160403,20.30092762958727,4.218380736332599,99.9520798375239,gmm_inter_ag,,,
puerto_montt,PGA,2475,1.171973191627936,76.84453504399758,21.796348015362927,1.329286164900803,99.97016922426131,gmm_inter_ag,,,
santiago_centro,PGA,475,0.8260418171299007,31.50638519238737,66.00720125030158,2.4534488671815633,99.96703530987051,gmm_inter_ag,,,
santiago_centro,PGA,2475,1.5511593818710914,27.36720041578436,72.09163578743191,0.5366816332379036,99.99551783645417,gmm_inter_ag,,,
santiago_penalolen,PGA,475,0.7645246236555628,26.159492064860267,68.24736996780562,5.5687448441877665,99.97560687685365,gmm_inter_ag,,,
santiago_penalolen,PGA,2475,1.423604065577697,21.384344650470528,75.70547722384703,2.824452718930162,99.91427459324771,gmm_inter_ag,,,
valparaiso,PGA,475,1.4063195093414487,41.832757018946786,58.01327954346351,0.1418371623468163,99.98787372475711,gmm_inter_ag,,,
valparaiso,PGA,2475,2.59809341911067,39.51623442277654,60.45347007763937,0.005966255357593824,99.9756707557735,gmm_inter_ag,,,
antofagasta,PGA,475,1.289409912112461,53.47194006019901,46.407662123548796,0.11358962308405987,99.99319180683186,gmm_inter_pk,,,
antofagasta,PGA,2475,2.4654439106030273,54.83233331456498,45.15647315893886,0.009190553707814264,99.99799702721165,gmm_inter_pk,,,
concepcion,PGA,475,1.3451156057907956,48.04498185731797,51.703372305147276,0.2391960574235266,99.98755021988877,gmm_inter_pk,,,
concepcion,PGA,2475,2.538663638136068,48.905211909005224,51.07007355959547,0.01962433551499058,99.9949098041157,gmm_inter_pk,,,
copiapo,PGA,475,1.0436507115019469,55.70720502274574,43.56019540188106,0.7136349266930403,99.98103535131985,gmm_inter_pk,,,
copiapo,PGA,2475,2.029863033152621,57.35396487304551,42.532937139158356,0.10123165845653784,99.98813367066042,gmm_inter_pk,,,
iquique,PGA,475,1.1569988500009076,30.63957805126431,67.60259144391627,1.7435250158488083,99.98569451102938,gmm_inter_pk,,,
iquique,PGA,2475,2.19055569148823,29.13780609152643,70.36341848421796,0.4512494605435653,99.95247403628795,gmm_inter_pk,,,
pucon,PGA,475,0.5564994917471443,38.94552518709217,30.075668774923358,30.86063424148162,99.88182820349715,gmm_inter_pk,,,
pucon,PGA,2475,1.0041326209538723,45.56294880645194,37.89277276899932,16.48340477656613,99.9391263520174,gmm_inter_pk,,,
puerto_aysen,PGA,475,0.48459290547499834,6.571883051183802,0.3720036759250271,93.05315451855523,99.99704124566406,gmm_inter_pk,,,
puerto_aysen,PGA,2475,0.8736134628902688,5.757139794246475,0.416842006869128,93.82438799913965,99.99836980025525,gmm_inter_pk,,,
puerto_montt,PGA,475,0.6096148240353709,78.67212559862801,17.862268465839456,3.4258017199145367,99.96019578438201,gmm_inter_pk,,,
puerto_montt,PGA,2475,1.2903363590831811,81.88912915381927,17.250105125155255,0.8447954936300408,99.98402977260457,gmm_inter_pk,,,
santiago_centro,PGA,475,0.8889633370222351,42.51642405661755,55.6675988716857,1.7588640124997457,99.94288694080299,gmm_inter_pk,,,
santiago_centro,PGA,2475,1.6861639357694063,42.7131317026064,56.93910700070878,0.3192561411383177,99.97149484445349,gmm_inter_pk,,,
santiago_penalolen,PGA,475,0.8240892075567586,38.217438999277185,57.46098982142664,4.305162020557095,99.98359084126092,gmm_inter_pk,,,
santiago_penalolen,PGA,2475,1.5503168258381523,37.93081848886539,60.079911847999334,1.9878184996842931,99.99854883654902,gmm_inter_pk,,,
valparaiso,PGA,475,1.4449189380766536,45.47274544230883,54.39125376064592,0.11967788390951106,99.98367708686426,gmm_inter_pk,,,
valparaiso,PGA,2475,2.7017561515708626,46.07183081619202,53.92028569897525,0.004253294846650933,99.99636981001392,gmm_inter_pk,,,
antofagasta,PGA,475,1.5971454271322996,72.40448702941167,27.551338984659758,0.03380247666074209,99.98962849073216,gmm_inter_ku,,,
concepcion,PGA,475,1.5868646492842757,65.1951924944803,34.695296896876584,0.1025761614736288,99.99306555283052,gmm_inter_ku,,,
concepcion,PGA,2475,2.9776622317172716,68.20493965601153,31.790166115461734,0.004474999158452313,99.99958077063171,gmm_inter_ku,,,
copiapo,PGA,475,1.1792045493311294,66.82559986345655,32.738187825821655,0.41111760380520784,99.97490529308341,gmm_inter_ku,,,
copiapo,PGA,2475,2.284816238306424,69.4827843906382,30.471775868831273,0.04038894752663665,99.99494920699611,gmm_inter_ku,,,
iquique,PGA,475,1.2929880278532966,46.75083049568831,52.08530607901982,1.15148034005948,99.98761691476761,gmm_inter_ku,,,
iquique,PGA,2475,2.44228406984132,47.68426278774901,52.08676972944107,0.21855222163706475,99.98958473882716,gmm_inter_ku,,,
pucon,PGA,475,0.5519801704799132,37.585768761526985,30.62971277075785,31.68508814362742,99.90056967591225,gmm_inter_ku,,,
pucon,PGA,2475,0.9838107075901171,41.8284015153171,39.971198289665466,18.146412255709127,99.94601206069169,gmm_inter_ku,,,
puerto_aysen,PGA,475,0.48034088095863753,4.717465859035962,0.3801078880895001,94.89660969928919,99.99418344641465,gmm_inter_ku,,,
puerto_aysen,PGA,2475,0.8676731335270029,3.558377007539657,0.4247784668225714,96.01038160809864,99.99353708246088,gmm_inter_ku,,,
puerto_montt,PGA,475,0.6965862747373686,84.31986183732488,13.500721172080224,2.1390229921668884,99.95960600157198,gmm_inter_ku,,,
puerto_montt,PGA,2475,1.4474973000936988,86.60082649725685,12.909362165665852,0.47409954339523946,99.98428820631794,gmm_inter_ku,,,
santiago_centro,PGA,475,0.9228364766036999,47.427273921677184,51.04048573032273,1.484568185898728,99.95232783789864,gmm_inter_ku,,,
santiago_centro,PGA,2475,1.735655033026145,47.237482270987066,52.46734248890695,0.26665134455406864,99.97147610444809,gmm_inter_ku,,,
santiago_penalolen,PGA,475,0.8384922871500913,40.78153231890641,55.149368544100355,4.047940095621441,99.97884095862821,gmm_inter_ku,,,
santiago_penalolen,PGA,2475,1.564136217676022,39.538795179442666,58.54280455195546,1.9074501183414072,99.98904984973953,gmm_inter_ku,,,
valparaiso,PGA,475,1.6684405277352785,61.75955046244902,38.17608681417232,0.045278203196245856,99.9809154798176,gmm_inter_ku,,,
antofagasta,PGA,475,1.390130284684351,61.23098500221109,38.69948768883928,0.052236430048706796,99.98270912109908,gmm_crust_ask,,,
antofagasta,PGA,2475,2.6631897263253563,63.961620986025736,36.03350628982653,0.004505591191483682,99.99963286704376,gmm_crust_ask,,,
concepcion,PGA,475,1.4178299169786441,54.25060289768994,45.59327350828191,0.14266331254485146,99.98653971851671,gmm_crust_ask,,,
concepcion,PGA,2475,2.6662238679988906,55.841691905731984,44.1455232297387,0.0073148874656098276,99.99453002293629,gmm_crust_ask,,,
copiapo,PGA,475,1.0675286447508068,58.15060960609004,41.31536783345576,0.5098534360399649,99.97583087558577,gmm_crust_ask,,,
copiapo,PGA,2475,2.071537105803686,59.75645358333055,40.16511691470978,0.0687906955325834,99.99036119357291,gmm_crust_ask,,,
iquique,PGA,475,1.2010024630094003,36.49868575311769,62.040215721629124,1.4543396808364806,99.99324115558329,gmm_crust_ask,,,
iquique,PGA,2475,2.268415482967366,35.585168344915864,63.94528871023937,0.44486248666834144,99.97531954182358,gmm_crust_ask,,,
pucon,PGA,475,0.534637886455729,35.239898142852844,32.89872742720246,31.791402140122955,99.93002771017825,gmm_crust_ask,,,
pucon,PGA,2475,0.9587781418440576,39.129189857962956,42.66909068290709,18.044771409880635,99.84305195075069,gmm_crust_ask,,,
puerto_aysen,PGA,475,0.4604778175197522,5.354689121268901,0.42146061310918664,94.21929214152824,99.99544187590632,gmm_crust_ask,,,
puerto_aysen,PGA,2475,0.8306515033732098,4.328705402676057,0.47919294177310273,95.18878998672356,99.99668833117272,gmm_crust_ask,,,
puerto_montt,PGA,475,0.6263523786352978,80.15598981989261,16.9016861796893,2.9198542965670313,99.97753029614893,gmm_crust_ask,,,
puerto_montt,PGA,2475,1.3069792618538272,82.6687768167142,16.70146784178058,0.6139281970229945,99.98417285551778,gmm_crust_ask,,,
santiago_centro,PGA,475,0.8775130125695503,41.07735988446795,57.36780574135476,1.4843679887742292,99.92953361459693,gmm_crust_ask,,,
santiago_centro,PGA,2475,1.658443125916414,40.06281442151461,59.671287517682394,0.2401373027227933,99.97423924191979,gmm_crust_ask,,,
santiago_penalolen,PGA,475,0.8084242431528512,35.59003617438141,60.13479866150539,4.267277422836309,99.99211225872313,gmm_crust_ask,,,
santiago_penalolen,PGA,2475,1.5139310926781104,33.74098188873519,64.09140361859687,2.1575507034663217,99.98993621079839,gmm_crust_ask,,,
valparaiso,PGA,475,1.5095542571855018,50.92879295756679,49.009618801524915,0.05368131503547408,99.99209307412718,gmm_crust_ask,,,
valparaiso,PGA,2475,2.8195237917052687,52.39981086672828,47.5978465111768,0.0017578932584690946,99.99941527116356,gmm_crust_ask,,,
antofagasta,PGA,475,1.3906998906880277,61.178692135814025,38.661221181111344,0.13410250905393112,99.9740158259793,gmm_crust_bssa,,,
antofagasta,PGA,2475,2.6631554153918477,63.96402749609125,36.034864273836746,0.0,99.998891769928,gmm_crust_bssa,,,
concepcion,PGA,475,1.4186108467945104,54.18650764692061,45.53334354189065,0.2594710897387151,99.97932227854997,gmm_crust_bssa,,,
concepcion,PGA,2475,2.6661439902803568,55.8467626203089,44.149454189149715,0.0,99.99621680945862,gmm_crust_bssa,,,
copiapo,PGA,475,1.0696728421253523,57.90779721131886,41.12192692190083,0.9397591030637923,99.96948323628348,gmm_crust_bssa,,,
copiapo,PGA,2475,2.071700936951916,59.742382610730814,40.15616513074329,0.06542764902630947,99.96397539050041,gmm_crust_bssa,,,
iquique,PGA,475,1.2005588797121967,36.52803105603923,62.09295580234189,1.3644352031514069,99.98542206153252,gmm_crust_bssa,,,
iquique,PGA,2475,2.265618322658666,35.71667227823123,64.16171746672951,0.05507682614555226,99.9334665711063,gmm_crust_bssa,,,
pucon,PGA,475,0.5394245122899525,34.5068841896999,32.24878089184534,33.16869359068721,99.92435867223246,gmm_crust_bssa,,,
pucon,PGA,2475,0.9649766321590904,38.39162546626968,41.97792960243011,19.502002681282704,99.87155774998249,gmm_crust_bssa,,,
puerto_aysen,PGA,475,0.49811810930635114,4.322289090615874,0.3477860633465996,95.32461272200419,99.99468787596666,gmm_crust_bssa,,,
puerto_aysen,PGA,2475,0.9145768503323358,2.9817400501196447,0.36724841677429015,96.64328707157574,99.99227553846967,gmm_crust_bssa,,,
puerto_montt,PGA,475,0.6297559643441026,79.39717559759794,16.71578888538582,3.87557801592436,99.98854249890812,gmm_crust_bssa,,,
puerto_montt,PGA,2475,1.3094475348489438,82.24785798492483,16.622183185568556,1.0980028829800268,99.96804405347342,gmm_crust_bssa,,,
santiago_centro,PGA,475,0.8835800741567752,40.45258241182164,56.457820377223214,3.035178246242378,99.94558103528723,gmm_crust_bssa,,,
santiago_centro,PGA,2475,1.660614711467953,39.89503668702742,59.45092566586925,0.5797722585199433,99.9257346114166,gmm_crust_bssa,,,
santiago_penalolen,PGA,475,0.8127613767111025,35.13524067331466,59.377079553146686,5.471325867151284,99.98364609361263,gmm_crust_bssa,,,
santiago_penalolen,PGA,2475,1.5123064667537987,33.8520711760695,64.27796610272311,1.839029457050453,99.96906673584307,gmm_crust_bssa,,,
valparaiso,PGA,475,1.5104792166644267,50.86341120642183,48.93819928910631,0.18559167041743133,99.98720216594558,gmm_crust_bssa,,,
valparaiso,PGA,2475,2.8195030179040974,52.4009570068643,47.59887164949079,0.0,99.99982865635509,gmm_crust_bssa,,,
antofagasta,PGA,475,1.3903809650017733,61.20796306541051,38.68264022168311,0.09075559937849986,99.98135888647212,gmm_crust_cb,,,
antofagasta,PGA,2475,2.6632775802916955,63.955459613450216,36.0300294523468,0.013761169895690624,99.99925023569271,gmm_crust_cb,,,
concepcion,PGA,475,1.4186165765535637,54.18603778418218,45.53290424303707,0.2651416564468473,99.9840836836661,gmm_crust_cb,,,
concepcion,PGA,2475,2.666478180179723,55.825552001154065,44.13301107928231,0.03660607357988002,99.99516915401625,gmm_crust_cb,,,
copiapo,PGA,475,1.069241209255341,57.95655522390631,41.1607629883113,0.8561769834987578,99.97349519571637,gmm_crust_cb,,,
copiapo,PGA,2475,2.0722896023775688,59.691860389304864,40.12402256894039,0.17300766510055932,99.98889062334581,gmm_crust_cb,,,
iquique,PGA,475,1.2042886321909232,36.282356965607335,61.65149993644857,2.058734567137663,99.99259146919357,gmm_crust_cb,,,
iquique,PGA,2475,2.2703229312335873,35.49586311928019,63.79827218826763,0.6779617001929596,99.97209700774079,gmm_crust_cb,,,
pucon,PGA,475,0.5737705318777693,29.832317745133057,28.086743400438323,41.996516928345464,99.91557807391683,gmm_crust_cb,,,
pucon,PGA,2475,1.002903281031342,34.163653884486536,38.01934820957951,27.76289237141112,99.94589446547715,gmm_crust_cb,,,
puerto_aysen,PGA,475,0.5349193004044381,3.516632545408522,0.2909598979250366,96.18862361598696,99.99621605932052,gmm_crust_cb,,,
puerto_aysen,PGA,2475,0.9547825755134054,2.524116701201271,0.32607043723331786,97.14581047510389,99.99599761353848,gmm_crust_cb,,,
puerto_montt,PGA,475,0.6301038304238226,79.3202563160868,16.696960922555363,3.9648199096498216,99.98203714829198,gmm_crust_cb,,,
puerto_montt,PGA,2475,1.3094844934046772,82.24157770949476,16.621000018722956,1.1171460927251842,99.9797238209429,gmm_crust_cb,,,
santiago_centro,PGA,475,0.8801098585829755,40.80823954418089,56.975759010584326,2.1459406061811532,99.92993916094638,gmm_crust_cb,,,
santiago_centro,PGA,2475,1.6596690531874276,39.967985172662154,59.5467507794568,0.45728554022521056,99.97202149234417,gmm_crust_cb,,,
santiago_penalolen,PGA,475,0.813299947840139,35.07934108364324,59.28393786672911,5.6283609211108585,99.9916398714832,gmm_crust_cb,,,
santiago_penalolen,PGA,2475,1.520015485594144,33.329212659518895,63.3992596455933,3.262043313198663,99.99051561831085,gmm_crust_cb,,,
valparaiso,PGA,475,1.5099085826782799,50.90373241695198,48.98224254656318,0.10473945503844016,99.99071441855361,gmm_crust_cb,,,
valparaiso,PGA,2475,2.819602110438632,52.395490136970956,47.593981931925605,0.009571032717616185,99.99904310161418,gmm_crust_cb,,,
antofagasta,PGA,475,1.3899226349242428,61.250064812701176,38.71345106276942,0.020983112839272983,99.98449898830987,gmm_crust_cy,,,
antofagasta,PGA,2475,2.663150865506452,63.96434662638374,36.03504435778896,0.0005924990869640282,99.99998348325965,gmm_crust_cy,,,
concepcion,PGA,475,1.4173359540438621,54.29120259752172,45.63123892713914,0.06645553926680652,99.98889706392767,gmm_crust_cy,,,
concepcion,PGA,2475,2.6661425208879863,55.84685590449623,44.14952650558214,0.0022284167845008592,99.99861082686287,gmm_crust_cy,,,
copiapo,PGA,475,1.0662576497674863,58.29525117669368,41.43064583269279,0.2580421840944454,99.98393919348092,gmm_crust_cy,,,
copiapo,PGA,2475,2.0712042962031973,59.78505125037965,40.18331005959743,0.02473982824302629,99.99310113822011,gmm_crust_cy,,,
iquique,PGA,475,1.199717665237473,36.58377637999384,62.1931493529059,1.2163537780169411,99.99327951091668,gmm_crust_cy,,,
iquique,PGA,2475,2.266826660850515,35.65978479304869,64.068100447071,0.24217297061109536,99.97005821073078,gmm_crust_cy,,,
pucon,PGA,475,0.5149938730753425,38.49249766550209,35.774653301606676,25.724098125519273,99.99124909262804,gmm_crust_cy,,,
pucon,PGA,2475,0.9306833045469918,42.721057729710935,46.009303079698185,10.972084187464818,99.70244499687394,gmm_crust_cy,,,
puerto_aysen,PGA,475,0.42560539640913925,6.636947663605508,0.5109666479883048,92.85124283776575,99.99915714935956,gmm_crust_cy,,,
puerto_aysen,PGA,2475,0.7526593905253658,6.161138017399155,0.6251555580325497,93.21236845128844,99.99866202672014,gmm_crust_cy,,,
puerto_montt,PGA,475,0.6218958509984117,81.16690453162133,17.149787145669137,1.6629515969755875,99.97964327426605,gmm_crust_cy,,,
puerto_montt,PGA,2475,1.3055075905098843,82.92114856636644,16.74899165435497,0.31910672200891993,99.98924694273033,gmm_crust_cy,,,
santiago_centro,PGA,475,0.8742424301696604,41.41997829713759,57.86708373902868,0.683926689649499,99.97098872581577,gmm_crust_cy,,,
santiago_centro,PGA,2475,1.6577749277924938,40.11462590961172,59.73931542627522,0.12301390051748771,99.97695523640442,gmm_crust_cy,,,
santiago_penalolen,PGA,475,0.8036016430855644,36.105590376534515,60.993584294708945,2.8993928390654595,99.99856751030892,gmm_crust_cy,,,
santiago_penalolen,PGA,2475,1.5102865868264468,33.9908650131223,64.51095593334328,1.485280987477352,99.98710193394294,gmm_crust_cy,,,
valparaiso,PGA,475,1.5092995302378458,50.94682041012807,49.02931320428884,0.018874629633482822,99.9950082440504,gmm_crust_cy,,,
valparaiso,PGA,2475,2.8195029898347093,52.40095855553054,47.59887303467295,7.129516440794893e-06,99.99983871971993,gmm_crust_cy,,,
antofagasta,PGA,475,1.2322419553681419,65.47842945629534,34.484650284904674,0.0330951892462829,99.9961749304463,full_tr20,,,
antofagasta,PGA,2475,2.1972902119335056,65.96109750109923,34.01273323289652,0.00033850692080872525,99.97416924091657,full_tr20,,,
concepcion,PGA,475,1.2510566049043783,58.263782155483526,41.64048014224067,0.0937310368408956,99.99799333456508,full_tr20,,,
concepcion,PGA,2475,2.171254600686316,56.92966530335727,43.00534554510226,0.0,99.93501084845953,full_tr20,,,
copiapo,PGA,475,0.9523458825716857,62.45698591994343,37.05313430887976,0.4635652253959868,99.97368545421917,full_tr20,,,
copiapo,PGA,2475,1.7170511655117127,60.19813155717158,39.638072078027314,0.02088096261377443,99.85708459781267,full_tr20,,,
iquique,PGA,475,1.0412329768503636,39.21172959651033,59.12137141620476,1.6353067360663494,99.96840774878144,full_tr20,,,
iquique,PGA,2475,1.85456041434691,34.864133662563916,64.96675550894729,0.06550435831231058,99.89639352982351,full_tr20,,,
pucon,PGA,475,0.4824044814983749,34.52548629876296,29.57516262113903,35.808394598018054,99.90904351792004,full_tr20,,,
pucon,PGA,2475,0.7932377784103959,36.700799694980304,44.573173640864475,18.631310068646624,99.9052834044914,full_tr20,,,
puerto_aysen,PGA,475,0.4479734950581441,3.2792678661247714,0.2805994065921787,96.41036536099439,99.97023263371133,full_tr20,,,
puerto_aysen,PGA,2475,0.7831682414498959,1.2305137392163827,0.31235299722003407,98.44274923414127,99.9856159705777,full_tr20,,,
puerto_montt,PGA,475,0.569922488260104,82.14500837916158,15.20894618433302,2.592636635823799,99.94659119931839,full_tr20,,,
puerto_montt,PGA,2475,1.1238752795949511,83.49174746033626,15.90575782009902,0.5477149464873631,99.94522022692263,full_tr20,,,
santiago_centro,PGA,475,0.7704470420439344,44.915282210515365,53.71178575827845,1.3412671350137506,99.96833510380758,full_tr20,,,
santiago_centro,PGA,2475,1.3558614676163114,36.956666262852025,62.4395880153582,0.2020748312991324,99.59832910950935,full_tr20,,,
santiago_penalolen,PGA,475,0.705332124330057,38.47728409197059,57.02255147838217,4.484013096672288,99.98384866702504,full_tr20,,,
santiago_penalolen,PGA,2475,1.2375517015072024,29.769454165612636,67.52075879773753,2.695104498496493,99.98531746184666,full_tr20,,,
valparaiso,PGA,475,1.3214718801648393,55.219956442058525,44.750553687277986,0.022210096396834425,99.99272022573334,full_tr20,,,
valparaiso,PGA,2475,2.2912560393171115,53.1969907517624,46.76248727775404,0.0,99.95947802951645,full_tr20,,,
antofagasta,PGA,475,1.3324301637156672,62.97959812126803,36.95141559290722,0.05185973134263338,99.98287344551788,full_tr25,,,
antofagasta,PGA,2475,2.4975488881634735,65.51674358684718,34.47820108313937,0.002279041739580756,99.99722371172614,full_tr25,,,
concepcion,PGA,475,1.3570296958821941,55.879050342969315,43.960955409892236,0.14198180204876124,99.9819875549103,full_tr25,,,
concepcion,PGA,2475,2.4886403246471587,57.16448846863208,42.82346718928762,0.00413153677438908,99.9920871946941,full_tr25,,,
copiapo,PGA,475,1.0273171263085683,59.91873756921843,39.511209536647975,0.5558598041424022,99.9858069100088,full_tr25,,,
copiapo,PGA,2475,1.9512977317943307,61.12020615024654,38.827417995352036,0.04350765347248108,99.99113179907106,full_tr25,,,
iquique,PGA,475,1.1413229564670384,37.62181618859082,60.78409124244896,1.5759312282836189,99.9818386593234,full_tr25,,,
iquique,PGA,2475,2.1073976014367797,36.01295797260706,63.70068079159833,0.1881653996067251,99.90180416381213,full_tr25,,,
pucon,PGA,475,0.5215281741013489,34.53922382074005,30.88461000039028,34.53753774815696,99.96137156928728,full_tr25,,,
pucon,PGA,2475,0.9001331721211303,38.13912167195615,42.39643020515314,18.90354781686197,99.43909969397126,full_tr25,,,
puerto_aysen,PGA,475,0.46929527852392283,4.262187637661768,0.3383848860048719,95.38787874237039,99.98845126603703,full_tr25,,,
puerto_aysen,PGA,2475,0.8386209278117371,2.5423217385027193,0.3708351785402192,97.06842239877706,99.98157931582,full_tr25,,,
puerto_montt,PGA,475,0.6069537766681655,80.8965419450861,16.201120126344485,2.8614700607421684,99.95913213217275,full_tr25,,,
puerto_montt,PGA,2475,1.2482211262681573,83.25430529355575,16.073274362596017,0.6684551746539795,99.99603483080574,full_tr25,,,
santiago_centro,PGA,475,0.8392823333945745,42.69750374731171,55.699720136128995,1.5660565741341848,99.96328045757488,full_tr25,,,
santiago_centro,PGA,2475,1.5508594470076702,40.39351939811209,59.3514099360852,0.24936509578813235,99.99429442998542,full_tr25,,,
santiago_penalolen,PGA,475,0.7713594717364164,36.92542315890391,58.668622609884004,4.389627964722869,99.98367373351077,full_tr25,,,
santiago_penalolen,PGA,2475,1.4061626703328425,33.09433042960699,64.45491099242349,2.3389806826447774,99.88822210467526,full_tr25,,,
valparaiso,PGA,475,1.4404168574106404,52.71181141302307,47.22136843066982,0.048055391350369334,99.98123523504327,full_tr25,,,
valparaiso,PGA,2475,2.621908750113966,53.6308647892051,46.35672763132725,0.0007263528193334139,99.98831877335168,full_tr25,,,
antofagasta,PGA,475,1.425051390504778,59.86534913338563,39.99934786112731,0.11879140807161777,99.98348840258456,full_tr40,,,
antofagasta,PGA,2475,2.762838887493136,62.17349962062596,37.81221070295121,0.013649705106932997,99.9993600286841,full_tr40,,,
concepcion,PGA,475,1.4540218327861167,52.99349065613094,46.75826215666441,0.23688111922374452,99.98863393201908,full_tr40,,,
concepcion,PGA,2475,2.7728460992184814,54.17560100510384,45.78409198237153,0.03797526949144813,99.99766825696682,full_tr40,,,
copiapo,PGA,475,1.0927817673492535,56.74823512548417,42.47406908891271,0.7539362976334405,99.97624051203032,full_tr40,,,
copiapo,PGA,2475,2.142098241861279,58.02557686698153,41.811564784831866,0.15351434966843014,99.99065600148182,full_tr40,,,
iquique,PGA,475,1.238766998840599,35.54634457761509,62.91874812070636,1.5342798106328688,99.99937250895432,full_tr40,,,
iquique,PGA,2475,2.372074957136958,34.616813554306596,64.9077955855262,0.4704805186446909,99.99508965847748,full_tr40,,,
pucon,PGA,475,0.5522543879361692,33.88882534871364,32.86376702600886,33.15738589255762,99.90997826728011,full_tr40,,,
pucon,PGA,2475,1.002875553887131,37.72053871113621,42.30548963152815,19.93984153839686,99.96586988106121,full_tr40,,,
puerto_aysen,PGA,475,0.48567267244099244,5.050358295891623,0.41264849270197435,94.53333992248008,99.99634671107368,full_tr40,,,
puerto_aysen,PGA,2475,0.8839291747932153,4.358457886288765,0.4732804011093083,95.1671268877122,99.99886517511027,full_tr40,,,
puerto_montt,PGA,475,0.6382165758967779,79.3468098860254,17.33188141031562,3.3182709993712303,99.99696229571225,full_tr40,,,
puerto_montt,PGA,2475,1.3397788851014818,81.71572928047482,17.285410187334428,0.9770730269446009,99.97821249475385,full_tr40,,,
santiago_centro,PGA,475,0.9034497175427062,39.600961180208714,58.165052796924584,2.1904473761805274,99.95646135331383,full_tr40,,,
santiago_centro,PGA,2475,1.7268280293110307,38.665380939669994,60.7556104977723,0.5470290741085025,99.9680205115508,full_tr40,,,
santiago_penalolen,PGA,475,0.8321779291591426,34.2447228295201,60.84253656281475,4.894035421942857,99.98129481427772,full_tr40,,,
santiago_penalolen,PGA,2475,1.5781473203496708,32.716949590874286,64.97889910428681,2.288225800089848,99.98407449525094,full_tr40,,,
valparaiso,PGA,475,1.5514883216332966,49.52318493939451,50.306116849858725,0.1702221967522374,99.99952398600547,full_tr40,,,
valparaiso,PGA,2475,2.9393231393093724,50.578378791750254,49.40600506908287,0.014951655789718386,99.99933551662285,full_tr40,,,
antofagasta,PGA,475,1.4184787890599797,63.06907020129113,36.85812226191148,0.06674476234789042,99.99393722555051,full_iftree,,,
antofagasta,PGA,2475,2.638738015886312,62.969885599173104,37.01895534619095,0.005395820972643006,99.99423676633668,full_iftree,,,
concepcion,PGA,475,1.3920994271373324,52.153558558877435,47.63217064514671,0.20147380872779275,99.98720301275193,full_iftree,,,
concepcion,PGA,2475,2.612262985133358,53.06902762578398,46.9113308526608,0.015057819455528039,99.9954162979003,full_iftree,,,
copiapo,PGA,475,1.0379622735437162,55.13716482810791,44.1206116217932,0.7314686230869927,99.98924507298811,full_iftree,,,
copiapo,PGA,2475,1.9491085100541372,52.16324418218444,47.689035338963215,0.1387512852247729,99.99103080637244,full_iftree,,,
iquique,PGA,475,1.2529981705431823,42.478154755323935,56.21156789290277,1.3073930073431934,99.9971156555699,full_iftree,,,
iquique,PGA,2475,2.311535567467518,38.9147392053154,60.731413543922045,0.3218091856275833,99.96796193486503,full_iftree,,,
pucon,PGA,475,0.5329987474998026,31.32786909261388,33.12565574220335,35.48080720710326,99.9343320419205,full_iftree,,,
pucon,PGA,2475,0.9505455417812395,35.129399802789855,43.611843750456416,21.064639575725103,99.80588312897137,full_iftree,,,
puerto_aysen,PGA,475,0.48695958821071855,7.581377918765127,0.3675980091631744,92.04950933488195,99.99848526281025,full_iftree,,,
puerto_aysen,PGA,2475,0.8767204161627067,6.8789626313443,0.4127713174761442,92.70672905463529,99.99846300345574,full_iftree,,,
puerto_montt,PGA,475,0.6354528275375179,80.5958368132598,16.411385609142503,2.984907778533032,99.99213020093532,full_iftree,,,
puerto_montt,PGA,2475,1.3337025134034128,83.3925175353901,15.870302448576028,0.7154762553904659,99.9782962393566,full_iftree,,,
santiago_centro,PGA,475,0.8660693728313792,38.82835303927533,59.14228044031016,1.9797257524814975,99.95035923206699,full_iftree,,,
santiago_centro,PGA,2475,1.621847589592999,35.991836052353825,63.55712280975805,0.4066871943189828,99.95564605643085,full_iftree,,,
santiago_penalolen,PGA,475,0.7972756776379374,33.02516413858723,62.133075192562124,4.840750565722696,99.99898989687206,full_iftree,,,
santiago_penalolen,PGA,2475,1.4802873219954724,29.444845859519013,68.11173426122753,2.405743397993216,99.96232351873975,full_iftree,,,
valparaiso,PGA,475,1.495925160795141,49.81722512785169,50.07935967570949,0.09627002665030404,99.99285483021148,full_iftree,,,
valparaiso,PGA,2475,2.762263979457383,49.45162697832024,50.53988017819291,0.003511724071338713,99.9950188805845,full_iftree,,,
